ISO-10303-21;
HEADER;
/* Generated by software containing ST-Developer
 * from STEP Tools, Inc. (www.steptools.com) 
 */
/* OPTION: strings as raw bytes, not using required /X/ escapes */

FILE_DESCRIPTION(
/* description */ ('Unknown'),
/* implementation_level */ '2;1');

FILE_NAME(
/* name */ 'pinheader female 1x8',
/* time_stamp */ '2024-03-01T03:59:50-03:00',
/* author */ ('Unknown'),
/* organization */ ('Unknown'),
/* preprocessor_version */ 'ST-DEVELOPER v16.7',
/* originating_system */ 'DEX',
/* authorisation */ $);

FILE_SCHEMA (('AUTOMOTIVE_DESIGN {1 0 10303 214 3 1 1}'));
ENDSEC;

DATA;
#10=PROPERTY_DEFINITION_REPRESENTATION(#14,#12);
#11=PROPERTY_DEFINITION_REPRESENTATION(#15,#13);
#12=REPRESENTATION('',(#16),#5053);
#13=REPRESENTATION('',(#17),#5053);
#14=PROPERTY_DEFINITION('pmi validation property','',#5060);
#15=PROPERTY_DEFINITION('pmi validation property','',#5060);
#16=VALUE_REPRESENTATION_ITEM('number of annotations',COUNT_MEASURE(0.));
#17=VALUE_REPRESENTATION_ITEM('number of views',COUNT_MEASURE(0.));
#18=CONTEXT_DEPENDENT_SHAPE_REPRESENTATION(#22,#5062);
#19=CONTEXT_DEPENDENT_SHAPE_REPRESENTATION(#23,#5063);
#20=NEXT_ASSEMBLY_USAGE_OCCURRENCE('1x4','1x4','1x4',#5064,#5065,'');
#21=NEXT_ASSEMBLY_USAGE_OCCURRENCE('1x4','1x4','1x4',#5064,#5065,'');
#22=(
REPRESENTATION_RELATIONSHIP(' ',' ',#3398,#3399)
REPRESENTATION_RELATIONSHIP_WITH_TRANSFORMATION(#24)
SHAPE_REPRESENTATION_RELATIONSHIP()
);
#23=(
REPRESENTATION_RELATIONSHIP(' ',' ',#3398,#3399)
REPRESENTATION_RELATIONSHIP_WITH_TRANSFORMATION(#25)
SHAPE_REPRESENTATION_RELATIONSHIP()
);
#24=ITEM_DEFINED_TRANSFORMATION(' ',' ',#3400,#3555);
#25=ITEM_DEFINED_TRANSFORMATION(' ',' ',#3400,#3556);
#26=CYLINDRICAL_SURFACE('',#3492,0.32);
#27=CYLINDRICAL_SURFACE('',#3512,0.32);
#28=CYLINDRICAL_SURFACE('',#3532,0.32);
#29=CYLINDRICAL_SURFACE('',#3552,0.320000000000001);
#30=CIRCLE('',#3476,0.32);
#31=CIRCLE('',#3478,0.32);
#32=CIRCLE('',#3496,0.32);
#33=CIRCLE('',#3498,0.32);
#34=CIRCLE('',#3516,0.32);
#35=CIRCLE('',#3518,0.32);
#36=CIRCLE('',#3536,0.320000000000001);
#37=CIRCLE('',#3538,0.320000000000001);
#38=SHAPE_REPRESENTATION_RELATIONSHIP('','',#3398,#39);
#39=ADVANCED_BREP_SHAPE_REPRESENTATION('',(#3391,#3392,#3393,#3394,#3395),
#5054);
#40=DRAUGHTING_PRE_DEFINED_COLOUR('black');
#41=ORIENTED_EDGE('',*,*,#825,.F.);
#42=ORIENTED_EDGE('',*,*,#826,.T.);
#43=ORIENTED_EDGE('',*,*,#827,.T.);
#44=ORIENTED_EDGE('',*,*,#828,.T.);
#45=ORIENTED_EDGE('',*,*,#829,.T.);
#46=ORIENTED_EDGE('',*,*,#830,.T.);
#47=ORIENTED_EDGE('',*,*,#831,.T.);
#48=ORIENTED_EDGE('',*,*,#832,.T.);
#49=ORIENTED_EDGE('',*,*,#833,.T.);
#50=ORIENTED_EDGE('',*,*,#834,.T.);
#51=ORIENTED_EDGE('',*,*,#835,.T.);
#52=ORIENTED_EDGE('',*,*,#836,.T.);
#53=ORIENTED_EDGE('',*,*,#837,.F.);
#54=ORIENTED_EDGE('',*,*,#838,.T.);
#55=ORIENTED_EDGE('',*,*,#828,.F.);
#56=ORIENTED_EDGE('',*,*,#839,.T.);
#57=ORIENTED_EDGE('',*,*,#840,.T.);
#58=ORIENTED_EDGE('',*,*,#841,.F.);
#59=ORIENTED_EDGE('',*,*,#842,.F.);
#60=ORIENTED_EDGE('',*,*,#843,.T.);
#61=ORIENTED_EDGE('',*,*,#844,.T.);
#62=ORIENTED_EDGE('',*,*,#839,.F.);
#63=ORIENTED_EDGE('',*,*,#827,.F.);
#64=ORIENTED_EDGE('',*,*,#845,.T.);
#65=ORIENTED_EDGE('',*,*,#826,.F.);
#66=ORIENTED_EDGE('',*,*,#846,.T.);
#67=ORIENTED_EDGE('',*,*,#847,.F.);
#68=ORIENTED_EDGE('',*,*,#848,.T.);
#69=ORIENTED_EDGE('',*,*,#849,.F.);
#70=ORIENTED_EDGE('',*,*,#850,.T.);
#71=ORIENTED_EDGE('',*,*,#851,.T.);
#72=ORIENTED_EDGE('',*,*,#845,.F.);
#73=ORIENTED_EDGE('',*,*,#852,.T.);
#74=ORIENTED_EDGE('',*,*,#850,.F.);
#75=ORIENTED_EDGE('',*,*,#853,.F.);
#76=ORIENTED_EDGE('',*,*,#841,.T.);
#77=ORIENTED_EDGE('',*,*,#854,.F.);
#78=ORIENTED_EDGE('',*,*,#842,.T.);
#79=ORIENTED_EDGE('',*,*,#853,.T.);
#80=ORIENTED_EDGE('',*,*,#849,.T.);
#81=ORIENTED_EDGE('',*,*,#837,.T.);
#82=ORIENTED_EDGE('',*,*,#855,.T.);
#83=ORIENTED_EDGE('',*,*,#856,.T.);
#84=ORIENTED_EDGE('',*,*,#857,.T.);
#85=ORIENTED_EDGE('',*,*,#847,.T.);
#86=ORIENTED_EDGE('',*,*,#858,.T.);
#87=ORIENTED_EDGE('',*,*,#859,.T.);
#88=ORIENTED_EDGE('',*,*,#860,.T.);
#89=ORIENTED_EDGE('',*,*,#861,.T.);
#90=ORIENTED_EDGE('',*,*,#862,.T.);
#91=ORIENTED_EDGE('',*,*,#863,.F.);
#92=ORIENTED_EDGE('',*,*,#858,.F.);
#93=ORIENTED_EDGE('',*,*,#846,.F.);
#94=ORIENTED_EDGE('',*,*,#825,.T.);
#95=ORIENTED_EDGE('',*,*,#838,.F.);
#96=ORIENTED_EDGE('',*,*,#857,.F.);
#97=ORIENTED_EDGE('',*,*,#864,.T.);
#98=ORIENTED_EDGE('',*,*,#865,.T.);
#99=ORIENTED_EDGE('',*,*,#866,.F.);
#100=ORIENTED_EDGE('',*,*,#855,.F.);
#101=ORIENTED_EDGE('',*,*,#843,.F.);
#102=ORIENTED_EDGE('',*,*,#854,.T.);
#103=ORIENTED_EDGE('',*,*,#848,.F.);
#104=ORIENTED_EDGE('',*,*,#860,.F.);
#105=ORIENTED_EDGE('',*,*,#863,.T.);
#106=ORIENTED_EDGE('',*,*,#867,.T.);
#107=ORIENTED_EDGE('',*,*,#864,.F.);
#108=ORIENTED_EDGE('',*,*,#859,.F.);
#109=ORIENTED_EDGE('',*,*,#866,.T.);
#110=ORIENTED_EDGE('',*,*,#868,.T.);
#111=ORIENTED_EDGE('',*,*,#861,.F.);
#112=ORIENTED_EDGE('',*,*,#856,.F.);
#113=ORIENTED_EDGE('',*,*,#869,.F.);
#114=ORIENTED_EDGE('',*,*,#870,.F.);
#115=ORIENTED_EDGE('',*,*,#871,.F.);
#116=ORIENTED_EDGE('',*,*,#868,.F.);
#117=ORIENTED_EDGE('',*,*,#871,.T.);
#118=ORIENTED_EDGE('',*,*,#872,.F.);
#119=ORIENTED_EDGE('',*,*,#873,.F.);
#120=ORIENTED_EDGE('',*,*,#862,.F.);
#121=ORIENTED_EDGE('',*,*,#869,.T.);
#122=ORIENTED_EDGE('',*,*,#865,.F.);
#123=ORIENTED_EDGE('',*,*,#874,.F.);
#124=ORIENTED_EDGE('',*,*,#875,.F.);
#125=ORIENTED_EDGE('',*,*,#873,.T.);
#126=ORIENTED_EDGE('',*,*,#876,.F.);
#127=ORIENTED_EDGE('',*,*,#874,.T.);
#128=ORIENTED_EDGE('',*,*,#867,.F.);
#129=ORIENTED_EDGE('',*,*,#877,.F.);
#130=ORIENTED_EDGE('',*,*,#878,.T.);
#131=ORIENTED_EDGE('',*,*,#879,.T.);
#132=ORIENTED_EDGE('',*,*,#880,.T.);
#133=ORIENTED_EDGE('',*,*,#881,.F.);
#134=ORIENTED_EDGE('',*,*,#882,.T.);
#135=ORIENTED_EDGE('',*,*,#880,.F.);
#136=ORIENTED_EDGE('',*,*,#883,.T.);
#137=ORIENTED_EDGE('',*,*,#884,.T.);
#138=ORIENTED_EDGE('',*,*,#885,.F.);
#139=ORIENTED_EDGE('',*,*,#886,.F.);
#140=ORIENTED_EDGE('',*,*,#887,.T.);
#141=ORIENTED_EDGE('',*,*,#888,.T.);
#142=ORIENTED_EDGE('',*,*,#883,.F.);
#143=ORIENTED_EDGE('',*,*,#879,.F.);
#144=ORIENTED_EDGE('',*,*,#889,.T.);
#145=ORIENTED_EDGE('',*,*,#878,.F.);
#146=ORIENTED_EDGE('',*,*,#890,.T.);
#147=ORIENTED_EDGE('',*,*,#891,.F.);
#148=ORIENTED_EDGE('',*,*,#892,.T.);
#149=ORIENTED_EDGE('',*,*,#893,.F.);
#150=ORIENTED_EDGE('',*,*,#894,.T.);
#151=ORIENTED_EDGE('',*,*,#895,.T.);
#152=ORIENTED_EDGE('',*,*,#889,.F.);
#153=ORIENTED_EDGE('',*,*,#896,.T.);
#154=ORIENTED_EDGE('',*,*,#894,.F.);
#155=ORIENTED_EDGE('',*,*,#897,.F.);
#156=ORIENTED_EDGE('',*,*,#885,.T.);
#157=ORIENTED_EDGE('',*,*,#898,.F.);
#158=ORIENTED_EDGE('',*,*,#886,.T.);
#159=ORIENTED_EDGE('',*,*,#897,.T.);
#160=ORIENTED_EDGE('',*,*,#893,.T.);
#161=ORIENTED_EDGE('',*,*,#881,.T.);
#162=ORIENTED_EDGE('',*,*,#899,.T.);
#163=ORIENTED_EDGE('',*,*,#900,.T.);
#164=ORIENTED_EDGE('',*,*,#901,.T.);
#165=ORIENTED_EDGE('',*,*,#891,.T.);
#166=ORIENTED_EDGE('',*,*,#902,.T.);
#167=ORIENTED_EDGE('',*,*,#903,.T.);
#168=ORIENTED_EDGE('',*,*,#904,.T.);
#169=ORIENTED_EDGE('',*,*,#905,.T.);
#170=ORIENTED_EDGE('',*,*,#906,.T.);
#171=ORIENTED_EDGE('',*,*,#907,.F.);
#172=ORIENTED_EDGE('',*,*,#902,.F.);
#173=ORIENTED_EDGE('',*,*,#890,.F.);
#174=ORIENTED_EDGE('',*,*,#877,.T.);
#175=ORIENTED_EDGE('',*,*,#882,.F.);
#176=ORIENTED_EDGE('',*,*,#901,.F.);
#177=ORIENTED_EDGE('',*,*,#908,.T.);
#178=ORIENTED_EDGE('',*,*,#909,.T.);
#179=ORIENTED_EDGE('',*,*,#910,.F.);
#180=ORIENTED_EDGE('',*,*,#899,.F.);
#181=ORIENTED_EDGE('',*,*,#887,.F.);
#182=ORIENTED_EDGE('',*,*,#898,.T.);
#183=ORIENTED_EDGE('',*,*,#892,.F.);
#184=ORIENTED_EDGE('',*,*,#904,.F.);
#185=ORIENTED_EDGE('',*,*,#907,.T.);
#186=ORIENTED_EDGE('',*,*,#911,.T.);
#187=ORIENTED_EDGE('',*,*,#908,.F.);
#188=ORIENTED_EDGE('',*,*,#903,.F.);
#189=ORIENTED_EDGE('',*,*,#910,.T.);
#190=ORIENTED_EDGE('',*,*,#912,.T.);
#191=ORIENTED_EDGE('',*,*,#905,.F.);
#192=ORIENTED_EDGE('',*,*,#900,.F.);
#193=ORIENTED_EDGE('',*,*,#913,.F.);
#194=ORIENTED_EDGE('',*,*,#914,.F.);
#195=ORIENTED_EDGE('',*,*,#915,.F.);
#196=ORIENTED_EDGE('',*,*,#912,.F.);
#197=ORIENTED_EDGE('',*,*,#915,.T.);
#198=ORIENTED_EDGE('',*,*,#916,.F.);
#199=ORIENTED_EDGE('',*,*,#917,.F.);
#200=ORIENTED_EDGE('',*,*,#906,.F.);
#201=ORIENTED_EDGE('',*,*,#913,.T.);
#202=ORIENTED_EDGE('',*,*,#909,.F.);
#203=ORIENTED_EDGE('',*,*,#918,.F.);
#204=ORIENTED_EDGE('',*,*,#919,.F.);
#205=ORIENTED_EDGE('',*,*,#917,.T.);
#206=ORIENTED_EDGE('',*,*,#920,.F.);
#207=ORIENTED_EDGE('',*,*,#918,.T.);
#208=ORIENTED_EDGE('',*,*,#911,.F.);
#209=ORIENTED_EDGE('',*,*,#921,.F.);
#210=ORIENTED_EDGE('',*,*,#922,.T.);
#211=ORIENTED_EDGE('',*,*,#923,.T.);
#212=ORIENTED_EDGE('',*,*,#924,.T.);
#213=ORIENTED_EDGE('',*,*,#925,.F.);
#214=ORIENTED_EDGE('',*,*,#926,.T.);
#215=ORIENTED_EDGE('',*,*,#924,.F.);
#216=ORIENTED_EDGE('',*,*,#927,.T.);
#217=ORIENTED_EDGE('',*,*,#928,.T.);
#218=ORIENTED_EDGE('',*,*,#929,.F.);
#219=ORIENTED_EDGE('',*,*,#930,.F.);
#220=ORIENTED_EDGE('',*,*,#931,.T.);
#221=ORIENTED_EDGE('',*,*,#932,.T.);
#222=ORIENTED_EDGE('',*,*,#927,.F.);
#223=ORIENTED_EDGE('',*,*,#923,.F.);
#224=ORIENTED_EDGE('',*,*,#933,.T.);
#225=ORIENTED_EDGE('',*,*,#922,.F.);
#226=ORIENTED_EDGE('',*,*,#934,.T.);
#227=ORIENTED_EDGE('',*,*,#935,.F.);
#228=ORIENTED_EDGE('',*,*,#936,.T.);
#229=ORIENTED_EDGE('',*,*,#937,.F.);
#230=ORIENTED_EDGE('',*,*,#938,.T.);
#231=ORIENTED_EDGE('',*,*,#939,.T.);
#232=ORIENTED_EDGE('',*,*,#933,.F.);
#233=ORIENTED_EDGE('',*,*,#940,.T.);
#234=ORIENTED_EDGE('',*,*,#938,.F.);
#235=ORIENTED_EDGE('',*,*,#941,.F.);
#236=ORIENTED_EDGE('',*,*,#929,.T.);
#237=ORIENTED_EDGE('',*,*,#942,.F.);
#238=ORIENTED_EDGE('',*,*,#930,.T.);
#239=ORIENTED_EDGE('',*,*,#941,.T.);
#240=ORIENTED_EDGE('',*,*,#937,.T.);
#241=ORIENTED_EDGE('',*,*,#925,.T.);
#242=ORIENTED_EDGE('',*,*,#943,.T.);
#243=ORIENTED_EDGE('',*,*,#944,.T.);
#244=ORIENTED_EDGE('',*,*,#945,.T.);
#245=ORIENTED_EDGE('',*,*,#935,.T.);
#246=ORIENTED_EDGE('',*,*,#946,.T.);
#247=ORIENTED_EDGE('',*,*,#947,.T.);
#248=ORIENTED_EDGE('',*,*,#948,.T.);
#249=ORIENTED_EDGE('',*,*,#949,.T.);
#250=ORIENTED_EDGE('',*,*,#950,.T.);
#251=ORIENTED_EDGE('',*,*,#951,.F.);
#252=ORIENTED_EDGE('',*,*,#946,.F.);
#253=ORIENTED_EDGE('',*,*,#934,.F.);
#254=ORIENTED_EDGE('',*,*,#921,.T.);
#255=ORIENTED_EDGE('',*,*,#926,.F.);
#256=ORIENTED_EDGE('',*,*,#945,.F.);
#257=ORIENTED_EDGE('',*,*,#952,.T.);
#258=ORIENTED_EDGE('',*,*,#953,.T.);
#259=ORIENTED_EDGE('',*,*,#954,.F.);
#260=ORIENTED_EDGE('',*,*,#943,.F.);
#261=ORIENTED_EDGE('',*,*,#931,.F.);
#262=ORIENTED_EDGE('',*,*,#942,.T.);
#263=ORIENTED_EDGE('',*,*,#936,.F.);
#264=ORIENTED_EDGE('',*,*,#948,.F.);
#265=ORIENTED_EDGE('',*,*,#951,.T.);
#266=ORIENTED_EDGE('',*,*,#955,.T.);
#267=ORIENTED_EDGE('',*,*,#952,.F.);
#268=ORIENTED_EDGE('',*,*,#947,.F.);
#269=ORIENTED_EDGE('',*,*,#954,.T.);
#270=ORIENTED_EDGE('',*,*,#956,.T.);
#271=ORIENTED_EDGE('',*,*,#949,.F.);
#272=ORIENTED_EDGE('',*,*,#944,.F.);
#273=ORIENTED_EDGE('',*,*,#957,.F.);
#274=ORIENTED_EDGE('',*,*,#958,.F.);
#275=ORIENTED_EDGE('',*,*,#959,.F.);
#276=ORIENTED_EDGE('',*,*,#956,.F.);
#277=ORIENTED_EDGE('',*,*,#959,.T.);
#278=ORIENTED_EDGE('',*,*,#960,.F.);
#279=ORIENTED_EDGE('',*,*,#961,.F.);
#280=ORIENTED_EDGE('',*,*,#950,.F.);
#281=ORIENTED_EDGE('',*,*,#957,.T.);
#282=ORIENTED_EDGE('',*,*,#953,.F.);
#283=ORIENTED_EDGE('',*,*,#962,.F.);
#284=ORIENTED_EDGE('',*,*,#963,.F.);
#285=ORIENTED_EDGE('',*,*,#961,.T.);
#286=ORIENTED_EDGE('',*,*,#964,.F.);
#287=ORIENTED_EDGE('',*,*,#962,.T.);
#288=ORIENTED_EDGE('',*,*,#955,.F.);
#289=ORIENTED_EDGE('',*,*,#965,.T.);
#290=ORIENTED_EDGE('',*,*,#966,.F.);
#291=ORIENTED_EDGE('',*,*,#967,.T.);
#292=ORIENTED_EDGE('',*,*,#968,.F.);
#293=ORIENTED_EDGE('',*,*,#969,.T.);
#294=ORIENTED_EDGE('',*,*,#970,.F.);
#295=ORIENTED_EDGE('',*,*,#967,.F.);
#296=ORIENTED_EDGE('',*,*,#971,.F.);
#297=ORIENTED_EDGE('',*,*,#972,.T.);
#298=ORIENTED_EDGE('',*,*,#973,.F.);
#299=ORIENTED_EDGE('',*,*,#965,.F.);
#300=ORIENTED_EDGE('',*,*,#974,.F.);
#301=ORIENTED_EDGE('',*,*,#969,.F.);
#302=ORIENTED_EDGE('',*,*,#975,.F.);
#303=ORIENTED_EDGE('',*,*,#972,.F.);
#304=ORIENTED_EDGE('',*,*,#976,.F.);
#305=ORIENTED_EDGE('',*,*,#977,.T.);
#306=ORIENTED_EDGE('',*,*,#976,.T.);
#307=ORIENTED_EDGE('',*,*,#978,.F.);
#308=ORIENTED_EDGE('',*,*,#979,.F.);
#309=ORIENTED_EDGE('',*,*,#980,.T.);
#310=ORIENTED_EDGE('',*,*,#968,.T.);
#311=ORIENTED_EDGE('',*,*,#981,.F.);
#312=ORIENTED_EDGE('',*,*,#982,.F.);
#313=ORIENTED_EDGE('',*,*,#981,.T.);
#314=ORIENTED_EDGE('',*,*,#970,.T.);
#315=ORIENTED_EDGE('',*,*,#977,.F.);
#316=ORIENTED_EDGE('',*,*,#983,.F.);
#317=ORIENTED_EDGE('',*,*,#984,.F.);
#318=ORIENTED_EDGE('',*,*,#985,.T.);
#319=ORIENTED_EDGE('',*,*,#986,.F.);
#320=ORIENTED_EDGE('',*,*,#987,.F.);
#321=ORIENTED_EDGE('',*,*,#978,.T.);
#322=ORIENTED_EDGE('',*,*,#974,.T.);
#323=ORIENTED_EDGE('',*,*,#980,.F.);
#324=ORIENTED_EDGE('',*,*,#988,.F.);
#325=ORIENTED_EDGE('',*,*,#989,.F.);
#326=ORIENTED_EDGE('',*,*,#990,.T.);
#327=ORIENTED_EDGE('',*,*,#991,.F.);
#328=ORIENTED_EDGE('',*,*,#992,.F.);
#329=ORIENTED_EDGE('',*,*,#993,.T.);
#330=ORIENTED_EDGE('',*,*,#988,.T.);
#331=ORIENTED_EDGE('',*,*,#982,.T.);
#332=ORIENTED_EDGE('',*,*,#987,.T.);
#333=ORIENTED_EDGE('',*,*,#994,.T.);
#334=ORIENTED_EDGE('',*,*,#983,.T.);
#335=ORIENTED_EDGE('',*,*,#979,.T.);
#336=ORIENTED_EDGE('',*,*,#992,.T.);
#337=ORIENTED_EDGE('',*,*,#985,.F.);
#338=ORIENTED_EDGE('',*,*,#995,.T.);
#339=ORIENTED_EDGE('',*,*,#996,.T.);
#340=ORIENTED_EDGE('',*,*,#997,.T.);
#341=ORIENTED_EDGE('',*,*,#998,.T.);
#342=ORIENTED_EDGE('',*,*,#999,.F.);
#343=ORIENTED_EDGE('',*,*,#996,.F.);
#344=ORIENTED_EDGE('',*,*,#1000,.T.);
#345=ORIENTED_EDGE('',*,*,#1001,.F.);
#346=ORIENTED_EDGE('',*,*,#989,.T.);
#347=ORIENTED_EDGE('',*,*,#993,.F.);
#348=ORIENTED_EDGE('',*,*,#986,.T.);
#349=ORIENTED_EDGE('',*,*,#997,.F.);
#350=ORIENTED_EDGE('',*,*,#999,.T.);
#351=ORIENTED_EDGE('',*,*,#1002,.T.);
#352=ORIENTED_EDGE('',*,*,#1003,.F.);
#353=ORIENTED_EDGE('',*,*,#1004,.T.);
#354=ORIENTED_EDGE('',*,*,#1005,.F.);
#355=ORIENTED_EDGE('',*,*,#1006,.F.);
#356=ORIENTED_EDGE('',*,*,#1003,.T.);
#357=ORIENTED_EDGE('',*,*,#994,.F.);
#358=ORIENTED_EDGE('',*,*,#991,.T.);
#359=ORIENTED_EDGE('',*,*,#1007,.F.);
#360=ORIENTED_EDGE('',*,*,#1005,.T.);
#361=ORIENTED_EDGE('',*,*,#1008,.T.);
#362=ORIENTED_EDGE('',*,*,#1000,.F.);
#363=ORIENTED_EDGE('',*,*,#995,.F.);
#364=ORIENTED_EDGE('',*,*,#984,.T.);
#365=ORIENTED_EDGE('',*,*,#1009,.T.);
#366=ORIENTED_EDGE('',*,*,#1010,.T.);
#367=ORIENTED_EDGE('',*,*,#1011,.F.);
#368=ORIENTED_EDGE('',*,*,#835,.F.);
#369=ORIENTED_EDGE('',*,*,#852,.F.);
#370=ORIENTED_EDGE('',*,*,#840,.F.);
#371=ORIENTED_EDGE('',*,*,#844,.F.);
#372=ORIENTED_EDGE('',*,*,#851,.F.);
#373=ORIENTED_EDGE('',*,*,#896,.F.);
#374=ORIENTED_EDGE('',*,*,#884,.F.);
#375=ORIENTED_EDGE('',*,*,#888,.F.);
#376=ORIENTED_EDGE('',*,*,#895,.F.);
#377=ORIENTED_EDGE('',*,*,#940,.F.);
#378=ORIENTED_EDGE('',*,*,#928,.F.);
#379=ORIENTED_EDGE('',*,*,#932,.F.);
#380=ORIENTED_EDGE('',*,*,#939,.F.);
#381=ORIENTED_EDGE('',*,*,#1011,.T.);
#382=ORIENTED_EDGE('',*,*,#1012,.T.);
#383=ORIENTED_EDGE('',*,*,#1013,.F.);
#384=ORIENTED_EDGE('',*,*,#836,.F.);
#385=ORIENTED_EDGE('',*,*,#998,.F.);
#386=ORIENTED_EDGE('',*,*,#1008,.F.);
#387=ORIENTED_EDGE('',*,*,#1004,.F.);
#388=ORIENTED_EDGE('',*,*,#1002,.F.);
#389=ORIENTED_EDGE('',*,*,#1013,.T.);
#390=ORIENTED_EDGE('',*,*,#1014,.T.);
#391=ORIENTED_EDGE('',*,*,#1015,.F.);
#392=ORIENTED_EDGE('',*,*,#829,.F.);
#393=ORIENTED_EDGE('',*,*,#1016,.F.);
#394=ORIENTED_EDGE('',*,*,#1014,.F.);
#395=ORIENTED_EDGE('',*,*,#1012,.F.);
#396=ORIENTED_EDGE('',*,*,#1010,.F.);
#397=ORIENTED_EDGE('',*,*,#1017,.F.);
#398=ORIENTED_EDGE('',*,*,#1018,.F.);
#399=ORIENTED_EDGE('',*,*,#1019,.F.);
#400=ORIENTED_EDGE('',*,*,#1020,.F.);
#401=ORIENTED_EDGE('',*,*,#875,.T.);
#402=ORIENTED_EDGE('',*,*,#876,.T.);
#403=ORIENTED_EDGE('',*,*,#872,.T.);
#404=ORIENTED_EDGE('',*,*,#870,.T.);
#405=ORIENTED_EDGE('',*,*,#919,.T.);
#406=ORIENTED_EDGE('',*,*,#920,.T.);
#407=ORIENTED_EDGE('',*,*,#916,.T.);
#408=ORIENTED_EDGE('',*,*,#914,.T.);
#409=ORIENTED_EDGE('',*,*,#963,.T.);
#410=ORIENTED_EDGE('',*,*,#964,.T.);
#411=ORIENTED_EDGE('',*,*,#960,.T.);
#412=ORIENTED_EDGE('',*,*,#958,.T.);
#413=ORIENTED_EDGE('',*,*,#1019,.T.);
#414=ORIENTED_EDGE('',*,*,#1021,.F.);
#415=ORIENTED_EDGE('',*,*,#832,.F.);
#416=ORIENTED_EDGE('',*,*,#1022,.T.);
#417=ORIENTED_EDGE('',*,*,#971,.T.);
#418=ORIENTED_EDGE('',*,*,#966,.T.);
#419=ORIENTED_EDGE('',*,*,#973,.T.);
#420=ORIENTED_EDGE('',*,*,#975,.T.);
#421=ORIENTED_EDGE('',*,*,#1020,.T.);
#422=ORIENTED_EDGE('',*,*,#1022,.F.);
#423=ORIENTED_EDGE('',*,*,#831,.F.);
#424=ORIENTED_EDGE('',*,*,#1023,.T.);
#425=ORIENTED_EDGE('',*,*,#1017,.T.);
#426=ORIENTED_EDGE('',*,*,#1009,.F.);
#427=ORIENTED_EDGE('',*,*,#834,.F.);
#428=ORIENTED_EDGE('',*,*,#1024,.T.);
#429=ORIENTED_EDGE('',*,*,#1018,.T.);
#430=ORIENTED_EDGE('',*,*,#1024,.F.);
#431=ORIENTED_EDGE('',*,*,#833,.F.);
#432=ORIENTED_EDGE('',*,*,#1021,.T.);
#433=ORIENTED_EDGE('',*,*,#1023,.F.);
#434=ORIENTED_EDGE('',*,*,#830,.F.);
#435=ORIENTED_EDGE('',*,*,#1015,.T.);
#436=ORIENTED_EDGE('',*,*,#1016,.T.);
#437=ORIENTED_EDGE('',*,*,#990,.F.);
#438=ORIENTED_EDGE('',*,*,#1001,.T.);
#439=ORIENTED_EDGE('',*,*,#1006,.T.);
#440=ORIENTED_EDGE('',*,*,#1007,.T.);
#441=ORIENTED_EDGE('',*,*,#1025,.T.);
#442=ORIENTED_EDGE('',*,*,#1026,.T.);
#443=ORIENTED_EDGE('',*,*,#1027,.T.);
#444=ORIENTED_EDGE('',*,*,#1028,.T.);
#445=ORIENTED_EDGE('',*,*,#1029,.T.);
#446=ORIENTED_EDGE('',*,*,#1030,.T.);
#447=ORIENTED_EDGE('',*,*,#1031,.T.);
#448=ORIENTED_EDGE('',*,*,#1032,.T.);
#449=ORIENTED_EDGE('',*,*,#1033,.T.);
#450=ORIENTED_EDGE('',*,*,#1034,.T.);
#451=ORIENTED_EDGE('',*,*,#1035,.T.);
#452=ORIENTED_EDGE('',*,*,#1036,.T.);
#453=ORIENTED_EDGE('',*,*,#1037,.T.);
#454=ORIENTED_EDGE('',*,*,#1038,.T.);
#455=ORIENTED_EDGE('',*,*,#1039,.T.);
#456=ORIENTED_EDGE('',*,*,#1040,.T.);
#457=ORIENTED_EDGE('',*,*,#1041,.F.);
#458=ORIENTED_EDGE('',*,*,#1042,.F.);
#459=ORIENTED_EDGE('',*,*,#1043,.F.);
#460=ORIENTED_EDGE('',*,*,#1044,.F.);
#461=ORIENTED_EDGE('',*,*,#1045,.F.);
#462=ORIENTED_EDGE('',*,*,#1046,.F.);
#463=ORIENTED_EDGE('',*,*,#1047,.F.);
#464=ORIENTED_EDGE('',*,*,#1048,.F.);
#465=ORIENTED_EDGE('',*,*,#1049,.F.);
#466=ORIENTED_EDGE('',*,*,#1050,.F.);
#467=ORIENTED_EDGE('',*,*,#1051,.F.);
#468=ORIENTED_EDGE('',*,*,#1052,.F.);
#469=ORIENTED_EDGE('',*,*,#1053,.F.);
#470=ORIENTED_EDGE('',*,*,#1054,.F.);
#471=ORIENTED_EDGE('',*,*,#1055,.F.);
#472=ORIENTED_EDGE('',*,*,#1056,.F.);
#473=ORIENTED_EDGE('',*,*,#1057,.T.);
#474=ORIENTED_EDGE('',*,*,#1026,.F.);
#475=ORIENTED_EDGE('',*,*,#1058,.F.);
#476=ORIENTED_EDGE('',*,*,#1056,.T.);
#477=ORIENTED_EDGE('',*,*,#1059,.T.);
#478=ORIENTED_EDGE('',*,*,#1027,.F.);
#479=ORIENTED_EDGE('',*,*,#1057,.F.);
#480=ORIENTED_EDGE('',*,*,#1055,.T.);
#481=ORIENTED_EDGE('',*,*,#1060,.T.);
#482=ORIENTED_EDGE('',*,*,#1028,.F.);
#483=ORIENTED_EDGE('',*,*,#1059,.F.);
#484=ORIENTED_EDGE('',*,*,#1054,.T.);
#485=ORIENTED_EDGE('',*,*,#1061,.T.);
#486=ORIENTED_EDGE('',*,*,#1029,.F.);
#487=ORIENTED_EDGE('',*,*,#1060,.F.);
#488=ORIENTED_EDGE('',*,*,#1053,.T.);
#489=ORIENTED_EDGE('',*,*,#1062,.T.);
#490=ORIENTED_EDGE('',*,*,#1030,.F.);
#491=ORIENTED_EDGE('',*,*,#1061,.F.);
#492=ORIENTED_EDGE('',*,*,#1052,.T.);
#493=ORIENTED_EDGE('',*,*,#1063,.T.);
#494=ORIENTED_EDGE('',*,*,#1031,.F.);
#495=ORIENTED_EDGE('',*,*,#1062,.F.);
#496=ORIENTED_EDGE('',*,*,#1051,.T.);
#497=ORIENTED_EDGE('',*,*,#1064,.T.);
#498=ORIENTED_EDGE('',*,*,#1032,.F.);
#499=ORIENTED_EDGE('',*,*,#1063,.F.);
#500=ORIENTED_EDGE('',*,*,#1050,.T.);
#501=ORIENTED_EDGE('',*,*,#1065,.T.);
#502=ORIENTED_EDGE('',*,*,#1033,.F.);
#503=ORIENTED_EDGE('',*,*,#1064,.F.);
#504=ORIENTED_EDGE('',*,*,#1049,.T.);
#505=ORIENTED_EDGE('',*,*,#1066,.T.);
#506=ORIENTED_EDGE('',*,*,#1034,.F.);
#507=ORIENTED_EDGE('',*,*,#1065,.F.);
#508=ORIENTED_EDGE('',*,*,#1048,.T.);
#509=ORIENTED_EDGE('',*,*,#1067,.T.);
#510=ORIENTED_EDGE('',*,*,#1035,.F.);
#511=ORIENTED_EDGE('',*,*,#1066,.F.);
#512=ORIENTED_EDGE('',*,*,#1047,.T.);
#513=ORIENTED_EDGE('',*,*,#1068,.T.);
#514=ORIENTED_EDGE('',*,*,#1036,.F.);
#515=ORIENTED_EDGE('',*,*,#1067,.F.);
#516=ORIENTED_EDGE('',*,*,#1046,.T.);
#517=ORIENTED_EDGE('',*,*,#1069,.T.);
#518=ORIENTED_EDGE('',*,*,#1037,.F.);
#519=ORIENTED_EDGE('',*,*,#1068,.F.);
#520=ORIENTED_EDGE('',*,*,#1045,.T.);
#521=ORIENTED_EDGE('',*,*,#1070,.T.);
#522=ORIENTED_EDGE('',*,*,#1038,.F.);
#523=ORIENTED_EDGE('',*,*,#1069,.F.);
#524=ORIENTED_EDGE('',*,*,#1044,.T.);
#525=ORIENTED_EDGE('',*,*,#1071,.T.);
#526=ORIENTED_EDGE('',*,*,#1039,.F.);
#527=ORIENTED_EDGE('',*,*,#1070,.F.);
#528=ORIENTED_EDGE('',*,*,#1043,.T.);
#529=ORIENTED_EDGE('',*,*,#1072,.T.);
#530=ORIENTED_EDGE('',*,*,#1040,.F.);
#531=ORIENTED_EDGE('',*,*,#1071,.F.);
#532=ORIENTED_EDGE('',*,*,#1042,.T.);
#533=ORIENTED_EDGE('',*,*,#1058,.T.);
#534=ORIENTED_EDGE('',*,*,#1025,.F.);
#535=ORIENTED_EDGE('',*,*,#1072,.F.);
#536=ORIENTED_EDGE('',*,*,#1041,.T.);
#537=ORIENTED_EDGE('',*,*,#1073,.T.);
#538=ORIENTED_EDGE('',*,*,#1074,.T.);
#539=ORIENTED_EDGE('',*,*,#1075,.T.);
#540=ORIENTED_EDGE('',*,*,#1076,.T.);
#541=ORIENTED_EDGE('',*,*,#1077,.T.);
#542=ORIENTED_EDGE('',*,*,#1078,.T.);
#543=ORIENTED_EDGE('',*,*,#1079,.T.);
#544=ORIENTED_EDGE('',*,*,#1080,.T.);
#545=ORIENTED_EDGE('',*,*,#1081,.T.);
#546=ORIENTED_EDGE('',*,*,#1082,.T.);
#547=ORIENTED_EDGE('',*,*,#1083,.T.);
#548=ORIENTED_EDGE('',*,*,#1084,.T.);
#549=ORIENTED_EDGE('',*,*,#1085,.T.);
#550=ORIENTED_EDGE('',*,*,#1086,.T.);
#551=ORIENTED_EDGE('',*,*,#1087,.T.);
#552=ORIENTED_EDGE('',*,*,#1088,.T.);
#553=ORIENTED_EDGE('',*,*,#1089,.F.);
#554=ORIENTED_EDGE('',*,*,#1090,.F.);
#555=ORIENTED_EDGE('',*,*,#1091,.F.);
#556=ORIENTED_EDGE('',*,*,#1092,.F.);
#557=ORIENTED_EDGE('',*,*,#1093,.F.);
#558=ORIENTED_EDGE('',*,*,#1094,.F.);
#559=ORIENTED_EDGE('',*,*,#1095,.F.);
#560=ORIENTED_EDGE('',*,*,#1096,.F.);
#561=ORIENTED_EDGE('',*,*,#1097,.F.);
#562=ORIENTED_EDGE('',*,*,#1098,.F.);
#563=ORIENTED_EDGE('',*,*,#1099,.F.);
#564=ORIENTED_EDGE('',*,*,#1100,.F.);
#565=ORIENTED_EDGE('',*,*,#1101,.F.);
#566=ORIENTED_EDGE('',*,*,#1102,.F.);
#567=ORIENTED_EDGE('',*,*,#1103,.F.);
#568=ORIENTED_EDGE('',*,*,#1104,.F.);
#569=ORIENTED_EDGE('',*,*,#1105,.T.);
#570=ORIENTED_EDGE('',*,*,#1074,.F.);
#571=ORIENTED_EDGE('',*,*,#1106,.F.);
#572=ORIENTED_EDGE('',*,*,#1104,.T.);
#573=ORIENTED_EDGE('',*,*,#1107,.T.);
#574=ORIENTED_EDGE('',*,*,#1075,.F.);
#575=ORIENTED_EDGE('',*,*,#1105,.F.);
#576=ORIENTED_EDGE('',*,*,#1103,.T.);
#577=ORIENTED_EDGE('',*,*,#1108,.T.);
#578=ORIENTED_EDGE('',*,*,#1076,.F.);
#579=ORIENTED_EDGE('',*,*,#1107,.F.);
#580=ORIENTED_EDGE('',*,*,#1102,.T.);
#581=ORIENTED_EDGE('',*,*,#1109,.T.);
#582=ORIENTED_EDGE('',*,*,#1077,.F.);
#583=ORIENTED_EDGE('',*,*,#1108,.F.);
#584=ORIENTED_EDGE('',*,*,#1101,.T.);
#585=ORIENTED_EDGE('',*,*,#1110,.T.);
#586=ORIENTED_EDGE('',*,*,#1078,.F.);
#587=ORIENTED_EDGE('',*,*,#1109,.F.);
#588=ORIENTED_EDGE('',*,*,#1100,.T.);
#589=ORIENTED_EDGE('',*,*,#1111,.T.);
#590=ORIENTED_EDGE('',*,*,#1079,.F.);
#591=ORIENTED_EDGE('',*,*,#1110,.F.);
#592=ORIENTED_EDGE('',*,*,#1099,.T.);
#593=ORIENTED_EDGE('',*,*,#1112,.T.);
#594=ORIENTED_EDGE('',*,*,#1080,.F.);
#595=ORIENTED_EDGE('',*,*,#1111,.F.);
#596=ORIENTED_EDGE('',*,*,#1098,.T.);
#597=ORIENTED_EDGE('',*,*,#1113,.T.);
#598=ORIENTED_EDGE('',*,*,#1081,.F.);
#599=ORIENTED_EDGE('',*,*,#1112,.F.);
#600=ORIENTED_EDGE('',*,*,#1097,.T.);
#601=ORIENTED_EDGE('',*,*,#1114,.T.);
#602=ORIENTED_EDGE('',*,*,#1082,.F.);
#603=ORIENTED_EDGE('',*,*,#1113,.F.);
#604=ORIENTED_EDGE('',*,*,#1096,.T.);
#605=ORIENTED_EDGE('',*,*,#1115,.T.);
#606=ORIENTED_EDGE('',*,*,#1083,.F.);
#607=ORIENTED_EDGE('',*,*,#1114,.F.);
#608=ORIENTED_EDGE('',*,*,#1095,.T.);
#609=ORIENTED_EDGE('',*,*,#1116,.T.);
#610=ORIENTED_EDGE('',*,*,#1084,.F.);
#611=ORIENTED_EDGE('',*,*,#1115,.F.);
#612=ORIENTED_EDGE('',*,*,#1094,.T.);
#613=ORIENTED_EDGE('',*,*,#1117,.T.);
#614=ORIENTED_EDGE('',*,*,#1085,.F.);
#615=ORIENTED_EDGE('',*,*,#1116,.F.);
#616=ORIENTED_EDGE('',*,*,#1093,.T.);
#617=ORIENTED_EDGE('',*,*,#1118,.T.);
#618=ORIENTED_EDGE('',*,*,#1086,.F.);
#619=ORIENTED_EDGE('',*,*,#1117,.F.);
#620=ORIENTED_EDGE('',*,*,#1092,.T.);
#621=ORIENTED_EDGE('',*,*,#1119,.T.);
#622=ORIENTED_EDGE('',*,*,#1087,.F.);
#623=ORIENTED_EDGE('',*,*,#1118,.F.);
#624=ORIENTED_EDGE('',*,*,#1091,.T.);
#625=ORIENTED_EDGE('',*,*,#1120,.T.);
#626=ORIENTED_EDGE('',*,*,#1088,.F.);
#627=ORIENTED_EDGE('',*,*,#1119,.F.);
#628=ORIENTED_EDGE('',*,*,#1090,.T.);
#629=ORIENTED_EDGE('',*,*,#1106,.T.);
#630=ORIENTED_EDGE('',*,*,#1073,.F.);
#631=ORIENTED_EDGE('',*,*,#1120,.F.);
#632=ORIENTED_EDGE('',*,*,#1089,.T.);
#633=ORIENTED_EDGE('',*,*,#1121,.T.);
#634=ORIENTED_EDGE('',*,*,#1122,.T.);
#635=ORIENTED_EDGE('',*,*,#1123,.T.);
#636=ORIENTED_EDGE('',*,*,#1124,.T.);
#637=ORIENTED_EDGE('',*,*,#1125,.T.);
#638=ORIENTED_EDGE('',*,*,#1126,.T.);
#639=ORIENTED_EDGE('',*,*,#1127,.T.);
#640=ORIENTED_EDGE('',*,*,#1128,.T.);
#641=ORIENTED_EDGE('',*,*,#1129,.T.);
#642=ORIENTED_EDGE('',*,*,#1130,.T.);
#643=ORIENTED_EDGE('',*,*,#1131,.T.);
#644=ORIENTED_EDGE('',*,*,#1132,.T.);
#645=ORIENTED_EDGE('',*,*,#1133,.T.);
#646=ORIENTED_EDGE('',*,*,#1134,.T.);
#647=ORIENTED_EDGE('',*,*,#1135,.T.);
#648=ORIENTED_EDGE('',*,*,#1136,.T.);
#649=ORIENTED_EDGE('',*,*,#1137,.F.);
#650=ORIENTED_EDGE('',*,*,#1138,.F.);
#651=ORIENTED_EDGE('',*,*,#1139,.F.);
#652=ORIENTED_EDGE('',*,*,#1140,.F.);
#653=ORIENTED_EDGE('',*,*,#1141,.F.);
#654=ORIENTED_EDGE('',*,*,#1142,.F.);
#655=ORIENTED_EDGE('',*,*,#1143,.F.);
#656=ORIENTED_EDGE('',*,*,#1144,.F.);
#657=ORIENTED_EDGE('',*,*,#1145,.F.);
#658=ORIENTED_EDGE('',*,*,#1146,.F.);
#659=ORIENTED_EDGE('',*,*,#1147,.F.);
#660=ORIENTED_EDGE('',*,*,#1148,.F.);
#661=ORIENTED_EDGE('',*,*,#1149,.F.);
#662=ORIENTED_EDGE('',*,*,#1150,.F.);
#663=ORIENTED_EDGE('',*,*,#1151,.F.);
#664=ORIENTED_EDGE('',*,*,#1152,.F.);
#665=ORIENTED_EDGE('',*,*,#1153,.T.);
#666=ORIENTED_EDGE('',*,*,#1122,.F.);
#667=ORIENTED_EDGE('',*,*,#1154,.F.);
#668=ORIENTED_EDGE('',*,*,#1152,.T.);
#669=ORIENTED_EDGE('',*,*,#1155,.T.);
#670=ORIENTED_EDGE('',*,*,#1123,.F.);
#671=ORIENTED_EDGE('',*,*,#1153,.F.);
#672=ORIENTED_EDGE('',*,*,#1151,.T.);
#673=ORIENTED_EDGE('',*,*,#1156,.T.);
#674=ORIENTED_EDGE('',*,*,#1124,.F.);
#675=ORIENTED_EDGE('',*,*,#1155,.F.);
#676=ORIENTED_EDGE('',*,*,#1150,.T.);
#677=ORIENTED_EDGE('',*,*,#1157,.T.);
#678=ORIENTED_EDGE('',*,*,#1125,.F.);
#679=ORIENTED_EDGE('',*,*,#1156,.F.);
#680=ORIENTED_EDGE('',*,*,#1149,.T.);
#681=ORIENTED_EDGE('',*,*,#1158,.T.);
#682=ORIENTED_EDGE('',*,*,#1126,.F.);
#683=ORIENTED_EDGE('',*,*,#1157,.F.);
#684=ORIENTED_EDGE('',*,*,#1148,.T.);
#685=ORIENTED_EDGE('',*,*,#1159,.T.);
#686=ORIENTED_EDGE('',*,*,#1127,.F.);
#687=ORIENTED_EDGE('',*,*,#1158,.F.);
#688=ORIENTED_EDGE('',*,*,#1147,.T.);
#689=ORIENTED_EDGE('',*,*,#1160,.T.);
#690=ORIENTED_EDGE('',*,*,#1128,.F.);
#691=ORIENTED_EDGE('',*,*,#1159,.F.);
#692=ORIENTED_EDGE('',*,*,#1146,.T.);
#693=ORIENTED_EDGE('',*,*,#1161,.T.);
#694=ORIENTED_EDGE('',*,*,#1129,.F.);
#695=ORIENTED_EDGE('',*,*,#1160,.F.);
#696=ORIENTED_EDGE('',*,*,#1145,.T.);
#697=ORIENTED_EDGE('',*,*,#1162,.T.);
#698=ORIENTED_EDGE('',*,*,#1130,.F.);
#699=ORIENTED_EDGE('',*,*,#1161,.F.);
#700=ORIENTED_EDGE('',*,*,#1144,.T.);
#701=ORIENTED_EDGE('',*,*,#1163,.T.);
#702=ORIENTED_EDGE('',*,*,#1131,.F.);
#703=ORIENTED_EDGE('',*,*,#1162,.F.);
#704=ORIENTED_EDGE('',*,*,#1143,.T.);
#705=ORIENTED_EDGE('',*,*,#1164,.T.);
#706=ORIENTED_EDGE('',*,*,#1132,.F.);
#707=ORIENTED_EDGE('',*,*,#1163,.F.);
#708=ORIENTED_EDGE('',*,*,#1142,.T.);
#709=ORIENTED_EDGE('',*,*,#1165,.T.);
#710=ORIENTED_EDGE('',*,*,#1133,.F.);
#711=ORIENTED_EDGE('',*,*,#1164,.F.);
#712=ORIENTED_EDGE('',*,*,#1141,.T.);
#713=ORIENTED_EDGE('',*,*,#1166,.T.);
#714=ORIENTED_EDGE('',*,*,#1134,.F.);
#715=ORIENTED_EDGE('',*,*,#1165,.F.);
#716=ORIENTED_EDGE('',*,*,#1140,.T.);
#717=ORIENTED_EDGE('',*,*,#1167,.T.);
#718=ORIENTED_EDGE('',*,*,#1135,.F.);
#719=ORIENTED_EDGE('',*,*,#1166,.F.);
#720=ORIENTED_EDGE('',*,*,#1139,.T.);
#721=ORIENTED_EDGE('',*,*,#1168,.T.);
#722=ORIENTED_EDGE('',*,*,#1136,.F.);
#723=ORIENTED_EDGE('',*,*,#1167,.F.);
#724=ORIENTED_EDGE('',*,*,#1138,.T.);
#725=ORIENTED_EDGE('',*,*,#1154,.T.);
#726=ORIENTED_EDGE('',*,*,#1121,.F.);
#727=ORIENTED_EDGE('',*,*,#1168,.F.);
#728=ORIENTED_EDGE('',*,*,#1137,.T.);
#729=ORIENTED_EDGE('',*,*,#1169,.T.);
#730=ORIENTED_EDGE('',*,*,#1170,.T.);
#731=ORIENTED_EDGE('',*,*,#1171,.T.);
#732=ORIENTED_EDGE('',*,*,#1172,.T.);
#733=ORIENTED_EDGE('',*,*,#1173,.T.);
#734=ORIENTED_EDGE('',*,*,#1174,.T.);
#735=ORIENTED_EDGE('',*,*,#1175,.T.);
#736=ORIENTED_EDGE('',*,*,#1176,.T.);
#737=ORIENTED_EDGE('',*,*,#1177,.T.);
#738=ORIENTED_EDGE('',*,*,#1178,.T.);
#739=ORIENTED_EDGE('',*,*,#1179,.T.);
#740=ORIENTED_EDGE('',*,*,#1180,.T.);
#741=ORIENTED_EDGE('',*,*,#1181,.T.);
#742=ORIENTED_EDGE('',*,*,#1182,.T.);
#743=ORIENTED_EDGE('',*,*,#1183,.T.);
#744=ORIENTED_EDGE('',*,*,#1184,.T.);
#745=ORIENTED_EDGE('',*,*,#1185,.F.);
#746=ORIENTED_EDGE('',*,*,#1186,.F.);
#747=ORIENTED_EDGE('',*,*,#1187,.F.);
#748=ORIENTED_EDGE('',*,*,#1188,.F.);
#749=ORIENTED_EDGE('',*,*,#1189,.F.);
#750=ORIENTED_EDGE('',*,*,#1190,.F.);
#751=ORIENTED_EDGE('',*,*,#1191,.F.);
#752=ORIENTED_EDGE('',*,*,#1192,.F.);
#753=ORIENTED_EDGE('',*,*,#1193,.F.);
#754=ORIENTED_EDGE('',*,*,#1194,.F.);
#755=ORIENTED_EDGE('',*,*,#1195,.F.);
#756=ORIENTED_EDGE('',*,*,#1196,.F.);
#757=ORIENTED_EDGE('',*,*,#1197,.F.);
#758=ORIENTED_EDGE('',*,*,#1198,.F.);
#759=ORIENTED_EDGE('',*,*,#1199,.F.);
#760=ORIENTED_EDGE('',*,*,#1200,.F.);
#761=ORIENTED_EDGE('',*,*,#1201,.T.);
#762=ORIENTED_EDGE('',*,*,#1170,.F.);
#763=ORIENTED_EDGE('',*,*,#1202,.F.);
#764=ORIENTED_EDGE('',*,*,#1200,.T.);
#765=ORIENTED_EDGE('',*,*,#1203,.T.);
#766=ORIENTED_EDGE('',*,*,#1171,.F.);
#767=ORIENTED_EDGE('',*,*,#1201,.F.);
#768=ORIENTED_EDGE('',*,*,#1199,.T.);
#769=ORIENTED_EDGE('',*,*,#1204,.T.);
#770=ORIENTED_EDGE('',*,*,#1172,.F.);
#771=ORIENTED_EDGE('',*,*,#1203,.F.);
#772=ORIENTED_EDGE('',*,*,#1198,.T.);
#773=ORIENTED_EDGE('',*,*,#1205,.T.);
#774=ORIENTED_EDGE('',*,*,#1173,.F.);
#775=ORIENTED_EDGE('',*,*,#1204,.F.);
#776=ORIENTED_EDGE('',*,*,#1197,.T.);
#777=ORIENTED_EDGE('',*,*,#1206,.T.);
#778=ORIENTED_EDGE('',*,*,#1174,.F.);
#779=ORIENTED_EDGE('',*,*,#1205,.F.);
#780=ORIENTED_EDGE('',*,*,#1196,.T.);
#781=ORIENTED_EDGE('',*,*,#1207,.T.);
#782=ORIENTED_EDGE('',*,*,#1175,.F.);
#783=ORIENTED_EDGE('',*,*,#1206,.F.);
#784=ORIENTED_EDGE('',*,*,#1195,.T.);
#785=ORIENTED_EDGE('',*,*,#1208,.T.);
#786=ORIENTED_EDGE('',*,*,#1176,.F.);
#787=ORIENTED_EDGE('',*,*,#1207,.F.);
#788=ORIENTED_EDGE('',*,*,#1194,.T.);
#789=ORIENTED_EDGE('',*,*,#1209,.T.);
#790=ORIENTED_EDGE('',*,*,#1177,.F.);
#791=ORIENTED_EDGE('',*,*,#1208,.F.);
#792=ORIENTED_EDGE('',*,*,#1193,.T.);
#793=ORIENTED_EDGE('',*,*,#1210,.T.);
#794=ORIENTED_EDGE('',*,*,#1178,.F.);
#795=ORIENTED_EDGE('',*,*,#1209,.F.);
#796=ORIENTED_EDGE('',*,*,#1192,.T.);
#797=ORIENTED_EDGE('',*,*,#1211,.T.);
#798=ORIENTED_EDGE('',*,*,#1179,.F.);
#799=ORIENTED_EDGE('',*,*,#1210,.F.);
#800=ORIENTED_EDGE('',*,*,#1191,.T.);
#801=ORIENTED_EDGE('',*,*,#1212,.T.);
#802=ORIENTED_EDGE('',*,*,#1180,.F.);
#803=ORIENTED_EDGE('',*,*,#1211,.F.);
#804=ORIENTED_EDGE('',*,*,#1190,.T.);
#805=ORIENTED_EDGE('',*,*,#1213,.T.);
#806=ORIENTED_EDGE('',*,*,#1181,.F.);
#807=ORIENTED_EDGE('',*,*,#1212,.F.);
#808=ORIENTED_EDGE('',*,*,#1189,.T.);
#809=ORIENTED_EDGE('',*,*,#1214,.T.);
#810=ORIENTED_EDGE('',*,*,#1182,.F.);
#811=ORIENTED_EDGE('',*,*,#1213,.F.);
#812=ORIENTED_EDGE('',*,*,#1188,.T.);
#813=ORIENTED_EDGE('',*,*,#1215,.T.);
#814=ORIENTED_EDGE('',*,*,#1183,.F.);
#815=ORIENTED_EDGE('',*,*,#1214,.F.);
#816=ORIENTED_EDGE('',*,*,#1187,.T.);
#817=ORIENTED_EDGE('',*,*,#1216,.T.);
#818=ORIENTED_EDGE('',*,*,#1184,.F.);
#819=ORIENTED_EDGE('',*,*,#1215,.F.);
#820=ORIENTED_EDGE('',*,*,#1186,.T.);
#821=ORIENTED_EDGE('',*,*,#1202,.T.);
#822=ORIENTED_EDGE('',*,*,#1169,.F.);
#823=ORIENTED_EDGE('',*,*,#1216,.F.);
#824=ORIENTED_EDGE('',*,*,#1185,.T.);
#825=EDGE_CURVE('',#1217,#1218,#1473,.T.);
#826=EDGE_CURVE('',#1217,#1219,#1474,.T.);
#827=EDGE_CURVE('',#1219,#1220,#1475,.T.);
#828=EDGE_CURVE('',#1220,#1218,#1476,.T.);
#829=EDGE_CURVE('',#1221,#1222,#1477,.T.);
#830=EDGE_CURVE('',#1222,#1223,#1478,.T.);
#831=EDGE_CURVE('',#1223,#1224,#1479,.T.);
#832=EDGE_CURVE('',#1224,#1225,#1480,.T.);
#833=EDGE_CURVE('',#1225,#1226,#1481,.T.);
#834=EDGE_CURVE('',#1226,#1227,#1482,.T.);
#835=EDGE_CURVE('',#1227,#1228,#1483,.T.);
#836=EDGE_CURVE('',#1228,#1221,#1484,.T.);
#837=EDGE_CURVE('',#1229,#1230,#1485,.T.);
#838=EDGE_CURVE('',#1229,#1218,#1486,.T.);
#839=EDGE_CURVE('',#1220,#1231,#1487,.T.);
#840=EDGE_CURVE('',#1231,#1232,#1488,.T.);
#841=EDGE_CURVE('',#1233,#1232,#1489,.T.);
#842=EDGE_CURVE('',#1234,#1233,#1490,.T.);
#843=EDGE_CURVE('',#1234,#1230,#1491,.T.);
#844=EDGE_CURVE('',#1235,#1231,#1492,.T.);
#845=EDGE_CURVE('',#1219,#1235,#1493,.T.);
#846=EDGE_CURVE('',#1217,#1236,#1494,.T.);
#847=EDGE_CURVE('',#1237,#1236,#1495,.T.);
#848=EDGE_CURVE('',#1237,#1238,#1496,.T.);
#849=EDGE_CURVE('',#1239,#1238,#1497,.T.);
#850=EDGE_CURVE('',#1239,#1240,#1498,.T.);
#851=EDGE_CURVE('',#1240,#1235,#1499,.T.);
#852=EDGE_CURVE('',#1232,#1240,#1500,.T.);
#853=EDGE_CURVE('',#1233,#1239,#1501,.T.);
#854=EDGE_CURVE('',#1234,#1238,#1502,.T.);
#855=EDGE_CURVE('',#1230,#1241,#1503,.T.);
#856=EDGE_CURVE('',#1241,#1242,#1504,.T.);
#857=EDGE_CURVE('',#1242,#1229,#1505,.T.);
#858=EDGE_CURVE('',#1236,#1243,#1506,.T.);
#859=EDGE_CURVE('',#1243,#1244,#1507,.T.);
#860=EDGE_CURVE('',#1244,#1237,#1508,.T.);
#861=EDGE_CURVE('',#1242,#1245,#1509,.T.);
#862=EDGE_CURVE('',#1245,#1246,#1510,.T.);
#863=EDGE_CURVE('',#1243,#1246,#1511,.T.);
#864=EDGE_CURVE('',#1244,#1247,#1512,.T.);
#865=EDGE_CURVE('',#1247,#1248,#1513,.T.);
#866=EDGE_CURVE('',#1241,#1248,#1514,.T.);
#867=EDGE_CURVE('',#1246,#1247,#1515,.T.);
#868=EDGE_CURVE('',#1248,#1245,#1516,.T.);
#869=EDGE_CURVE('',#1249,#1248,#1517,.T.);
#870=EDGE_CURVE('',#1250,#1249,#1518,.T.);
#871=EDGE_CURVE('',#1245,#1250,#1519,.T.);
#872=EDGE_CURVE('',#1251,#1250,#1520,.T.);
#873=EDGE_CURVE('',#1246,#1251,#1521,.T.);
#874=EDGE_CURVE('',#1252,#1247,#1522,.T.);
#875=EDGE_CURVE('',#1249,#1252,#1523,.T.);
#876=EDGE_CURVE('',#1252,#1251,#1524,.T.);
#877=EDGE_CURVE('',#1253,#1254,#1525,.T.);
#878=EDGE_CURVE('',#1253,#1255,#1526,.T.);
#879=EDGE_CURVE('',#1255,#1256,#1527,.T.);
#880=EDGE_CURVE('',#1256,#1254,#1528,.T.);
#881=EDGE_CURVE('',#1257,#1258,#1529,.T.);
#882=EDGE_CURVE('',#1257,#1254,#1530,.T.);
#883=EDGE_CURVE('',#1256,#1259,#1531,.T.);
#884=EDGE_CURVE('',#1259,#1260,#1532,.T.);
#885=EDGE_CURVE('',#1261,#1260,#1533,.T.);
#886=EDGE_CURVE('',#1262,#1261,#1534,.T.);
#887=EDGE_CURVE('',#1262,#1258,#1535,.T.);
#888=EDGE_CURVE('',#1263,#1259,#1536,.T.);
#889=EDGE_CURVE('',#1255,#1263,#1537,.T.);
#890=EDGE_CURVE('',#1253,#1264,#1538,.T.);
#891=EDGE_CURVE('',#1265,#1264,#1539,.T.);
#892=EDGE_CURVE('',#1265,#1266,#1540,.T.);
#893=EDGE_CURVE('',#1267,#1266,#1541,.T.);
#894=EDGE_CURVE('',#1267,#1268,#1542,.T.);
#895=EDGE_CURVE('',#1268,#1263,#1543,.T.);
#896=EDGE_CURVE('',#1260,#1268,#1544,.T.);
#897=EDGE_CURVE('',#1261,#1267,#1545,.T.);
#898=EDGE_CURVE('',#1262,#1266,#1546,.T.);
#899=EDGE_CURVE('',#1258,#1269,#1547,.T.);
#900=EDGE_CURVE('',#1269,#1270,#1548,.T.);
#901=EDGE_CURVE('',#1270,#1257,#1549,.T.);
#902=EDGE_CURVE('',#1264,#1271,#1550,.T.);
#903=EDGE_CURVE('',#1271,#1272,#1551,.T.);
#904=EDGE_CURVE('',#1272,#1265,#1552,.T.);
#905=EDGE_CURVE('',#1270,#1273,#1553,.T.);
#906=EDGE_CURVE('',#1273,#1274,#1554,.T.);
#907=EDGE_CURVE('',#1271,#1274,#1555,.T.);
#908=EDGE_CURVE('',#1272,#1275,#1556,.T.);
#909=EDGE_CURVE('',#1275,#1276,#1557,.T.);
#910=EDGE_CURVE('',#1269,#1276,#1558,.T.);
#911=EDGE_CURVE('',#1274,#1275,#1559,.T.);
#912=EDGE_CURVE('',#1276,#1273,#1560,.T.);
#913=EDGE_CURVE('',#1277,#1276,#1561,.T.);
#914=EDGE_CURVE('',#1278,#1277,#1562,.T.);
#915=EDGE_CURVE('',#1273,#1278,#1563,.T.);
#916=EDGE_CURVE('',#1279,#1278,#1564,.T.);
#917=EDGE_CURVE('',#1274,#1279,#1565,.T.);
#918=EDGE_CURVE('',#1280,#1275,#1566,.T.);
#919=EDGE_CURVE('',#1277,#1280,#1567,.T.);
#920=EDGE_CURVE('',#1280,#1279,#1568,.T.);
#921=EDGE_CURVE('',#1281,#1282,#1569,.T.);
#922=EDGE_CURVE('',#1281,#1283,#1570,.T.);
#923=EDGE_CURVE('',#1283,#1284,#1571,.T.);
#924=EDGE_CURVE('',#1284,#1282,#1572,.T.);
#925=EDGE_CURVE('',#1285,#1286,#1573,.T.);
#926=EDGE_CURVE('',#1285,#1282,#1574,.T.);
#927=EDGE_CURVE('',#1284,#1287,#1575,.T.);
#928=EDGE_CURVE('',#1287,#1288,#1576,.T.);
#929=EDGE_CURVE('',#1289,#1288,#1577,.T.);
#930=EDGE_CURVE('',#1290,#1289,#1578,.T.);
#931=EDGE_CURVE('',#1290,#1286,#1579,.T.);
#932=EDGE_CURVE('',#1291,#1287,#1580,.T.);
#933=EDGE_CURVE('',#1283,#1291,#1581,.T.);
#934=EDGE_CURVE('',#1281,#1292,#1582,.T.);
#935=EDGE_CURVE('',#1293,#1292,#1583,.T.);
#936=EDGE_CURVE('',#1293,#1294,#1584,.T.);
#937=EDGE_CURVE('',#1295,#1294,#1585,.T.);
#938=EDGE_CURVE('',#1295,#1296,#1586,.T.);
#939=EDGE_CURVE('',#1296,#1291,#1587,.T.);
#940=EDGE_CURVE('',#1288,#1296,#1588,.T.);
#941=EDGE_CURVE('',#1289,#1295,#1589,.T.);
#942=EDGE_CURVE('',#1290,#1294,#1590,.T.);
#943=EDGE_CURVE('',#1286,#1297,#1591,.T.);
#944=EDGE_CURVE('',#1297,#1298,#1592,.T.);
#945=EDGE_CURVE('',#1298,#1285,#1593,.T.);
#946=EDGE_CURVE('',#1292,#1299,#1594,.T.);
#947=EDGE_CURVE('',#1299,#1300,#1595,.T.);
#948=EDGE_CURVE('',#1300,#1293,#1596,.T.);
#949=EDGE_CURVE('',#1298,#1301,#1597,.T.);
#950=EDGE_CURVE('',#1301,#1302,#1598,.T.);
#951=EDGE_CURVE('',#1299,#1302,#1599,.T.);
#952=EDGE_CURVE('',#1300,#1303,#1600,.T.);
#953=EDGE_CURVE('',#1303,#1304,#1601,.T.);
#954=EDGE_CURVE('',#1297,#1304,#1602,.T.);
#955=EDGE_CURVE('',#1302,#1303,#1603,.T.);
#956=EDGE_CURVE('',#1304,#1301,#1604,.T.);
#957=EDGE_CURVE('',#1305,#1304,#1605,.T.);
#958=EDGE_CURVE('',#1306,#1305,#1606,.T.);
#959=EDGE_CURVE('',#1301,#1306,#1607,.T.);
#960=EDGE_CURVE('',#1307,#1306,#1608,.T.);
#961=EDGE_CURVE('',#1302,#1307,#1609,.T.);
#962=EDGE_CURVE('',#1308,#1303,#1610,.T.);
#963=EDGE_CURVE('',#1305,#1308,#1611,.T.);
#964=EDGE_CURVE('',#1308,#1307,#1612,.T.);
#965=EDGE_CURVE('',#1309,#1310,#1613,.T.);
#966=EDGE_CURVE('',#1311,#1310,#1614,.T.);
#967=EDGE_CURVE('',#1311,#1312,#1615,.T.);
#968=EDGE_CURVE('',#1309,#1312,#1616,.T.);
#969=EDGE_CURVE('',#1313,#1314,#1617,.T.);
#970=EDGE_CURVE('',#1312,#1314,#1618,.T.);
#971=EDGE_CURVE('',#1313,#1311,#1619,.T.);
#972=EDGE_CURVE('',#1315,#1316,#1620,.T.);
#973=EDGE_CURVE('',#1310,#1316,#1621,.T.);
#974=EDGE_CURVE('',#1315,#1309,#1622,.T.);
#975=EDGE_CURVE('',#1316,#1313,#1623,.T.);
#976=EDGE_CURVE('',#1314,#1315,#1624,.T.);
#977=EDGE_CURVE('',#1317,#1314,#1625,.T.);
#978=EDGE_CURVE('',#1318,#1315,#1626,.T.);
#979=EDGE_CURVE('',#1317,#1318,#1627,.T.);
#980=EDGE_CURVE('',#1319,#1309,#1628,.T.);
#981=EDGE_CURVE('',#1320,#1312,#1629,.T.);
#982=EDGE_CURVE('',#1319,#1320,#1630,.T.);
#983=EDGE_CURVE('',#1321,#1317,#1631,.T.);
#984=EDGE_CURVE('',#1322,#1321,#1632,.T.);
#985=EDGE_CURVE('',#1322,#1323,#1633,.T.);
#986=EDGE_CURVE('',#1324,#1323,#1634,.T.);
#987=EDGE_CURVE('',#1320,#1324,#1635,.T.);
#988=EDGE_CURVE('',#1325,#1319,#1636,.T.);
#989=EDGE_CURVE('',#1326,#1325,#1637,.T.);
#990=EDGE_CURVE('',#1326,#1327,#1638,.T.);
#991=EDGE_CURVE('',#1328,#1327,#1639,.T.);
#992=EDGE_CURVE('',#1318,#1328,#1640,.T.);
#993=EDGE_CURVE('',#1324,#1325,#1641,.T.);
#994=EDGE_CURVE('',#1328,#1321,#1642,.T.);
#995=EDGE_CURVE('',#1322,#1329,#1643,.T.);
#996=EDGE_CURVE('',#1329,#1330,#1644,.T.);
#997=EDGE_CURVE('',#1330,#1323,#1645,.T.);
#998=EDGE_CURVE('',#1331,#1332,#1646,.T.);
#999=EDGE_CURVE('',#1330,#1332,#1647,.T.);
#1000=EDGE_CURVE('',#1329,#1331,#1648,.T.);
#1001=EDGE_CURVE('',#1326,#1333,#1649,.T.);
#1002=EDGE_CURVE('',#1332,#1334,#1650,.T.);
#1003=EDGE_CURVE('',#1333,#1334,#1651,.T.);
#1004=EDGE_CURVE('',#1334,#1335,#1652,.T.);
#1005=EDGE_CURVE('',#1336,#1335,#1653,.T.);
#1006=EDGE_CURVE('',#1333,#1336,#1654,.T.);
#1007=EDGE_CURVE('',#1336,#1327,#1655,.T.);
#1008=EDGE_CURVE('',#1335,#1331,#1656,.T.);
#1009=EDGE_CURVE('',#1227,#1337,#1657,.T.);
#1010=EDGE_CURVE('',#1337,#1338,#1658,.T.);
#1011=EDGE_CURVE('',#1228,#1338,#1659,.T.);
#1012=EDGE_CURVE('',#1338,#1339,#1660,.T.);
#1013=EDGE_CURVE('',#1221,#1339,#1661,.T.);
#1014=EDGE_CURVE('',#1339,#1340,#1662,.T.);
#1015=EDGE_CURVE('',#1222,#1340,#1663,.T.);
#1016=EDGE_CURVE('',#1340,#1341,#1664,.T.);
#1017=EDGE_CURVE('',#1342,#1337,#1665,.T.);
#1018=EDGE_CURVE('',#1343,#1342,#1666,.T.);
#1019=EDGE_CURVE('',#1344,#1343,#1667,.T.);
#1020=EDGE_CURVE('',#1341,#1344,#1668,.T.);
#1021=EDGE_CURVE('',#1225,#1343,#1669,.T.);
#1022=EDGE_CURVE('',#1224,#1344,#1670,.T.);
#1023=EDGE_CURVE('',#1223,#1341,#1671,.T.);
#1024=EDGE_CURVE('',#1226,#1342,#1672,.T.);
#1025=EDGE_CURVE('',#1345,#1346,#1673,.T.);
#1026=EDGE_CURVE('',#1346,#1347,#1674,.T.);
#1027=EDGE_CURVE('',#1347,#1348,#1675,.T.);
#1028=EDGE_CURVE('',#1348,#1349,#1676,.T.);
#1029=EDGE_CURVE('',#1349,#1350,#1677,.T.);
#1030=EDGE_CURVE('',#1350,#1351,#1678,.T.);
#1031=EDGE_CURVE('',#1351,#1352,#1679,.T.);
#1032=EDGE_CURVE('',#1352,#1353,#1680,.T.);
#1033=EDGE_CURVE('',#1353,#1354,#1681,.T.);
#1034=EDGE_CURVE('',#1354,#1355,#1682,.T.);
#1035=EDGE_CURVE('',#1355,#1356,#1683,.T.);
#1036=EDGE_CURVE('',#1356,#1357,#1684,.T.);
#1037=EDGE_CURVE('',#1357,#1358,#1685,.T.);
#1038=EDGE_CURVE('',#1358,#1359,#1686,.T.);
#1039=EDGE_CURVE('',#1359,#1360,#30,.T.);
#1040=EDGE_CURVE('',#1360,#1345,#1687,.T.);
#1041=EDGE_CURVE('',#1361,#1362,#1688,.T.);
#1042=EDGE_CURVE('',#1363,#1361,#1689,.T.);
#1043=EDGE_CURVE('',#1364,#1363,#31,.T.);
#1044=EDGE_CURVE('',#1365,#1364,#1690,.T.);
#1045=EDGE_CURVE('',#1366,#1365,#1691,.T.);
#1046=EDGE_CURVE('',#1367,#1366,#1692,.T.);
#1047=EDGE_CURVE('',#1368,#1367,#1693,.T.);
#1048=EDGE_CURVE('',#1369,#1368,#1694,.T.);
#1049=EDGE_CURVE('',#1370,#1369,#1695,.T.);
#1050=EDGE_CURVE('',#1371,#1370,#1696,.T.);
#1051=EDGE_CURVE('',#1372,#1371,#1697,.T.);
#1052=EDGE_CURVE('',#1373,#1372,#1698,.T.);
#1053=EDGE_CURVE('',#1374,#1373,#1699,.T.);
#1054=EDGE_CURVE('',#1375,#1374,#1700,.T.);
#1055=EDGE_CURVE('',#1376,#1375,#1701,.T.);
#1056=EDGE_CURVE('',#1362,#1376,#1702,.T.);
#1057=EDGE_CURVE('',#1376,#1347,#1703,.T.);
#1058=EDGE_CURVE('',#1362,#1346,#1704,.T.);
#1059=EDGE_CURVE('',#1375,#1348,#1705,.T.);
#1060=EDGE_CURVE('',#1374,#1349,#1706,.T.);
#1061=EDGE_CURVE('',#1373,#1350,#1707,.T.);
#1062=EDGE_CURVE('',#1372,#1351,#1708,.T.);
#1063=EDGE_CURVE('',#1371,#1352,#1709,.T.);
#1064=EDGE_CURVE('',#1370,#1353,#1710,.T.);
#1065=EDGE_CURVE('',#1369,#1354,#1711,.T.);
#1066=EDGE_CURVE('',#1368,#1355,#1712,.T.);
#1067=EDGE_CURVE('',#1367,#1356,#1713,.T.);
#1068=EDGE_CURVE('',#1366,#1357,#1714,.T.);
#1069=EDGE_CURVE('',#1365,#1358,#1715,.T.);
#1070=EDGE_CURVE('',#1364,#1359,#1716,.T.);
#1071=EDGE_CURVE('',#1363,#1360,#1717,.T.);
#1072=EDGE_CURVE('',#1361,#1345,#1718,.T.);
#1073=EDGE_CURVE('',#1377,#1378,#1719,.T.);
#1074=EDGE_CURVE('',#1378,#1379,#1720,.T.);
#1075=EDGE_CURVE('',#1379,#1380,#1721,.T.);
#1076=EDGE_CURVE('',#1380,#1381,#1722,.T.);
#1077=EDGE_CURVE('',#1381,#1382,#1723,.T.);
#1078=EDGE_CURVE('',#1382,#1383,#1724,.T.);
#1079=EDGE_CURVE('',#1383,#1384,#1725,.T.);
#1080=EDGE_CURVE('',#1384,#1385,#1726,.T.);
#1081=EDGE_CURVE('',#1385,#1386,#1727,.T.);
#1082=EDGE_CURVE('',#1386,#1387,#1728,.T.);
#1083=EDGE_CURVE('',#1387,#1388,#1729,.T.);
#1084=EDGE_CURVE('',#1388,#1389,#1730,.T.);
#1085=EDGE_CURVE('',#1389,#1390,#1731,.T.);
#1086=EDGE_CURVE('',#1390,#1391,#1732,.T.);
#1087=EDGE_CURVE('',#1391,#1392,#32,.T.);
#1088=EDGE_CURVE('',#1392,#1377,#1733,.T.);
#1089=EDGE_CURVE('',#1393,#1394,#1734,.T.);
#1090=EDGE_CURVE('',#1395,#1393,#1735,.T.);
#1091=EDGE_CURVE('',#1396,#1395,#33,.T.);
#1092=EDGE_CURVE('',#1397,#1396,#1736,.T.);
#1093=EDGE_CURVE('',#1398,#1397,#1737,.T.);
#1094=EDGE_CURVE('',#1399,#1398,#1738,.T.);
#1095=EDGE_CURVE('',#1400,#1399,#1739,.T.);
#1096=EDGE_CURVE('',#1401,#1400,#1740,.T.);
#1097=EDGE_CURVE('',#1402,#1401,#1741,.T.);
#1098=EDGE_CURVE('',#1403,#1402,#1742,.T.);
#1099=EDGE_CURVE('',#1404,#1403,#1743,.T.);
#1100=EDGE_CURVE('',#1405,#1404,#1744,.T.);
#1101=EDGE_CURVE('',#1406,#1405,#1745,.T.);
#1102=EDGE_CURVE('',#1407,#1406,#1746,.T.);
#1103=EDGE_CURVE('',#1408,#1407,#1747,.T.);
#1104=EDGE_CURVE('',#1394,#1408,#1748,.T.);
#1105=EDGE_CURVE('',#1408,#1379,#1749,.T.);
#1106=EDGE_CURVE('',#1394,#1378,#1750,.T.);
#1107=EDGE_CURVE('',#1407,#1380,#1751,.T.);
#1108=EDGE_CURVE('',#1406,#1381,#1752,.T.);
#1109=EDGE_CURVE('',#1405,#1382,#1753,.T.);
#1110=EDGE_CURVE('',#1404,#1383,#1754,.T.);
#1111=EDGE_CURVE('',#1403,#1384,#1755,.T.);
#1112=EDGE_CURVE('',#1402,#1385,#1756,.T.);
#1113=EDGE_CURVE('',#1401,#1386,#1757,.T.);
#1114=EDGE_CURVE('',#1400,#1387,#1758,.T.);
#1115=EDGE_CURVE('',#1399,#1388,#1759,.T.);
#1116=EDGE_CURVE('',#1398,#1389,#1760,.T.);
#1117=EDGE_CURVE('',#1397,#1390,#1761,.T.);
#1118=EDGE_CURVE('',#1396,#1391,#1762,.T.);
#1119=EDGE_CURVE('',#1395,#1392,#1763,.T.);
#1120=EDGE_CURVE('',#1393,#1377,#1764,.T.);
#1121=EDGE_CURVE('',#1409,#1410,#1765,.T.);
#1122=EDGE_CURVE('',#1410,#1411,#1766,.T.);
#1123=EDGE_CURVE('',#1411,#1412,#1767,.T.);
#1124=EDGE_CURVE('',#1412,#1413,#1768,.T.);
#1125=EDGE_CURVE('',#1413,#1414,#1769,.T.);
#1126=EDGE_CURVE('',#1414,#1415,#1770,.T.);
#1127=EDGE_CURVE('',#1415,#1416,#1771,.T.);
#1128=EDGE_CURVE('',#1416,#1417,#1772,.T.);
#1129=EDGE_CURVE('',#1417,#1418,#1773,.T.);
#1130=EDGE_CURVE('',#1418,#1419,#1774,.T.);
#1131=EDGE_CURVE('',#1419,#1420,#1775,.T.);
#1132=EDGE_CURVE('',#1420,#1421,#1776,.T.);
#1133=EDGE_CURVE('',#1421,#1422,#1777,.T.);
#1134=EDGE_CURVE('',#1422,#1423,#1778,.T.);
#1135=EDGE_CURVE('',#1423,#1424,#34,.T.);
#1136=EDGE_CURVE('',#1424,#1409,#1779,.T.);
#1137=EDGE_CURVE('',#1425,#1426,#1780,.T.);
#1138=EDGE_CURVE('',#1427,#1425,#1781,.T.);
#1139=EDGE_CURVE('',#1428,#1427,#35,.T.);
#1140=EDGE_CURVE('',#1429,#1428,#1782,.T.);
#1141=EDGE_CURVE('',#1430,#1429,#1783,.T.);
#1142=EDGE_CURVE('',#1431,#1430,#1784,.T.);
#1143=EDGE_CURVE('',#1432,#1431,#1785,.T.);
#1144=EDGE_CURVE('',#1433,#1432,#1786,.T.);
#1145=EDGE_CURVE('',#1434,#1433,#1787,.T.);
#1146=EDGE_CURVE('',#1435,#1434,#1788,.T.);
#1147=EDGE_CURVE('',#1436,#1435,#1789,.T.);
#1148=EDGE_CURVE('',#1437,#1436,#1790,.T.);
#1149=EDGE_CURVE('',#1438,#1437,#1791,.T.);
#1150=EDGE_CURVE('',#1439,#1438,#1792,.T.);
#1151=EDGE_CURVE('',#1440,#1439,#1793,.T.);
#1152=EDGE_CURVE('',#1426,#1440,#1794,.T.);
#1153=EDGE_CURVE('',#1440,#1411,#1795,.T.);
#1154=EDGE_CURVE('',#1426,#1410,#1796,.T.);
#1155=EDGE_CURVE('',#1439,#1412,#1797,.T.);
#1156=EDGE_CURVE('',#1438,#1413,#1798,.T.);
#1157=EDGE_CURVE('',#1437,#1414,#1799,.T.);
#1158=EDGE_CURVE('',#1436,#1415,#1800,.T.);
#1159=EDGE_CURVE('',#1435,#1416,#1801,.T.);
#1160=EDGE_CURVE('',#1434,#1417,#1802,.T.);
#1161=EDGE_CURVE('',#1433,#1418,#1803,.T.);
#1162=EDGE_CURVE('',#1432,#1419,#1804,.T.);
#1163=EDGE_CURVE('',#1431,#1420,#1805,.T.);
#1164=EDGE_CURVE('',#1430,#1421,#1806,.T.);
#1165=EDGE_CURVE('',#1429,#1422,#1807,.T.);
#1166=EDGE_CURVE('',#1428,#1423,#1808,.T.);
#1167=EDGE_CURVE('',#1427,#1424,#1809,.T.);
#1168=EDGE_CURVE('',#1425,#1409,#1810,.T.);
#1169=EDGE_CURVE('',#1441,#1442,#1811,.T.);
#1170=EDGE_CURVE('',#1442,#1443,#1812,.T.);
#1171=EDGE_CURVE('',#1443,#1444,#1813,.T.);
#1172=EDGE_CURVE('',#1444,#1445,#1814,.T.);
#1173=EDGE_CURVE('',#1445,#1446,#1815,.T.);
#1174=EDGE_CURVE('',#1446,#1447,#1816,.T.);
#1175=EDGE_CURVE('',#1447,#1448,#1817,.T.);
#1176=EDGE_CURVE('',#1448,#1449,#1818,.T.);
#1177=EDGE_CURVE('',#1449,#1450,#1819,.T.);
#1178=EDGE_CURVE('',#1450,#1451,#1820,.T.);
#1179=EDGE_CURVE('',#1451,#1452,#1821,.T.);
#1180=EDGE_CURVE('',#1452,#1453,#1822,.T.);
#1181=EDGE_CURVE('',#1453,#1454,#1823,.T.);
#1182=EDGE_CURVE('',#1454,#1455,#1824,.T.);
#1183=EDGE_CURVE('',#1455,#1456,#36,.T.);
#1184=EDGE_CURVE('',#1456,#1441,#1825,.T.);
#1185=EDGE_CURVE('',#1457,#1458,#1826,.T.);
#1186=EDGE_CURVE('',#1459,#1457,#1827,.T.);
#1187=EDGE_CURVE('',#1460,#1459,#37,.T.);
#1188=EDGE_CURVE('',#1461,#1460,#1828,.T.);
#1189=EDGE_CURVE('',#1462,#1461,#1829,.T.);
#1190=EDGE_CURVE('',#1463,#1462,#1830,.T.);
#1191=EDGE_CURVE('',#1464,#1463,#1831,.T.);
#1192=EDGE_CURVE('',#1465,#1464,#1832,.T.);
#1193=EDGE_CURVE('',#1466,#1465,#1833,.T.);
#1194=EDGE_CURVE('',#1467,#1466,#1834,.T.);
#1195=EDGE_CURVE('',#1468,#1467,#1835,.T.);
#1196=EDGE_CURVE('',#1469,#1468,#1836,.T.);
#1197=EDGE_CURVE('',#1470,#1469,#1837,.T.);
#1198=EDGE_CURVE('',#1471,#1470,#1838,.T.);
#1199=EDGE_CURVE('',#1472,#1471,#1839,.T.);
#1200=EDGE_CURVE('',#1458,#1472,#1840,.T.);
#1201=EDGE_CURVE('',#1472,#1443,#1841,.T.);
#1202=EDGE_CURVE('',#1458,#1442,#1842,.T.);
#1203=EDGE_CURVE('',#1471,#1444,#1843,.T.);
#1204=EDGE_CURVE('',#1470,#1445,#1844,.T.);
#1205=EDGE_CURVE('',#1469,#1446,#1845,.T.);
#1206=EDGE_CURVE('',#1468,#1447,#1846,.T.);
#1207=EDGE_CURVE('',#1467,#1448,#1847,.T.);
#1208=EDGE_CURVE('',#1466,#1449,#1848,.T.);
#1209=EDGE_CURVE('',#1465,#1450,#1849,.T.);
#1210=EDGE_CURVE('',#1464,#1451,#1850,.T.);
#1211=EDGE_CURVE('',#1463,#1452,#1851,.T.);
#1212=EDGE_CURVE('',#1462,#1453,#1852,.T.);
#1213=EDGE_CURVE('',#1461,#1454,#1853,.T.);
#1214=EDGE_CURVE('',#1460,#1455,#1854,.T.);
#1215=EDGE_CURVE('',#1459,#1456,#1855,.T.);
#1216=EDGE_CURVE('',#1457,#1441,#1856,.T.);
#1217=VERTEX_POINT('',#4258);
#1218=VERTEX_POINT('',#4259);
#1219=VERTEX_POINT('',#4261);
#1220=VERTEX_POINT('',#4263);
#1221=VERTEX_POINT('',#4267);
#1222=VERTEX_POINT('',#4268);
#1223=VERTEX_POINT('',#4270);
#1224=VERTEX_POINT('',#4272);
#1225=VERTEX_POINT('',#4274);
#1226=VERTEX_POINT('',#4276);
#1227=VERTEX_POINT('',#4278);
#1228=VERTEX_POINT('',#4280);
#1229=VERTEX_POINT('',#4284);
#1230=VERTEX_POINT('',#4285);
#1231=VERTEX_POINT('',#4288);
#1232=VERTEX_POINT('',#4290);
#1233=VERTEX_POINT('',#4292);
#1234=VERTEX_POINT('',#4294);
#1235=VERTEX_POINT('',#4298);
#1236=VERTEX_POINT('',#4302);
#1237=VERTEX_POINT('',#4304);
#1238=VERTEX_POINT('',#4306);
#1239=VERTEX_POINT('',#4308);
#1240=VERTEX_POINT('',#4310);
#1241=VERTEX_POINT('',#4319);
#1242=VERTEX_POINT('',#4321);
#1243=VERTEX_POINT('',#4325);
#1244=VERTEX_POINT('',#4327);
#1245=VERTEX_POINT('',#4331);
#1246=VERTEX_POINT('',#4333);
#1247=VERTEX_POINT('',#4337);
#1248=VERTEX_POINT('',#4339);
#1249=VERTEX_POINT('',#4347);
#1250=VERTEX_POINT('',#4349);
#1251=VERTEX_POINT('',#4353);
#1252=VERTEX_POINT('',#4357);
#1253=VERTEX_POINT('',#4363);
#1254=VERTEX_POINT('',#4364);
#1255=VERTEX_POINT('',#4366);
#1256=VERTEX_POINT('',#4368);
#1257=VERTEX_POINT('',#4372);
#1258=VERTEX_POINT('',#4373);
#1259=VERTEX_POINT('',#4376);
#1260=VERTEX_POINT('',#4378);
#1261=VERTEX_POINT('',#4380);
#1262=VERTEX_POINT('',#4382);
#1263=VERTEX_POINT('',#4386);
#1264=VERTEX_POINT('',#4390);
#1265=VERTEX_POINT('',#4392);
#1266=VERTEX_POINT('',#4394);
#1267=VERTEX_POINT('',#4396);
#1268=VERTEX_POINT('',#4398);
#1269=VERTEX_POINT('',#4407);
#1270=VERTEX_POINT('',#4409);
#1271=VERTEX_POINT('',#4413);
#1272=VERTEX_POINT('',#4415);
#1273=VERTEX_POINT('',#4419);
#1274=VERTEX_POINT('',#4421);
#1275=VERTEX_POINT('',#4425);
#1276=VERTEX_POINT('',#4427);
#1277=VERTEX_POINT('',#4435);
#1278=VERTEX_POINT('',#4437);
#1279=VERTEX_POINT('',#4441);
#1280=VERTEX_POINT('',#4445);
#1281=VERTEX_POINT('',#4451);
#1282=VERTEX_POINT('',#4452);
#1283=VERTEX_POINT('',#4454);
#1284=VERTEX_POINT('',#4456);
#1285=VERTEX_POINT('',#4460);
#1286=VERTEX_POINT('',#4461);
#1287=VERTEX_POINT('',#4464);
#1288=VERTEX_POINT('',#4466);
#1289=VERTEX_POINT('',#4468);
#1290=VERTEX_POINT('',#4470);
#1291=VERTEX_POINT('',#4474);
#1292=VERTEX_POINT('',#4478);
#1293=VERTEX_POINT('',#4480);
#1294=VERTEX_POINT('',#4482);
#1295=VERTEX_POINT('',#4484);
#1296=VERTEX_POINT('',#4486);
#1297=VERTEX_POINT('',#4495);
#1298=VERTEX_POINT('',#4497);
#1299=VERTEX_POINT('',#4501);
#1300=VERTEX_POINT('',#4503);
#1301=VERTEX_POINT('',#4507);
#1302=VERTEX_POINT('',#4509);
#1303=VERTEX_POINT('',#4513);
#1304=VERTEX_POINT('',#4515);
#1305=VERTEX_POINT('',#4523);
#1306=VERTEX_POINT('',#4525);
#1307=VERTEX_POINT('',#4529);
#1308=VERTEX_POINT('',#4533);
#1309=VERTEX_POINT('',#4539);
#1310=VERTEX_POINT('',#4540);
#1311=VERTEX_POINT('',#4542);
#1312=VERTEX_POINT('',#4544);
#1313=VERTEX_POINT('',#4548);
#1314=VERTEX_POINT('',#4549);
#1315=VERTEX_POINT('',#4554);
#1316=VERTEX_POINT('',#4555);
#1317=VERTEX_POINT('',#4563);
#1318=VERTEX_POINT('',#4565);
#1319=VERTEX_POINT('',#4569);
#1320=VERTEX_POINT('',#4571);
#1321=VERTEX_POINT('',#4575);
#1322=VERTEX_POINT('',#4577);
#1323=VERTEX_POINT('',#4579);
#1324=VERTEX_POINT('',#4581);
#1325=VERTEX_POINT('',#4585);
#1326=VERTEX_POINT('',#4587);
#1327=VERTEX_POINT('',#4589);
#1328=VERTEX_POINT('',#4591);
#1329=VERTEX_POINT('',#4599);
#1330=VERTEX_POINT('',#4601);
#1331=VERTEX_POINT('',#4605);
#1332=VERTEX_POINT('',#4606);
#1333=VERTEX_POINT('',#4611);
#1334=VERTEX_POINT('',#4613);
#1335=VERTEX_POINT('',#4617);
#1336=VERTEX_POINT('',#4619);
#1337=VERTEX_POINT('',#4626);
#1338=VERTEX_POINT('',#4628);
#1339=VERTEX_POINT('',#4632);
#1340=VERTEX_POINT('',#4636);
#1341=VERTEX_POINT('',#4640);
#1342=VERTEX_POINT('',#4642);
#1343=VERTEX_POINT('',#4644);
#1344=VERTEX_POINT('',#4646);
#1345=VERTEX_POINT('',#4660);
#1346=VERTEX_POINT('',#4661);
#1347=VERTEX_POINT('',#4663);
#1348=VERTEX_POINT('',#4665);
#1349=VERTEX_POINT('',#4667);
#1350=VERTEX_POINT('',#4669);
#1351=VERTEX_POINT('',#4671);
#1352=VERTEX_POINT('',#4673);
#1353=VERTEX_POINT('',#4675);
#1354=VERTEX_POINT('',#4677);
#1355=VERTEX_POINT('',#4679);
#1356=VERTEX_POINT('',#4681);
#1357=VERTEX_POINT('',#4683);
#1358=VERTEX_POINT('',#4685);
#1359=VERTEX_POINT('',#4687);
#1360=VERTEX_POINT('',#4689);
#1361=VERTEX_POINT('',#4693);
#1362=VERTEX_POINT('',#4694);
#1363=VERTEX_POINT('',#4696);
#1364=VERTEX_POINT('',#4698);
#1365=VERTEX_POINT('',#4700);
#1366=VERTEX_POINT('',#4702);
#1367=VERTEX_POINT('',#4704);
#1368=VERTEX_POINT('',#4706);
#1369=VERTEX_POINT('',#4708);
#1370=VERTEX_POINT('',#4710);
#1371=VERTEX_POINT('',#4712);
#1372=VERTEX_POINT('',#4714);
#1373=VERTEX_POINT('',#4716);
#1374=VERTEX_POINT('',#4718);
#1375=VERTEX_POINT('',#4720);
#1376=VERTEX_POINT('',#4722);
#1377=VERTEX_POINT('',#4758);
#1378=VERTEX_POINT('',#4759);
#1379=VERTEX_POINT('',#4761);
#1380=VERTEX_POINT('',#4763);
#1381=VERTEX_POINT('',#4765);
#1382=VERTEX_POINT('',#4767);
#1383=VERTEX_POINT('',#4769);
#1384=VERTEX_POINT('',#4771);
#1385=VERTEX_POINT('',#4773);
#1386=VERTEX_POINT('',#4775);
#1387=VERTEX_POINT('',#4777);
#1388=VERTEX_POINT('',#4779);
#1389=VERTEX_POINT('',#4781);
#1390=VERTEX_POINT('',#4783);
#1391=VERTEX_POINT('',#4785);
#1392=VERTEX_POINT('',#4787);
#1393=VERTEX_POINT('',#4791);
#1394=VERTEX_POINT('',#4792);
#1395=VERTEX_POINT('',#4794);
#1396=VERTEX_POINT('',#4796);
#1397=VERTEX_POINT('',#4798);
#1398=VERTEX_POINT('',#4800);
#1399=VERTEX_POINT('',#4802);
#1400=VERTEX_POINT('',#4804);
#1401=VERTEX_POINT('',#4806);
#1402=VERTEX_POINT('',#4808);
#1403=VERTEX_POINT('',#4810);
#1404=VERTEX_POINT('',#4812);
#1405=VERTEX_POINT('',#4814);
#1406=VERTEX_POINT('',#4816);
#1407=VERTEX_POINT('',#4818);
#1408=VERTEX_POINT('',#4820);
#1409=VERTEX_POINT('',#4856);
#1410=VERTEX_POINT('',#4857);
#1411=VERTEX_POINT('',#4859);
#1412=VERTEX_POINT('',#4861);
#1413=VERTEX_POINT('',#4863);
#1414=VERTEX_POINT('',#4865);
#1415=VERTEX_POINT('',#4867);
#1416=VERTEX_POINT('',#4869);
#1417=VERTEX_POINT('',#4871);
#1418=VERTEX_POINT('',#4873);
#1419=VERTEX_POINT('',#4875);
#1420=VERTEX_POINT('',#4877);
#1421=VERTEX_POINT('',#4879);
#1422=VERTEX_POINT('',#4881);
#1423=VERTEX_POINT('',#4883);
#1424=VERTEX_POINT('',#4885);
#1425=VERTEX_POINT('',#4889);
#1426=VERTEX_POINT('',#4890);
#1427=VERTEX_POINT('',#4892);
#1428=VERTEX_POINT('',#4894);
#1429=VERTEX_POINT('',#4896);
#1430=VERTEX_POINT('',#4898);
#1431=VERTEX_POINT('',#4900);
#1432=VERTEX_POINT('',#4902);
#1433=VERTEX_POINT('',#4904);
#1434=VERTEX_POINT('',#4906);
#1435=VERTEX_POINT('',#4908);
#1436=VERTEX_POINT('',#4910);
#1437=VERTEX_POINT('',#4912);
#1438=VERTEX_POINT('',#4914);
#1439=VERTEX_POINT('',#4916);
#1440=VERTEX_POINT('',#4918);
#1441=VERTEX_POINT('',#4954);
#1442=VERTEX_POINT('',#4955);
#1443=VERTEX_POINT('',#4957);
#1444=VERTEX_POINT('',#4959);
#1445=VERTEX_POINT('',#4961);
#1446=VERTEX_POINT('',#4963);
#1447=VERTEX_POINT('',#4965);
#1448=VERTEX_POINT('',#4967);
#1449=VERTEX_POINT('',#4969);
#1450=VERTEX_POINT('',#4971);
#1451=VERTEX_POINT('',#4973);
#1452=VERTEX_POINT('',#4975);
#1453=VERTEX_POINT('',#4977);
#1454=VERTEX_POINT('',#4979);
#1455=VERTEX_POINT('',#4981);
#1456=VERTEX_POINT('',#4983);
#1457=VERTEX_POINT('',#4987);
#1458=VERTEX_POINT('',#4988);
#1459=VERTEX_POINT('',#4990);
#1460=VERTEX_POINT('',#4992);
#1461=VERTEX_POINT('',#4994);
#1462=VERTEX_POINT('',#4996);
#1463=VERTEX_POINT('',#4998);
#1464=VERTEX_POINT('',#5000);
#1465=VERTEX_POINT('',#5002);
#1466=VERTEX_POINT('',#5004);
#1467=VERTEX_POINT('',#5006);
#1468=VERTEX_POINT('',#5008);
#1469=VERTEX_POINT('',#5010);
#1470=VERTEX_POINT('',#5012);
#1471=VERTEX_POINT('',#5014);
#1472=VERTEX_POINT('',#5016);
#1473=LINE('',#4257,#1857);
#1474=LINE('',#4260,#1858);
#1475=LINE('',#4262,#1859);
#1476=LINE('',#4264,#1860);
#1477=LINE('',#4266,#1861);
#1478=LINE('',#4269,#1862);
#1479=LINE('',#4271,#1863);
#1480=LINE('',#4273,#1864);
#1481=LINE('',#4275,#1865);
#1482=LINE('',#4277,#1866);
#1483=LINE('',#4279,#1867);
#1484=LINE('',#4281,#1868);
#1485=LINE('',#4283,#1869);
#1486=LINE('',#4286,#1870);
#1487=LINE('',#4287,#1871);
#1488=LINE('',#4289,#1872);
#1489=LINE('',#4291,#1873);
#1490=LINE('',#4293,#1874);
#1491=LINE('',#4295,#1875);
#1492=LINE('',#4297,#1876);
#1493=LINE('',#4299,#1877);
#1494=LINE('',#4301,#1878);
#1495=LINE('',#4303,#1879);
#1496=LINE('',#4305,#1880);
#1497=LINE('',#4307,#1881);
#1498=LINE('',#4309,#1882);
#1499=LINE('',#4311,#1883);
#1500=LINE('',#4313,#1884);
#1501=LINE('',#4314,#1885);
#1502=LINE('',#4316,#1886);
#1503=LINE('',#4318,#1887);
#1504=LINE('',#4320,#1888);
#1505=LINE('',#4322,#1889);
#1506=LINE('',#4324,#1890);
#1507=LINE('',#4326,#1891);
#1508=LINE('',#4328,#1892);
#1509=LINE('',#4330,#1893);
#1510=LINE('',#4332,#1894);
#1511=LINE('',#4334,#1895);
#1512=LINE('',#4336,#1896);
#1513=LINE('',#4338,#1897);
#1514=LINE('',#4340,#1898);
#1515=LINE('',#4342,#1899);
#1516=LINE('',#4344,#1900);
#1517=LINE('',#4346,#1901);
#1518=LINE('',#4348,#1902);
#1519=LINE('',#4350,#1903);
#1520=LINE('',#4352,#1904);
#1521=LINE('',#4354,#1905);
#1522=LINE('',#4356,#1906);
#1523=LINE('',#4358,#1907);
#1524=LINE('',#4360,#1908);
#1525=LINE('',#4362,#1909);
#1526=LINE('',#4365,#1910);
#1527=LINE('',#4367,#1911);
#1528=LINE('',#4369,#1912);
#1529=LINE('',#4371,#1913);
#1530=LINE('',#4374,#1914);
#1531=LINE('',#4375,#1915);
#1532=LINE('',#4377,#1916);
#1533=LINE('',#4379,#1917);
#1534=LINE('',#4381,#1918);
#1535=LINE('',#4383,#1919);
#1536=LINE('',#4385,#1920);
#1537=LINE('',#4387,#1921);
#1538=LINE('',#4389,#1922);
#1539=LINE('',#4391,#1923);
#1540=LINE('',#4393,#1924);
#1541=LINE('',#4395,#1925);
#1542=LINE('',#4397,#1926);
#1543=LINE('',#4399,#1927);
#1544=LINE('',#4401,#1928);
#1545=LINE('',#4402,#1929);
#1546=LINE('',#4404,#1930);
#1547=LINE('',#4406,#1931);
#1548=LINE('',#4408,#1932);
#1549=LINE('',#4410,#1933);
#1550=LINE('',#4412,#1934);
#1551=LINE('',#4414,#1935);
#1552=LINE('',#4416,#1936);
#1553=LINE('',#4418,#1937);
#1554=LINE('',#4420,#1938);
#1555=LINE('',#4422,#1939);
#1556=LINE('',#4424,#1940);
#1557=LINE('',#4426,#1941);
#1558=LINE('',#4428,#1942);
#1559=LINE('',#4430,#1943);
#1560=LINE('',#4432,#1944);
#1561=LINE('',#4434,#1945);
#1562=LINE('',#4436,#1946);
#1563=LINE('',#4438,#1947);
#1564=LINE('',#4440,#1948);
#1565=LINE('',#4442,#1949);
#1566=LINE('',#4444,#1950);
#1567=LINE('',#4446,#1951);
#1568=LINE('',#4448,#1952);
#1569=LINE('',#4450,#1953);
#1570=LINE('',#4453,#1954);
#1571=LINE('',#4455,#1955);
#1572=LINE('',#4457,#1956);
#1573=LINE('',#4459,#1957);
#1574=LINE('',#4462,#1958);
#1575=LINE('',#4463,#1959);
#1576=LINE('',#4465,#1960);
#1577=LINE('',#4467,#1961);
#1578=LINE('',#4469,#1962);
#1579=LINE('',#4471,#1963);
#1580=LINE('',#4473,#1964);
#1581=LINE('',#4475,#1965);
#1582=LINE('',#4477,#1966);
#1583=LINE('',#4479,#1967);
#1584=LINE('',#4481,#1968);
#1585=LINE('',#4483,#1969);
#1586=LINE('',#4485,#1970);
#1587=LINE('',#4487,#1971);
#1588=LINE('',#4489,#1972);
#1589=LINE('',#4490,#1973);
#1590=LINE('',#4492,#1974);
#1591=LINE('',#4494,#1975);
#1592=LINE('',#4496,#1976);
#1593=LINE('',#4498,#1977);
#1594=LINE('',#4500,#1978);
#1595=LINE('',#4502,#1979);
#1596=LINE('',#4504,#1980);
#1597=LINE('',#4506,#1981);
#1598=LINE('',#4508,#1982);
#1599=LINE('',#4510,#1983);
#1600=LINE('',#4512,#1984);
#1601=LINE('',#4514,#1985);
#1602=LINE('',#4516,#1986);
#1603=LINE('',#4518,#1987);
#1604=LINE('',#4520,#1988);
#1605=LINE('',#4522,#1989);
#1606=LINE('',#4524,#1990);
#1607=LINE('',#4526,#1991);
#1608=LINE('',#4528,#1992);
#1609=LINE('',#4530,#1993);
#1610=LINE('',#4532,#1994);
#1611=LINE('',#4534,#1995);
#1612=LINE('',#4536,#1996);
#1613=LINE('',#4538,#1997);
#1614=LINE('',#4541,#1998);
#1615=LINE('',#4543,#1999);
#1616=LINE('',#4545,#2000);
#1617=LINE('',#4547,#2001);
#1618=LINE('',#4550,#2002);
#1619=LINE('',#4551,#2003);
#1620=LINE('',#4553,#2004);
#1621=LINE('',#4556,#2005);
#1622=LINE('',#4557,#2006);
#1623=LINE('',#4559,#2007);
#1624=LINE('',#4560,#2008);
#1625=LINE('',#4562,#2009);
#1626=LINE('',#4564,#2010);
#1627=LINE('',#4566,#2011);
#1628=LINE('',#4568,#2012);
#1629=LINE('',#4570,#2013);
#1630=LINE('',#4572,#2014);
#1631=LINE('',#4574,#2015);
#1632=LINE('',#4576,#2016);
#1633=LINE('',#4578,#2017);
#1634=LINE('',#4580,#2018);
#1635=LINE('',#4582,#2019);
#1636=LINE('',#4584,#2020);
#1637=LINE('',#4586,#2021);
#1638=LINE('',#4588,#2022);
#1639=LINE('',#4590,#2023);
#1640=LINE('',#4592,#2024);
#1641=LINE('',#4594,#2025);
#1642=LINE('',#4596,#2026);
#1643=LINE('',#4598,#2027);
#1644=LINE('',#4600,#2028);
#1645=LINE('',#4602,#2029);
#1646=LINE('',#4604,#2030);
#1647=LINE('',#4607,#2031);
#1648=LINE('',#4608,#2032);
#1649=LINE('',#4610,#2033);
#1650=LINE('',#4612,#2034);
#1651=LINE('',#4614,#2035);
#1652=LINE('',#4616,#2036);
#1653=LINE('',#4618,#2037);
#1654=LINE('',#4620,#2038);
#1655=LINE('',#4622,#2039);
#1656=LINE('',#4623,#2040);
#1657=LINE('',#4625,#2041);
#1658=LINE('',#4627,#2042);
#1659=LINE('',#4629,#2043);
#1660=LINE('',#4631,#2044);
#1661=LINE('',#4633,#2045);
#1662=LINE('',#4635,#2046);
#1663=LINE('',#4637,#2047);
#1664=LINE('',#4639,#2048);
#1665=LINE('',#4641,#2049);
#1666=LINE('',#4643,#2050);
#1667=LINE('',#4645,#2051);
#1668=LINE('',#4647,#2052);
#1669=LINE('',#4649,#2053);
#1670=LINE('',#4650,#2054);
#1671=LINE('',#4652,#2055);
#1672=LINE('',#4654,#2056);
#1673=LINE('',#4659,#2057);
#1674=LINE('',#4662,#2058);
#1675=LINE('',#4664,#2059);
#1676=LINE('',#4666,#2060);
#1677=LINE('',#4668,#2061);
#1678=LINE('',#4670,#2062);
#1679=LINE('',#4672,#2063);
#1680=LINE('',#4674,#2064);
#1681=LINE('',#4676,#2065);
#1682=LINE('',#4678,#2066);
#1683=LINE('',#4680,#2067);
#1684=LINE('',#4682,#2068);
#1685=LINE('',#4684,#2069);
#1686=LINE('',#4686,#2070);
#1687=LINE('',#4690,#2071);
#1688=LINE('',#4692,#2072);
#1689=LINE('',#4695,#2073);
#1690=LINE('',#4699,#2074);
#1691=LINE('',#4701,#2075);
#1692=LINE('',#4703,#2076);
#1693=LINE('',#4705,#2077);
#1694=LINE('',#4707,#2078);
#1695=LINE('',#4709,#2079);
#1696=LINE('',#4711,#2080);
#1697=LINE('',#4713,#2081);
#1698=LINE('',#4715,#2082);
#1699=LINE('',#4717,#2083);
#1700=LINE('',#4719,#2084);
#1701=LINE('',#4721,#2085);
#1702=LINE('',#4723,#2086);
#1703=LINE('',#4725,#2087);
#1704=LINE('',#4726,#2088);
#1705=LINE('',#4728,#2089);
#1706=LINE('',#4730,#2090);
#1707=LINE('',#4732,#2091);
#1708=LINE('',#4734,#2092);
#1709=LINE('',#4736,#2093);
#1710=LINE('',#4738,#2094);
#1711=LINE('',#4740,#2095);
#1712=LINE('',#4742,#2096);
#1713=LINE('',#4744,#2097);
#1714=LINE('',#4746,#2098);
#1715=LINE('',#4748,#2099);
#1716=LINE('',#4750,#2100);
#1717=LINE('',#4752,#2101);
#1718=LINE('',#4754,#2102);
#1719=LINE('',#4757,#2103);
#1720=LINE('',#4760,#2104);
#1721=LINE('',#4762,#2105);
#1722=LINE('',#4764,#2106);
#1723=LINE('',#4766,#2107);
#1724=LINE('',#4768,#2108);
#1725=LINE('',#4770,#2109);
#1726=LINE('',#4772,#2110);
#1727=LINE('',#4774,#2111);
#1728=LINE('',#4776,#2112);
#1729=LINE('',#4778,#2113);
#1730=LINE('',#4780,#2114);
#1731=LINE('',#4782,#2115);
#1732=LINE('',#4784,#2116);
#1733=LINE('',#4788,#2117);
#1734=LINE('',#4790,#2118);
#1735=LINE('',#4793,#2119);
#1736=LINE('',#4797,#2120);
#1737=LINE('',#4799,#2121);
#1738=LINE('',#4801,#2122);
#1739=LINE('',#4803,#2123);
#1740=LINE('',#4805,#2124);
#1741=LINE('',#4807,#2125);
#1742=LINE('',#4809,#2126);
#1743=LINE('',#4811,#2127);
#1744=LINE('',#4813,#2128);
#1745=LINE('',#4815,#2129);
#1746=LINE('',#4817,#2130);
#1747=LINE('',#4819,#2131);
#1748=LINE('',#4821,#2132);
#1749=LINE('',#4823,#2133);
#1750=LINE('',#4824,#2134);
#1751=LINE('',#4826,#2135);
#1752=LINE('',#4828,#2136);
#1753=LINE('',#4830,#2137);
#1754=LINE('',#4832,#2138);
#1755=LINE('',#4834,#2139);
#1756=LINE('',#4836,#2140);
#1757=LINE('',#4838,#2141);
#1758=LINE('',#4840,#2142);
#1759=LINE('',#4842,#2143);
#1760=LINE('',#4844,#2144);
#1761=LINE('',#4846,#2145);
#1762=LINE('',#4848,#2146);
#1763=LINE('',#4850,#2147);
#1764=LINE('',#4852,#2148);
#1765=LINE('',#4855,#2149);
#1766=LINE('',#4858,#2150);
#1767=LINE('',#4860,#2151);
#1768=LINE('',#4862,#2152);
#1769=LINE('',#4864,#2153);
#1770=LINE('',#4866,#2154);
#1771=LINE('',#4868,#2155);
#1772=LINE('',#4870,#2156);
#1773=LINE('',#4872,#2157);
#1774=LINE('',#4874,#2158);
#1775=LINE('',#4876,#2159);
#1776=LINE('',#4878,#2160);
#1777=LINE('',#4880,#2161);
#1778=LINE('',#4882,#2162);
#1779=LINE('',#4886,#2163);
#1780=LINE('',#4888,#2164);
#1781=LINE('',#4891,#2165);
#1782=LINE('',#4895,#2166);
#1783=LINE('',#4897,#2167);
#1784=LINE('',#4899,#2168);
#1785=LINE('',#4901,#2169);
#1786=LINE('',#4903,#2170);
#1787=LINE('',#4905,#2171);
#1788=LINE('',#4907,#2172);
#1789=LINE('',#4909,#2173);
#1790=LINE('',#4911,#2174);
#1791=LINE('',#4913,#2175);
#1792=LINE('',#4915,#2176);
#1793=LINE('',#4917,#2177);
#1794=LINE('',#4919,#2178);
#1795=LINE('',#4921,#2179);
#1796=LINE('',#4922,#2180);
#1797=LINE('',#4924,#2181);
#1798=LINE('',#4926,#2182);
#1799=LINE('',#4928,#2183);
#1800=LINE('',#4930,#2184);
#1801=LINE('',#4932,#2185);
#1802=LINE('',#4934,#2186);
#1803=LINE('',#4936,#2187);
#1804=LINE('',#4938,#2188);
#1805=LINE('',#4940,#2189);
#1806=LINE('',#4942,#2190);
#1807=LINE('',#4944,#2191);
#1808=LINE('',#4946,#2192);
#1809=LINE('',#4948,#2193);
#1810=LINE('',#4950,#2194);
#1811=LINE('',#4953,#2195);
#1812=LINE('',#4956,#2196);
#1813=LINE('',#4958,#2197);
#1814=LINE('',#4960,#2198);
#1815=LINE('',#4962,#2199);
#1816=LINE('',#4964,#2200);
#1817=LINE('',#4966,#2201);
#1818=LINE('',#4968,#2202);
#1819=LINE('',#4970,#2203);
#1820=LINE('',#4972,#2204);
#1821=LINE('',#4974,#2205);
#1822=LINE('',#4976,#2206);
#1823=LINE('',#4978,#2207);
#1824=LINE('',#4980,#2208);
#1825=LINE('',#4984,#2209);
#1826=LINE('',#4986,#2210);
#1827=LINE('',#4989,#2211);
#1828=LINE('',#4993,#2212);
#1829=LINE('',#4995,#2213);
#1830=LINE('',#4997,#2214);
#1831=LINE('',#4999,#2215);
#1832=LINE('',#5001,#2216);
#1833=LINE('',#5003,#2217);
#1834=LINE('',#5005,#2218);
#1835=LINE('',#5007,#2219);
#1836=LINE('',#5009,#2220);
#1837=LINE('',#5011,#2221);
#1838=LINE('',#5013,#2222);
#1839=LINE('',#5015,#2223);
#1840=LINE('',#5017,#2224);
#1841=LINE('',#5019,#2225);
#1842=LINE('',#5020,#2226);
#1843=LINE('',#5022,#2227);
#1844=LINE('',#5024,#2228);
#1845=LINE('',#5026,#2229);
#1846=LINE('',#5028,#2230);
#1847=LINE('',#5030,#2231);
#1848=LINE('',#5032,#2232);
#1849=LINE('',#5034,#2233);
#1850=LINE('',#5036,#2234);
#1851=LINE('',#5038,#2235);
#1852=LINE('',#5040,#2236);
#1853=LINE('',#5042,#2237);
#1854=LINE('',#5044,#2238);
#1855=LINE('',#5046,#2239);
#1856=LINE('',#5048,#2240);
#1857=VECTOR('',#3561,1000.);
#1858=VECTOR('',#3562,1000.);
#1859=VECTOR('',#3563,1000.);
#1860=VECTOR('',#3564,1000.);
#1861=VECTOR('',#3567,1000.);
#1862=VECTOR('',#3568,1000.);
#1863=VECTOR('',#3569,1000.);
#1864=VECTOR('',#3570,1000.);
#1865=VECTOR('',#3571,1000.);
#1866=VECTOR('',#3572,1000.);
#1867=VECTOR('',#3573,1000.);
#1868=VECTOR('',#3574,1000.);
#1869=VECTOR('',#3577,1000.);
#1870=VECTOR('',#3578,1000.);
#1871=VECTOR('',#3579,1000.);
#1872=VECTOR('',#3580,1000.);
#1873=VECTOR('',#3581,1000.);
#1874=VECTOR('',#3582,1000.);
#1875=VECTOR('',#3583,1000.);
#1876=VECTOR('',#3586,1000.);
#1877=VECTOR('',#3587,1000.);
#1878=VECTOR('',#3590,1000.);
#1879=VECTOR('',#3591,1000.);
#1880=VECTOR('',#3592,1000.);
#1881=VECTOR('',#3593,1000.);
#1882=VECTOR('',#3594,1000.);
#1883=VECTOR('',#3595,1000.);
#1884=VECTOR('',#3598,1000.);
#1885=VECTOR('',#3599,1000.);
#1886=VECTOR('',#3602,1000.);
#1887=VECTOR('',#3605,1000.);
#1888=VECTOR('',#3606,1000.);
#1889=VECTOR('',#3607,1000.);
#1890=VECTOR('',#3610,1000.);
#1891=VECTOR('',#3611,1000.);
#1892=VECTOR('',#3612,1000.);
#1893=VECTOR('',#3615,1000.);
#1894=VECTOR('',#3616,1000.);
#1895=VECTOR('',#3617,1000.);
#1896=VECTOR('',#3620,1000.);
#1897=VECTOR('',#3621,1000.);
#1898=VECTOR('',#3622,1000.);
#1899=VECTOR('',#3625,1000.);
#1900=VECTOR('',#3628,1000.);
#1901=VECTOR('',#3631,1000.);
#1902=VECTOR('',#3632,1000.);
#1903=VECTOR('',#3633,1000.);
#1904=VECTOR('',#3636,1000.);
#1905=VECTOR('',#3637,1000.);
#1906=VECTOR('',#3640,1000.);
#1907=VECTOR('',#3641,1000.);
#1908=VECTOR('',#3644,1000.);
#1909=VECTOR('',#3647,1000.);
#1910=VECTOR('',#3648,1000.);
#1911=VECTOR('',#3649,1000.);
#1912=VECTOR('',#3650,1000.);
#1913=VECTOR('',#3653,1000.);
#1914=VECTOR('',#3654,1000.);
#1915=VECTOR('',#3655,1000.);
#1916=VECTOR('',#3656,1000.);
#1917=VECTOR('',#3657,1000.);
#1918=VECTOR('',#3658,1000.);
#1919=VECTOR('',#3659,1000.);
#1920=VECTOR('',#3662,1000.);
#1921=VECTOR('',#3663,1000.);
#1922=VECTOR('',#3666,1000.);
#1923=VECTOR('',#3667,1000.);
#1924=VECTOR('',#3668,1000.);
#1925=VECTOR('',#3669,1000.);
#1926=VECTOR('',#3670,1000.);
#1927=VECTOR('',#3671,1000.);
#1928=VECTOR('',#3674,1000.);
#1929=VECTOR('',#3675,1000.);
#1930=VECTOR('',#3678,1000.);
#1931=VECTOR('',#3681,1000.);
#1932=VECTOR('',#3682,1000.);
#1933=VECTOR('',#3683,1000.);
#1934=VECTOR('',#3686,1000.);
#1935=VECTOR('',#3687,1000.);
#1936=VECTOR('',#3688,1000.);
#1937=VECTOR('',#3691,1000.);
#1938=VECTOR('',#3692,1000.);
#1939=VECTOR('',#3693,1000.);
#1940=VECTOR('',#3696,1000.);
#1941=VECTOR('',#3697,1000.);
#1942=VECTOR('',#3698,1000.);
#1943=VECTOR('',#3701,1000.);
#1944=VECTOR('',#3704,1000.);
#1945=VECTOR('',#3707,1000.);
#1946=VECTOR('',#3708,1000.);
#1947=VECTOR('',#3709,1000.);
#1948=VECTOR('',#3712,1000.);
#1949=VECTOR('',#3713,1000.);
#1950=VECTOR('',#3716,1000.);
#1951=VECTOR('',#3717,1000.);
#1952=VECTOR('',#3720,1000.);
#1953=VECTOR('',#3723,1000.);
#1954=VECTOR('',#3724,1000.);
#1955=VECTOR('',#3725,1000.);
#1956=VECTOR('',#3726,1000.);
#1957=VECTOR('',#3729,1000.);
#1958=VECTOR('',#3730,1000.);
#1959=VECTOR('',#3731,1000.);
#1960=VECTOR('',#3732,1000.);
#1961=VECTOR('',#3733,1000.);
#1962=VECTOR('',#3734,1000.);
#1963=VECTOR('',#3735,1000.);
#1964=VECTOR('',#3738,1000.);
#1965=VECTOR('',#3739,1000.);
#1966=VECTOR('',#3742,1000.);
#1967=VECTOR('',#3743,1000.);
#1968=VECTOR('',#3744,1000.);
#1969=VECTOR('',#3745,1000.);
#1970=VECTOR('',#3746,1000.);
#1971=VECTOR('',#3747,1000.);
#1972=VECTOR('',#3750,1000.);
#1973=VECTOR('',#3751,1000.);
#1974=VECTOR('',#3754,1000.);
#1975=VECTOR('',#3757,1000.);
#1976=VECTOR('',#3758,1000.);
#1977=VECTOR('',#3759,1000.);
#1978=VECTOR('',#3762,1000.);
#1979=VECTOR('',#3763,1000.);
#1980=VECTOR('',#3764,1000.);
#1981=VECTOR('',#3767,1000.);
#1982=VECTOR('',#3768,1000.);
#1983=VECTOR('',#3769,1000.);
#1984=VECTOR('',#3772,1000.);
#1985=VECTOR('',#3773,1000.);
#1986=VECTOR('',#3774,1000.);
#1987=VECTOR('',#3777,1000.);
#1988=VECTOR('',#3780,1000.);
#1989=VECTOR('',#3783,1000.);
#1990=VECTOR('',#3784,1000.);
#1991=VECTOR('',#3785,1000.);
#1992=VECTOR('',#3788,1000.);
#1993=VECTOR('',#3789,1000.);
#1994=VECTOR('',#3792,1000.);
#1995=VECTOR('',#3793,1000.);
#1996=VECTOR('',#3796,1000.);
#1997=VECTOR('',#3799,1000.);
#1998=VECTOR('',#3800,1000.);
#1999=VECTOR('',#3801,1000.);
#2000=VECTOR('',#3802,1000.);
#2001=VECTOR('',#3805,1000.);
#2002=VECTOR('',#3806,1000.);
#2003=VECTOR('',#3807,1000.);
#2004=VECTOR('',#3810,1000.);
#2005=VECTOR('',#3811,1000.);
#2006=VECTOR('',#3812,1000.);
#2007=VECTOR('',#3815,1000.);
#2008=VECTOR('',#3816,1000.);
#2009=VECTOR('',#3819,1000.);
#2010=VECTOR('',#3820,1000.);
#2011=VECTOR('',#3821,1000.);
#2012=VECTOR('',#3824,1000.);
#2013=VECTOR('',#3825,1000.);
#2014=VECTOR('',#3826,1000.);
#2015=VECTOR('',#3829,1000.);
#2016=VECTOR('',#3830,1000.);
#2017=VECTOR('',#3831,1000.);
#2018=VECTOR('',#3832,1000.);
#2019=VECTOR('',#3833,1000.);
#2020=VECTOR('',#3836,1000.);
#2021=VECTOR('',#3837,1000.);
#2022=VECTOR('',#3838,1000.);
#2023=VECTOR('',#3839,1000.);
#2024=VECTOR('',#3840,1000.);
#2025=VECTOR('',#3843,1000.);
#2026=VECTOR('',#3846,1000.);
#2027=VECTOR('',#3849,1000.);
#2028=VECTOR('',#3850,1000.);
#2029=VECTOR('',#3851,1000.);
#2030=VECTOR('',#3854,1000.);
#2031=VECTOR('',#3855,1000.);
#2032=VECTOR('',#3856,1000.);
#2033=VECTOR('',#3859,1000.);
#2034=VECTOR('',#3860,1000.);
#2035=VECTOR('',#3861,1000.);
#2036=VECTOR('',#3864,1000.);
#2037=VECTOR('',#3865,1000.);
#2038=VECTOR('',#3866,1000.);
#2039=VECTOR('',#3869,1000.);
#2040=VECTOR('',#3870,1000.);
#2041=VECTOR('',#3873,1000.);
#2042=VECTOR('',#3874,1000.);
#2043=VECTOR('',#3875,1000.);
#2044=VECTOR('',#3878,1000.);
#2045=VECTOR('',#3879,1000.);
#2046=VECTOR('',#3882,1000.);
#2047=VECTOR('',#3883,1000.);
#2048=VECTOR('',#3886,1000.);
#2049=VECTOR('',#3887,1000.);
#2050=VECTOR('',#3888,1000.);
#2051=VECTOR('',#3889,1000.);
#2052=VECTOR('',#3890,1000.);
#2053=VECTOR('',#3893,1000.);
#2054=VECTOR('',#3894,1000.);
#2055=VECTOR('',#3897,1000.);
#2056=VECTOR('',#3900,1000.);
#2057=VECTOR('',#3909,1000.);
#2058=VECTOR('',#3910,1000.);
#2059=VECTOR('',#3911,1000.);
#2060=VECTOR('',#3912,1000.);
#2061=VECTOR('',#3913,1000.);
#2062=VECTOR('',#3914,1000.);
#2063=VECTOR('',#3915,1000.);
#2064=VECTOR('',#3916,1000.);
#2065=VECTOR('',#3917,1000.);
#2066=VECTOR('',#3918,1000.);
#2067=VECTOR('',#3919,1000.);
#2068=VECTOR('',#3920,1000.);
#2069=VECTOR('',#3921,1000.);
#2070=VECTOR('',#3922,1000.);
#2071=VECTOR('',#3925,1000.);
#2072=VECTOR('',#3928,1000.);
#2073=VECTOR('',#3929,1000.);
#2074=VECTOR('',#3932,1000.);
#2075=VECTOR('',#3933,1000.);
#2076=VECTOR('',#3934,1000.);
#2077=VECTOR('',#3935,1000.);
#2078=VECTOR('',#3936,1000.);
#2079=VECTOR('',#3937,1000.);
#2080=VECTOR('',#3938,1000.);
#2081=VECTOR('',#3939,1000.);
#2082=VECTOR('',#3940,1000.);
#2083=VECTOR('',#3941,1000.);
#2084=VECTOR('',#3942,1000.);
#2085=VECTOR('',#3943,1000.);
#2086=VECTOR('',#3944,1000.);
#2087=VECTOR('',#3947,1000.);
#2088=VECTOR('',#3948,1000.);
#2089=VECTOR('',#3951,1000.);
#2090=VECTOR('',#3954,1000.);
#2091=VECTOR('',#3957,1000.);
#2092=VECTOR('',#3960,1000.);
#2093=VECTOR('',#3963,1000.);
#2094=VECTOR('',#3966,1000.);
#2095=VECTOR('',#3969,1000.);
#2096=VECTOR('',#3972,1000.);
#2097=VECTOR('',#3975,1000.);
#2098=VECTOR('',#3978,1000.);
#2099=VECTOR('',#3981,1000.);
#2100=VECTOR('',#3984,1000.);
#2101=VECTOR('',#3987,1000.);
#2102=VECTOR('',#3990,1000.);
#2103=VECTOR('',#3995,1000.);
#2104=VECTOR('',#3996,1000.);
#2105=VECTOR('',#3997,1000.);
#2106=VECTOR('',#3998,1000.);
#2107=VECTOR('',#3999,1000.);
#2108=VECTOR('',#4000,1000.);
#2109=VECTOR('',#4001,1000.);
#2110=VECTOR('',#4002,1000.);
#2111=VECTOR('',#4003,1000.);
#2112=VECTOR('',#4004,1000.);
#2113=VECTOR('',#4005,1000.);
#2114=VECTOR('',#4006,1000.);
#2115=VECTOR('',#4007,1000.);
#2116=VECTOR('',#4008,1000.);
#2117=VECTOR('',#4011,1000.);
#2118=VECTOR('',#4014,1000.);
#2119=VECTOR('',#4015,1000.);
#2120=VECTOR('',#4018,1000.);
#2121=VECTOR('',#4019,1000.);
#2122=VECTOR('',#4020,1000.);
#2123=VECTOR('',#4021,1000.);
#2124=VECTOR('',#4022,1000.);
#2125=VECTOR('',#4023,1000.);
#2126=VECTOR('',#4024,1000.);
#2127=VECTOR('',#4025,1000.);
#2128=VECTOR('',#4026,1000.);
#2129=VECTOR('',#4027,1000.);
#2130=VECTOR('',#4028,1000.);
#2131=VECTOR('',#4029,1000.);
#2132=VECTOR('',#4030,1000.);
#2133=VECTOR('',#4033,1000.);
#2134=VECTOR('',#4034,1000.);
#2135=VECTOR('',#4037,1000.);
#2136=VECTOR('',#4040,1000.);
#2137=VECTOR('',#4043,1000.);
#2138=VECTOR('',#4046,1000.);
#2139=VECTOR('',#4049,1000.);
#2140=VECTOR('',#4052,1000.);
#2141=VECTOR('',#4055,1000.);
#2142=VECTOR('',#4058,1000.);
#2143=VECTOR('',#4061,1000.);
#2144=VECTOR('',#4064,1000.);
#2145=VECTOR('',#4067,1000.);
#2146=VECTOR('',#4070,1000.);
#2147=VECTOR('',#4073,1000.);
#2148=VECTOR('',#4076,1000.);
#2149=VECTOR('',#4081,1000.);
#2150=VECTOR('',#4082,1000.);
#2151=VECTOR('',#4083,1000.);
#2152=VECTOR('',#4084,1000.);
#2153=VECTOR('',#4085,1000.);
#2154=VECTOR('',#4086,1000.);
#2155=VECTOR('',#4087,1000.);
#2156=VECTOR('',#4088,1000.);
#2157=VECTOR('',#4089,1000.);
#2158=VECTOR('',#4090,1000.);
#2159=VECTOR('',#4091,1000.);
#2160=VECTOR('',#4092,1000.);
#2161=VECTOR('',#4093,1000.);
#2162=VECTOR('',#4094,1000.);
#2163=VECTOR('',#4097,1000.);
#2164=VECTOR('',#4100,1000.);
#2165=VECTOR('',#4101,1000.);
#2166=VECTOR('',#4104,1000.);
#2167=VECTOR('',#4105,1000.);
#2168=VECTOR('',#4106,1000.);
#2169=VECTOR('',#4107,1000.);
#2170=VECTOR('',#4108,1000.);
#2171=VECTOR('',#4109,1000.);
#2172=VECTOR('',#4110,1000.);
#2173=VECTOR('',#4111,1000.);
#2174=VECTOR('',#4112,1000.);
#2175=VECTOR('',#4113,1000.);
#2176=VECTOR('',#4114,1000.);
#2177=VECTOR('',#4115,1000.);
#2178=VECTOR('',#4116,1000.);
#2179=VECTOR('',#4119,1000.);
#2180=VECTOR('',#4120,1000.);
#2181=VECTOR('',#4123,1000.);
#2182=VECTOR('',#4126,1000.);
#2183=VECTOR('',#4129,1000.);
#2184=VECTOR('',#4132,1000.);
#2185=VECTOR('',#4135,1000.);
#2186=VECTOR('',#4138,1000.);
#2187=VECTOR('',#4141,1000.);
#2188=VECTOR('',#4144,1000.);
#2189=VECTOR('',#4147,1000.);
#2190=VECTOR('',#4150,1000.);
#2191=VECTOR('',#4153,1000.);
#2192=VECTOR('',#4156,1000.);
#2193=VECTOR('',#4159,1000.);
#2194=VECTOR('',#4162,1000.);
#2195=VECTOR('',#4167,1000.);
#2196=VECTOR('',#4168,1000.);
#2197=VECTOR('',#4169,1000.);
#2198=VECTOR('',#4170,1000.);
#2199=VECTOR('',#4171,1000.);
#2200=VECTOR('',#4172,1000.);
#2201=VECTOR('',#4173,1000.);
#2202=VECTOR('',#4174,1000.);
#2203=VECTOR('',#4175,1000.);
#2204=VECTOR('',#4176,1000.);
#2205=VECTOR('',#4177,1000.);
#2206=VECTOR('',#4178,1000.);
#2207=VECTOR('',#4179,1000.);
#2208=VECTOR('',#4180,1000.);
#2209=VECTOR('',#4183,1000.);
#2210=VECTOR('',#4186,1000.);
#2211=VECTOR('',#4187,1000.);
#2212=VECTOR('',#4190,1000.);
#2213=VECTOR('',#4191,1000.);
#2214=VECTOR('',#4192,1000.);
#2215=VECTOR('',#4193,1000.);
#2216=VECTOR('',#4194,1000.);
#2217=VECTOR('',#4195,1000.);
#2218=VECTOR('',#4196,1000.);
#2219=VECTOR('',#4197,1000.);
#2220=VECTOR('',#4198,1000.);
#2221=VECTOR('',#4199,1000.);
#2222=VECTOR('',#4200,1000.);
#2223=VECTOR('',#4201,1000.);
#2224=VECTOR('',#4202,1000.);
#2225=VECTOR('',#4205,1000.);
#2226=VECTOR('',#4206,1000.);
#2227=VECTOR('',#4209,1000.);
#2228=VECTOR('',#4212,1000.);
#2229=VECTOR('',#4215,1000.);
#2230=VECTOR('',#4218,1000.);
#2231=VECTOR('',#4221,1000.);
#2232=VECTOR('',#4224,1000.);
#2233=VECTOR('',#4227,1000.);
#2234=VECTOR('',#4230,1000.);
#2235=VECTOR('',#4233,1000.);
#2236=VECTOR('',#4236,1000.);
#2237=VECTOR('',#4239,1000.);
#2238=VECTOR('',#4242,1000.);
#2239=VECTOR('',#4245,1000.);
#2240=VECTOR('',#4248,1000.);
#2241=EDGE_LOOP('',(#41,#42,#43,#44));
#2242=EDGE_LOOP('',(#45,#46,#47,#48,#49,#50,#51,#52));
#2243=EDGE_LOOP('',(#53,#54,#55,#56,#57,#58,#59,#60));
#2244=EDGE_LOOP('',(#61,#62,#63,#64));
#2245=EDGE_LOOP('',(#65,#66,#67,#68,#69,#70,#71,#72));
#2246=EDGE_LOOP('',(#73,#74,#75,#76));
#2247=EDGE_LOOP('',(#77,#78,#79,#80));
#2248=EDGE_LOOP('',(#81,#82,#83,#84));
#2249=EDGE_LOOP('',(#85,#86,#87,#88));
#2250=EDGE_LOOP('',(#89,#90,#91,#92,#93,#94,#95,#96));
#2251=EDGE_LOOP('',(#97,#98,#99,#100,#101,#102,#103,#104));
#2252=EDGE_LOOP('',(#105,#106,#107,#108));
#2253=EDGE_LOOP('',(#109,#110,#111,#112));
#2254=EDGE_LOOP('',(#113,#114,#115,#116));
#2255=EDGE_LOOP('',(#117,#118,#119,#120));
#2256=EDGE_LOOP('',(#121,#122,#123,#124));
#2257=EDGE_LOOP('',(#125,#126,#127,#128));
#2258=EDGE_LOOP('',(#129,#130,#131,#132));
#2259=EDGE_LOOP('',(#133,#134,#135,#136,#137,#138,#139,#140));
#2260=EDGE_LOOP('',(#141,#142,#143,#144));
#2261=EDGE_LOOP('',(#145,#146,#147,#148,#149,#150,#151,#152));
#2262=EDGE_LOOP('',(#153,#154,#155,#156));
#2263=EDGE_LOOP('',(#157,#158,#159,#160));
#2264=EDGE_LOOP('',(#161,#162,#163,#164));
#2265=EDGE_LOOP('',(#165,#166,#167,#168));
#2266=EDGE_LOOP('',(#169,#170,#171,#172,#173,#174,#175,#176));
#2267=EDGE_LOOP('',(#177,#178,#179,#180,#181,#182,#183,#184));
#2268=EDGE_LOOP('',(#185,#186,#187,#188));
#2269=EDGE_LOOP('',(#189,#190,#191,#192));
#2270=EDGE_LOOP('',(#193,#194,#195,#196));
#2271=EDGE_LOOP('',(#197,#198,#199,#200));
#2272=EDGE_LOOP('',(#201,#202,#203,#204));
#2273=EDGE_LOOP('',(#205,#206,#207,#208));
#2274=EDGE_LOOP('',(#209,#210,#211,#212));
#2275=EDGE_LOOP('',(#213,#214,#215,#216,#217,#218,#219,#220));
#2276=EDGE_LOOP('',(#221,#222,#223,#224));
#2277=EDGE_LOOP('',(#225,#226,#227,#228,#229,#230,#231,#232));
#2278=EDGE_LOOP('',(#233,#234,#235,#236));
#2279=EDGE_LOOP('',(#237,#238,#239,#240));
#2280=EDGE_LOOP('',(#241,#242,#243,#244));
#2281=EDGE_LOOP('',(#245,#246,#247,#248));
#2282=EDGE_LOOP('',(#249,#250,#251,#252,#253,#254,#255,#256));
#2283=EDGE_LOOP('',(#257,#258,#259,#260,#261,#262,#263,#264));
#2284=EDGE_LOOP('',(#265,#266,#267,#268));
#2285=EDGE_LOOP('',(#269,#270,#271,#272));
#2286=EDGE_LOOP('',(#273,#274,#275,#276));
#2287=EDGE_LOOP('',(#277,#278,#279,#280));
#2288=EDGE_LOOP('',(#281,#282,#283,#284));
#2289=EDGE_LOOP('',(#285,#286,#287,#288));
#2290=EDGE_LOOP('',(#289,#290,#291,#292));
#2291=EDGE_LOOP('',(#293,#294,#295,#296));
#2292=EDGE_LOOP('',(#297,#298,#299,#300));
#2293=EDGE_LOOP('',(#301,#302,#303,#304));
#2294=EDGE_LOOP('',(#305,#306,#307,#308));
#2295=EDGE_LOOP('',(#309,#310,#311,#312));
#2296=EDGE_LOOP('',(#313,#314,#315,#316,#317,#318,#319,#320));
#2297=EDGE_LOOP('',(#321,#322,#323,#324,#325,#326,#327,#328));
#2298=EDGE_LOOP('',(#329,#330,#331,#332));
#2299=EDGE_LOOP('',(#333,#334,#335,#336));
#2300=EDGE_LOOP('',(#337,#338,#339,#340));
#2301=EDGE_LOOP('',(#341,#342,#343,#344));
#2302=EDGE_LOOP('',(#345,#346,#347,#348,#349,#350,#351,#352));
#2303=EDGE_LOOP('',(#353,#354,#355,#356));
#2304=EDGE_LOOP('',(#357,#358,#359,#360,#361,#362,#363,#364));
#2305=EDGE_LOOP('',(#365,#366,#367,#368));
#2306=EDGE_LOOP('',(#369,#370,#371,#372));
#2307=EDGE_LOOP('',(#373,#374,#375,#376));
#2308=EDGE_LOOP('',(#377,#378,#379,#380));
#2309=EDGE_LOOP('',(#381,#382,#383,#384));
#2310=EDGE_LOOP('',(#385,#386,#387,#388));
#2311=EDGE_LOOP('',(#389,#390,#391,#392));
#2312=EDGE_LOOP('',(#393,#394,#395,#396,#397,#398,#399,#400));
#2313=EDGE_LOOP('',(#401,#402,#403,#404));
#2314=EDGE_LOOP('',(#405,#406,#407,#408));
#2315=EDGE_LOOP('',(#409,#410,#411,#412));
#2316=EDGE_LOOP('',(#413,#414,#415,#416));
#2317=EDGE_LOOP('',(#417,#418,#419,#420));
#2318=EDGE_LOOP('',(#421,#422,#423,#424));
#2319=EDGE_LOOP('',(#425,#426,#427,#428));
#2320=EDGE_LOOP('',(#429,#430,#431,#432));
#2321=EDGE_LOOP('',(#433,#434,#435,#436));
#2322=EDGE_LOOP('',(#437,#438,#439,#440));
#2323=EDGE_LOOP('',(#441,#442,#443,#444,#445,#446,#447,#448,#449,#450,#451,
#452,#453,#454,#455,#456));
#2324=EDGE_LOOP('',(#457,#458,#459,#460,#461,#462,#463,#464,#465,#466,#467,
#468,#469,#470,#471,#472));
#2325=EDGE_LOOP('',(#473,#474,#475,#476));
#2326=EDGE_LOOP('',(#477,#478,#479,#480));
#2327=EDGE_LOOP('',(#481,#482,#483,#484));
#2328=EDGE_LOOP('',(#485,#486,#487,#488));
#2329=EDGE_LOOP('',(#489,#490,#491,#492));
#2330=EDGE_LOOP('',(#493,#494,#495,#496));
#2331=EDGE_LOOP('',(#497,#498,#499,#500));
#2332=EDGE_LOOP('',(#501,#502,#503,#504));
#2333=EDGE_LOOP('',(#505,#506,#507,#508));
#2334=EDGE_LOOP('',(#509,#510,#511,#512));
#2335=EDGE_LOOP('',(#513,#514,#515,#516));
#2336=EDGE_LOOP('',(#517,#518,#519,#520));
#2337=EDGE_LOOP('',(#521,#522,#523,#524));
#2338=EDGE_LOOP('',(#525,#526,#527,#528));
#2339=EDGE_LOOP('',(#529,#530,#531,#532));
#2340=EDGE_LOOP('',(#533,#534,#535,#536));
#2341=EDGE_LOOP('',(#537,#538,#539,#540,#541,#542,#543,#544,#545,#546,#547,
#548,#549,#550,#551,#552));
#2342=EDGE_LOOP('',(#553,#554,#555,#556,#557,#558,#559,#560,#561,#562,#563,
#564,#565,#566,#567,#568));
#2343=EDGE_LOOP('',(#569,#570,#571,#572));
#2344=EDGE_LOOP('',(#573,#574,#575,#576));
#2345=EDGE_LOOP('',(#577,#578,#579,#580));
#2346=EDGE_LOOP('',(#581,#582,#583,#584));
#2347=EDGE_LOOP('',(#585,#586,#587,#588));
#2348=EDGE_LOOP('',(#589,#590,#591,#592));
#2349=EDGE_LOOP('',(#593,#594,#595,#596));
#2350=EDGE_LOOP('',(#597,#598,#599,#600));
#2351=EDGE_LOOP('',(#601,#602,#603,#604));
#2352=EDGE_LOOP('',(#605,#606,#607,#608));
#2353=EDGE_LOOP('',(#609,#610,#611,#612));
#2354=EDGE_LOOP('',(#613,#614,#615,#616));
#2355=EDGE_LOOP('',(#617,#618,#619,#620));
#2356=EDGE_LOOP('',(#621,#622,#623,#624));
#2357=EDGE_LOOP('',(#625,#626,#627,#628));
#2358=EDGE_LOOP('',(#629,#630,#631,#632));
#2359=EDGE_LOOP('',(#633,#634,#635,#636,#637,#638,#639,#640,#641,#642,#643,
#644,#645,#646,#647,#648));
#2360=EDGE_LOOP('',(#649,#650,#651,#652,#653,#654,#655,#656,#657,#658,#659,
#660,#661,#662,#663,#664));
#2361=EDGE_LOOP('',(#665,#666,#667,#668));
#2362=EDGE_LOOP('',(#669,#670,#671,#672));
#2363=EDGE_LOOP('',(#673,#674,#675,#676));
#2364=EDGE_LOOP('',(#677,#678,#679,#680));
#2365=EDGE_LOOP('',(#681,#682,#683,#684));
#2366=EDGE_LOOP('',(#685,#686,#687,#688));
#2367=EDGE_LOOP('',(#689,#690,#691,#692));
#2368=EDGE_LOOP('',(#693,#694,#695,#696));
#2369=EDGE_LOOP('',(#697,#698,#699,#700));
#2370=EDGE_LOOP('',(#701,#702,#703,#704));
#2371=EDGE_LOOP('',(#705,#706,#707,#708));
#2372=EDGE_LOOP('',(#709,#710,#711,#712));
#2373=EDGE_LOOP('',(#713,#714,#715,#716));
#2374=EDGE_LOOP('',(#717,#718,#719,#720));
#2375=EDGE_LOOP('',(#721,#722,#723,#724));
#2376=EDGE_LOOP('',(#725,#726,#727,#728));
#2377=EDGE_LOOP('',(#729,#730,#731,#732,#733,#734,#735,#736,#737,#738,#739,
#740,#741,#742,#743,#744));
#2378=EDGE_LOOP('',(#745,#746,#747,#748,#749,#750,#751,#752,#753,#754,#755,
#756,#757,#758,#759,#760));
#2379=EDGE_LOOP('',(#761,#762,#763,#764));
#2380=EDGE_LOOP('',(#765,#766,#767,#768));
#2381=EDGE_LOOP('',(#769,#770,#771,#772));
#2382=EDGE_LOOP('',(#773,#774,#775,#776));
#2383=EDGE_LOOP('',(#777,#778,#779,#780));
#2384=EDGE_LOOP('',(#781,#782,#783,#784));
#2385=EDGE_LOOP('',(#785,#786,#787,#788));
#2386=EDGE_LOOP('',(#789,#790,#791,#792));
#2387=EDGE_LOOP('',(#793,#794,#795,#796));
#2388=EDGE_LOOP('',(#797,#798,#799,#800));
#2389=EDGE_LOOP('',(#801,#802,#803,#804));
#2390=EDGE_LOOP('',(#805,#806,#807,#808));
#2391=EDGE_LOOP('',(#809,#810,#811,#812));
#2392=EDGE_LOOP('',(#813,#814,#815,#816));
#2393=EDGE_LOOP('',(#817,#818,#819,#820));
#2394=EDGE_LOOP('',(#821,#822,#823,#824));
#2395=FACE_BOUND('',#2241,.T.);
#2396=FACE_BOUND('',#2242,.T.);
#2397=FACE_BOUND('',#2243,.T.);
#2398=FACE_BOUND('',#2244,.T.);
#2399=FACE_BOUND('',#2245,.T.);
#2400=FACE_BOUND('',#2246,.T.);
#2401=FACE_BOUND('',#2247,.T.);
#2402=FACE_BOUND('',#2248,.T.);
#2403=FACE_BOUND('',#2249,.T.);
#2404=FACE_BOUND('',#2250,.T.);
#2405=FACE_BOUND('',#2251,.T.);
#2406=FACE_BOUND('',#2252,.T.);
#2407=FACE_BOUND('',#2253,.T.);
#2408=FACE_BOUND('',#2254,.T.);
#2409=FACE_BOUND('',#2255,.T.);
#2410=FACE_BOUND('',#2256,.T.);
#2411=FACE_BOUND('',#2257,.T.);
#2412=FACE_BOUND('',#2258,.T.);
#2413=FACE_BOUND('',#2259,.T.);
#2414=FACE_BOUND('',#2260,.T.);
#2415=FACE_BOUND('',#2261,.T.);
#2416=FACE_BOUND('',#2262,.T.);
#2417=FACE_BOUND('',#2263,.T.);
#2418=FACE_BOUND('',#2264,.T.);
#2419=FACE_BOUND('',#2265,.T.);
#2420=FACE_BOUND('',#2266,.T.);
#2421=FACE_BOUND('',#2267,.T.);
#2422=FACE_BOUND('',#2268,.T.);
#2423=FACE_BOUND('',#2269,.T.);
#2424=FACE_BOUND('',#2270,.T.);
#2425=FACE_BOUND('',#2271,.T.);
#2426=FACE_BOUND('',#2272,.T.);
#2427=FACE_BOUND('',#2273,.T.);
#2428=FACE_BOUND('',#2274,.T.);
#2429=FACE_BOUND('',#2275,.T.);
#2430=FACE_BOUND('',#2276,.T.);
#2431=FACE_BOUND('',#2277,.T.);
#2432=FACE_BOUND('',#2278,.T.);
#2433=FACE_BOUND('',#2279,.T.);
#2434=FACE_BOUND('',#2280,.T.);
#2435=FACE_BOUND('',#2281,.T.);
#2436=FACE_BOUND('',#2282,.T.);
#2437=FACE_BOUND('',#2283,.T.);
#2438=FACE_BOUND('',#2284,.T.);
#2439=FACE_BOUND('',#2285,.T.);
#2440=FACE_BOUND('',#2286,.T.);
#2441=FACE_BOUND('',#2287,.T.);
#2442=FACE_BOUND('',#2288,.T.);
#2443=FACE_BOUND('',#2289,.T.);
#2444=FACE_BOUND('',#2290,.T.);
#2445=FACE_BOUND('',#2291,.T.);
#2446=FACE_BOUND('',#2292,.T.);
#2447=FACE_BOUND('',#2293,.T.);
#2448=FACE_BOUND('',#2294,.T.);
#2449=FACE_BOUND('',#2295,.T.);
#2450=FACE_BOUND('',#2296,.T.);
#2451=FACE_BOUND('',#2297,.T.);
#2452=FACE_BOUND('',#2298,.T.);
#2453=FACE_BOUND('',#2299,.T.);
#2454=FACE_BOUND('',#2300,.T.);
#2455=FACE_BOUND('',#2301,.T.);
#2456=FACE_BOUND('',#2302,.T.);
#2457=FACE_BOUND('',#2303,.T.);
#2458=FACE_BOUND('',#2304,.T.);
#2459=FACE_BOUND('',#2305,.T.);
#2460=FACE_BOUND('',#2306,.T.);
#2461=FACE_BOUND('',#2307,.T.);
#2462=FACE_BOUND('',#2308,.T.);
#2463=FACE_BOUND('',#2309,.T.);
#2464=FACE_BOUND('',#2310,.T.);
#2465=FACE_BOUND('',#2311,.T.);
#2466=FACE_BOUND('',#2312,.T.);
#2467=FACE_BOUND('',#2313,.T.);
#2468=FACE_BOUND('',#2314,.T.);
#2469=FACE_BOUND('',#2315,.T.);
#2470=FACE_BOUND('',#2316,.T.);
#2471=FACE_BOUND('',#2317,.T.);
#2472=FACE_BOUND('',#2318,.T.);
#2473=FACE_BOUND('',#2319,.T.);
#2474=FACE_BOUND('',#2320,.T.);
#2475=FACE_BOUND('',#2321,.T.);
#2476=FACE_BOUND('',#2322,.T.);
#2477=FACE_BOUND('',#2323,.T.);
#2478=FACE_BOUND('',#2324,.T.);
#2479=FACE_BOUND('',#2325,.T.);
#2480=FACE_BOUND('',#2326,.T.);
#2481=FACE_BOUND('',#2327,.T.);
#2482=FACE_BOUND('',#2328,.T.);
#2483=FACE_BOUND('',#2329,.T.);
#2484=FACE_BOUND('',#2330,.T.);
#2485=FACE_BOUND('',#2331,.T.);
#2486=FACE_BOUND('',#2332,.T.);
#2487=FACE_BOUND('',#2333,.T.);
#2488=FACE_BOUND('',#2334,.T.);
#2489=FACE_BOUND('',#2335,.T.);
#2490=FACE_BOUND('',#2336,.T.);
#2491=FACE_BOUND('',#2337,.T.);
#2492=FACE_BOUND('',#2338,.T.);
#2493=FACE_BOUND('',#2339,.T.);
#2494=FACE_BOUND('',#2340,.T.);
#2495=FACE_BOUND('',#2341,.T.);
#2496=FACE_BOUND('',#2342,.T.);
#2497=FACE_BOUND('',#2343,.T.);
#2498=FACE_BOUND('',#2344,.T.);
#2499=FACE_BOUND('',#2345,.T.);
#2500=FACE_BOUND('',#2346,.T.);
#2501=FACE_BOUND('',#2347,.T.);
#2502=FACE_BOUND('',#2348,.T.);
#2503=FACE_BOUND('',#2349,.T.);
#2504=FACE_BOUND('',#2350,.T.);
#2505=FACE_BOUND('',#2351,.T.);
#2506=FACE_BOUND('',#2352,.T.);
#2507=FACE_BOUND('',#2353,.T.);
#2508=FACE_BOUND('',#2354,.T.);
#2509=FACE_BOUND('',#2355,.T.);
#2510=FACE_BOUND('',#2356,.T.);
#2511=FACE_BOUND('',#2357,.T.);
#2512=FACE_BOUND('',#2358,.T.);
#2513=FACE_BOUND('',#2359,.T.);
#2514=FACE_BOUND('',#2360,.T.);
#2515=FACE_BOUND('',#2361,.T.);
#2516=FACE_BOUND('',#2362,.T.);
#2517=FACE_BOUND('',#2363,.T.);
#2518=FACE_BOUND('',#2364,.T.);
#2519=FACE_BOUND('',#2365,.T.);
#2520=FACE_BOUND('',#2366,.T.);
#2521=FACE_BOUND('',#2367,.T.);
#2522=FACE_BOUND('',#2368,.T.);
#2523=FACE_BOUND('',#2369,.T.);
#2524=FACE_BOUND('',#2370,.T.);
#2525=FACE_BOUND('',#2371,.T.);
#2526=FACE_BOUND('',#2372,.T.);
#2527=FACE_BOUND('',#2373,.T.);
#2528=FACE_BOUND('',#2374,.T.);
#2529=FACE_BOUND('',#2375,.T.);
#2530=FACE_BOUND('',#2376,.T.);
#2531=FACE_BOUND('',#2377,.T.);
#2532=FACE_BOUND('',#2378,.T.);
#2533=FACE_BOUND('',#2379,.T.);
#2534=FACE_BOUND('',#2380,.T.);
#2535=FACE_BOUND('',#2381,.T.);
#2536=FACE_BOUND('',#2382,.T.);
#2537=FACE_BOUND('',#2383,.T.);
#2538=FACE_BOUND('',#2384,.T.);
#2539=FACE_BOUND('',#2385,.T.);
#2540=FACE_BOUND('',#2386,.T.);
#2541=FACE_BOUND('',#2387,.T.);
#2542=FACE_BOUND('',#2388,.T.);
#2543=FACE_BOUND('',#2389,.T.);
#2544=FACE_BOUND('',#2390,.T.);
#2545=FACE_BOUND('',#2391,.T.);
#2546=FACE_BOUND('',#2392,.T.);
#2547=FACE_BOUND('',#2393,.T.);
#2548=FACE_BOUND('',#2394,.T.);
#2549=PLANE('',#3401);
#2550=PLANE('',#3402);
#2551=PLANE('',#3403);
#2552=PLANE('',#3404);
#2553=PLANE('',#3405);
#2554=PLANE('',#3406);
#2555=PLANE('',#3407);
#2556=PLANE('',#3408);
#2557=PLANE('',#3409);
#2558=PLANE('',#3410);
#2559=PLANE('',#3411);
#2560=PLANE('',#3412);
#2561=PLANE('',#3413);
#2562=PLANE('',#3414);
#2563=PLANE('',#3415);
#2564=PLANE('',#3416);
#2565=PLANE('',#3417);
#2566=PLANE('',#3418);
#2567=PLANE('',#3419);
#2568=PLANE('',#3420);
#2569=PLANE('',#3421);
#2570=PLANE('',#3422);
#2571=PLANE('',#3423);
#2572=PLANE('',#3424);
#2573=PLANE('',#3425);
#2574=PLANE('',#3426);
#2575=PLANE('',#3427);
#2576=PLANE('',#3428);
#2577=PLANE('',#3429);
#2578=PLANE('',#3430);
#2579=PLANE('',#3431);
#2580=PLANE('',#3432);
#2581=PLANE('',#3433);
#2582=PLANE('',#3434);
#2583=PLANE('',#3435);
#2584=PLANE('',#3436);
#2585=PLANE('',#3437);
#2586=PLANE('',#3438);
#2587=PLANE('',#3439);
#2588=PLANE('',#3440);
#2589=PLANE('',#3441);
#2590=PLANE('',#3442);
#2591=PLANE('',#3443);
#2592=PLANE('',#3444);
#2593=PLANE('',#3445);
#2594=PLANE('',#3446);
#2595=PLANE('',#3447);
#2596=PLANE('',#3448);
#2597=PLANE('',#3449);
#2598=PLANE('',#3450);
#2599=PLANE('',#3451);
#2600=PLANE('',#3452);
#2601=PLANE('',#3453);
#2602=PLANE('',#3454);
#2603=PLANE('',#3455);
#2604=PLANE('',#3456);
#2605=PLANE('',#3457);
#2606=PLANE('',#3458);
#2607=PLANE('',#3459);
#2608=PLANE('',#3460);
#2609=PLANE('',#3461);
#2610=PLANE('',#3462);
#2611=PLANE('',#3463);
#2612=PLANE('',#3464);
#2613=PLANE('',#3465);
#2614=PLANE('',#3466);
#2615=PLANE('',#3467);
#2616=PLANE('',#3468);
#2617=PLANE('',#3469);
#2618=PLANE('',#3470);
#2619=PLANE('',#3471);
#2620=PLANE('',#3472);
#2621=PLANE('',#3473);
#2622=PLANE('',#3474);
#2623=PLANE('',#3475);
#2624=PLANE('',#3477);
#2625=PLANE('',#3479);
#2626=PLANE('',#3480);
#2627=PLANE('',#3481);
#2628=PLANE('',#3482);
#2629=PLANE('',#3483);
#2630=PLANE('',#3484);
#2631=PLANE('',#3485);
#2632=PLANE('',#3486);
#2633=PLANE('',#3487);
#2634=PLANE('',#3488);
#2635=PLANE('',#3489);
#2636=PLANE('',#3490);
#2637=PLANE('',#3491);
#2638=PLANE('',#3493);
#2639=PLANE('',#3494);
#2640=PLANE('',#3495);
#2641=PLANE('',#3497);
#2642=PLANE('',#3499);
#2643=PLANE('',#3500);
#2644=PLANE('',#3501);
#2645=PLANE('',#3502);
#2646=PLANE('',#3503);
#2647=PLANE('',#3504);
#2648=PLANE('',#3505);
#2649=PLANE('',#3506);
#2650=PLANE('',#3507);
#2651=PLANE('',#3508);
#2652=PLANE('',#3509);
#2653=PLANE('',#3510);
#2654=PLANE('',#3511);
#2655=PLANE('',#3513);
#2656=PLANE('',#3514);
#2657=PLANE('',#3515);
#2658=PLANE('',#3517);
#2659=PLANE('',#3519);
#2660=PLANE('',#3520);
#2661=PLANE('',#3521);
#2662=PLANE('',#3522);
#2663=PLANE('',#3523);
#2664=PLANE('',#3524);
#2665=PLANE('',#3525);
#2666=PLANE('',#3526);
#2667=PLANE('',#3527);
#2668=PLANE('',#3528);
#2669=PLANE('',#3529);
#2670=PLANE('',#3530);
#2671=PLANE('',#3531);
#2672=PLANE('',#3533);
#2673=PLANE('',#3534);
#2674=PLANE('',#3535);
#2675=PLANE('',#3537);
#2676=PLANE('',#3539);
#2677=PLANE('',#3540);
#2678=PLANE('',#3541);
#2679=PLANE('',#3542);
#2680=PLANE('',#3543);
#2681=PLANE('',#3544);
#2682=PLANE('',#3545);
#2683=PLANE('',#3546);
#2684=PLANE('',#3547);
#2685=PLANE('',#3548);
#2686=PLANE('',#3549);
#2687=PLANE('',#3550);
#2688=PLANE('',#3551);
#2689=PLANE('',#3553);
#2690=PLANE('',#3554);
#2691=STYLED_ITEM('',(#2769),#3240);
#2692=STYLED_ITEM('',(#2770),#3241);
#2693=STYLED_ITEM('',(#2771),#3242);
#2694=STYLED_ITEM('',(#2772),#3243);
#2695=STYLED_ITEM('',(#2773),#3244);
#2696=STYLED_ITEM('',(#2774),#3245);
#2697=STYLED_ITEM('',(#2775),#3246);
#2698=STYLED_ITEM('',(#2776),#3247);
#2699=STYLED_ITEM('',(#2777),#3248);
#2700=STYLED_ITEM('',(#2778),#3249);
#2701=STYLED_ITEM('',(#2779),#3250);
#2702=STYLED_ITEM('',(#2780),#3251);
#2703=STYLED_ITEM('',(#2781),#3252);
#2704=STYLED_ITEM('',(#2782),#3253);
#2705=STYLED_ITEM('',(#2783),#3254);
#2706=STYLED_ITEM('',(#2784),#3255);
#2707=STYLED_ITEM('',(#2785),#3256);
#2708=STYLED_ITEM('',(#2786),#3257);
#2709=STYLED_ITEM('',(#2787),#3258);
#2710=STYLED_ITEM('',(#2788),#3259);
#2711=STYLED_ITEM('',(#2789),#3260);
#2712=STYLED_ITEM('',(#2790),#3261);
#2713=STYLED_ITEM('',(#2791),#3262);
#2714=STYLED_ITEM('',(#2792),#3263);
#2715=STYLED_ITEM('',(#2793),#3264);
#2716=STYLED_ITEM('',(#2794),#3265);
#2717=STYLED_ITEM('',(#2795),#3266);
#2718=STYLED_ITEM('',(#2796),#3267);
#2719=STYLED_ITEM('',(#2797),#3268);
#2720=STYLED_ITEM('',(#2798),#3269);
#2721=STYLED_ITEM('',(#2799),#3270);
#2722=STYLED_ITEM('',(#2800),#3271);
#2723=STYLED_ITEM('',(#2801),#3272);
#2724=STYLED_ITEM('',(#2802),#3273);
#2725=STYLED_ITEM('',(#2803),#3274);
#2726=STYLED_ITEM('',(#2804),#3275);
#2727=STYLED_ITEM('',(#2805),#3276);
#2728=STYLED_ITEM('',(#2806),#3277);
#2729=STYLED_ITEM('',(#2807),#3278);
#2730=STYLED_ITEM('',(#2808),#3279);
#2731=STYLED_ITEM('',(#2809),#3280);
#2732=STYLED_ITEM('',(#2810),#3281);
#2733=STYLED_ITEM('',(#2811),#3282);
#2734=STYLED_ITEM('',(#2812),#3283);
#2735=STYLED_ITEM('',(#2813),#3284);
#2736=STYLED_ITEM('',(#2814),#3285);
#2737=STYLED_ITEM('',(#2815),#3286);
#2738=STYLED_ITEM('',(#2816),#3287);
#2739=STYLED_ITEM('',(#2817),#3288);
#2740=STYLED_ITEM('',(#2818),#3289);
#2741=STYLED_ITEM('',(#2819),#3290);
#2742=STYLED_ITEM('',(#2820),#3291);
#2743=STYLED_ITEM('',(#2821),#3292);
#2744=STYLED_ITEM('',(#2822),#3293);
#2745=STYLED_ITEM('',(#2823),#3294);
#2746=STYLED_ITEM('',(#2824),#3295);
#2747=STYLED_ITEM('',(#2825),#3296);
#2748=STYLED_ITEM('',(#2826),#3297);
#2749=STYLED_ITEM('',(#2827),#3298);
#2750=STYLED_ITEM('',(#2828),#3299);
#2751=STYLED_ITEM('',(#2829),#3300);
#2752=STYLED_ITEM('',(#2830),#3301);
#2753=STYLED_ITEM('',(#2831),#3302);
#2754=STYLED_ITEM('',(#2832),#3303);
#2755=STYLED_ITEM('',(#2833),#3304);
#2756=STYLED_ITEM('',(#2834),#3305);
#2757=STYLED_ITEM('',(#2835),#3306);
#2758=STYLED_ITEM('',(#2836),#3307);
#2759=STYLED_ITEM('',(#2837),#3308);
#2760=STYLED_ITEM('',(#2838),#3309);
#2761=STYLED_ITEM('',(#2839),#3310);
#2762=STYLED_ITEM('',(#2840),#3311);
#2763=STYLED_ITEM('',(#2841),#3312);
#2764=STYLED_ITEM('',(#2842),#3313);
#2765=STYLED_ITEM('',(#2843),#3392);
#2766=STYLED_ITEM('',(#2844),#3393);
#2767=STYLED_ITEM('',(#2845),#3394);
#2768=STYLED_ITEM('',(#2846),#3395);
#2769=PRESENTATION_STYLE_ASSIGNMENT((#2847));
#2770=PRESENTATION_STYLE_ASSIGNMENT((#2848));
#2771=PRESENTATION_STYLE_ASSIGNMENT((#2849));
#2772=PRESENTATION_STYLE_ASSIGNMENT((#2850));
#2773=PRESENTATION_STYLE_ASSIGNMENT((#2851));
#2774=PRESENTATION_STYLE_ASSIGNMENT((#2852));
#2775=PRESENTATION_STYLE_ASSIGNMENT((#2853));
#2776=PRESENTATION_STYLE_ASSIGNMENT((#2854));
#2777=PRESENTATION_STYLE_ASSIGNMENT((#2855));
#2778=PRESENTATION_STYLE_ASSIGNMENT((#2856));
#2779=PRESENTATION_STYLE_ASSIGNMENT((#2857));
#2780=PRESENTATION_STYLE_ASSIGNMENT((#2858));
#2781=PRESENTATION_STYLE_ASSIGNMENT((#2859));
#2782=PRESENTATION_STYLE_ASSIGNMENT((#2860));
#2783=PRESENTATION_STYLE_ASSIGNMENT((#2861));
#2784=PRESENTATION_STYLE_ASSIGNMENT((#2862));
#2785=PRESENTATION_STYLE_ASSIGNMENT((#2863));
#2786=PRESENTATION_STYLE_ASSIGNMENT((#2864));
#2787=PRESENTATION_STYLE_ASSIGNMENT((#2865));
#2788=PRESENTATION_STYLE_ASSIGNMENT((#2866));
#2789=PRESENTATION_STYLE_ASSIGNMENT((#2867));
#2790=PRESENTATION_STYLE_ASSIGNMENT((#2868));
#2791=PRESENTATION_STYLE_ASSIGNMENT((#2869));
#2792=PRESENTATION_STYLE_ASSIGNMENT((#2870));
#2793=PRESENTATION_STYLE_ASSIGNMENT((#2871));
#2794=PRESENTATION_STYLE_ASSIGNMENT((#2872));
#2795=PRESENTATION_STYLE_ASSIGNMENT((#2873));
#2796=PRESENTATION_STYLE_ASSIGNMENT((#2874));
#2797=PRESENTATION_STYLE_ASSIGNMENT((#2875));
#2798=PRESENTATION_STYLE_ASSIGNMENT((#2876));
#2799=PRESENTATION_STYLE_ASSIGNMENT((#2877));
#2800=PRESENTATION_STYLE_ASSIGNMENT((#2878));
#2801=PRESENTATION_STYLE_ASSIGNMENT((#2879));
#2802=PRESENTATION_STYLE_ASSIGNMENT((#2880));
#2803=PRESENTATION_STYLE_ASSIGNMENT((#2881));
#2804=PRESENTATION_STYLE_ASSIGNMENT((#2882));
#2805=PRESENTATION_STYLE_ASSIGNMENT((#2883));
#2806=PRESENTATION_STYLE_ASSIGNMENT((#2884));
#2807=PRESENTATION_STYLE_ASSIGNMENT((#2885));
#2808=PRESENTATION_STYLE_ASSIGNMENT((#2886));
#2809=PRESENTATION_STYLE_ASSIGNMENT((#2887));
#2810=PRESENTATION_STYLE_ASSIGNMENT((#2888));
#2811=PRESENTATION_STYLE_ASSIGNMENT((#2889));
#2812=PRESENTATION_STYLE_ASSIGNMENT((#2890));
#2813=PRESENTATION_STYLE_ASSIGNMENT((#2891));
#2814=PRESENTATION_STYLE_ASSIGNMENT((#2892));
#2815=PRESENTATION_STYLE_ASSIGNMENT((#2893));
#2816=PRESENTATION_STYLE_ASSIGNMENT((#2894));
#2817=PRESENTATION_STYLE_ASSIGNMENT((#2895));
#2818=PRESENTATION_STYLE_ASSIGNMENT((#2896));
#2819=PRESENTATION_STYLE_ASSIGNMENT((#2897));
#2820=PRESENTATION_STYLE_ASSIGNMENT((#2898));
#2821=PRESENTATION_STYLE_ASSIGNMENT((#2899));
#2822=PRESENTATION_STYLE_ASSIGNMENT((#2900));
#2823=PRESENTATION_STYLE_ASSIGNMENT((#2901));
#2824=PRESENTATION_STYLE_ASSIGNMENT((#2902));
#2825=PRESENTATION_STYLE_ASSIGNMENT((#2903));
#2826=PRESENTATION_STYLE_ASSIGNMENT((#2904));
#2827=PRESENTATION_STYLE_ASSIGNMENT((#2905));
#2828=PRESENTATION_STYLE_ASSIGNMENT((#2906));
#2829=PRESENTATION_STYLE_ASSIGNMENT((#2907));
#2830=PRESENTATION_STYLE_ASSIGNMENT((#2908));
#2831=PRESENTATION_STYLE_ASSIGNMENT((#2909));
#2832=PRESENTATION_STYLE_ASSIGNMENT((#2910));
#2833=PRESENTATION_STYLE_ASSIGNMENT((#2911));
#2834=PRESENTATION_STYLE_ASSIGNMENT((#2912));
#2835=PRESENTATION_STYLE_ASSIGNMENT((#2913));
#2836=PRESENTATION_STYLE_ASSIGNMENT((#2914));
#2837=PRESENTATION_STYLE_ASSIGNMENT((#2915));
#2838=PRESENTATION_STYLE_ASSIGNMENT((#2916));
#2839=PRESENTATION_STYLE_ASSIGNMENT((#2917));
#2840=PRESENTATION_STYLE_ASSIGNMENT((#2918));
#2841=PRESENTATION_STYLE_ASSIGNMENT((#2919));
#2842=PRESENTATION_STYLE_ASSIGNMENT((#2920));
#2843=PRESENTATION_STYLE_ASSIGNMENT((#2921));
#2844=PRESENTATION_STYLE_ASSIGNMENT((#2922));
#2845=PRESENTATION_STYLE_ASSIGNMENT((#2923));
#2846=PRESENTATION_STYLE_ASSIGNMENT((#2924));
#2847=SURFACE_STYLE_USAGE(.BOTH.,#2925);
#2848=SURFACE_STYLE_USAGE(.BOTH.,#2926);
#2849=SURFACE_STYLE_USAGE(.BOTH.,#2927);
#2850=SURFACE_STYLE_USAGE(.BOTH.,#2928);
#2851=SURFACE_STYLE_USAGE(.BOTH.,#2929);
#2852=SURFACE_STYLE_USAGE(.BOTH.,#2930);
#2853=SURFACE_STYLE_USAGE(.BOTH.,#2931);
#2854=SURFACE_STYLE_USAGE(.BOTH.,#2932);
#2855=SURFACE_STYLE_USAGE(.BOTH.,#2933);
#2856=SURFACE_STYLE_USAGE(.BOTH.,#2934);
#2857=SURFACE_STYLE_USAGE(.BOTH.,#2935);
#2858=SURFACE_STYLE_USAGE(.BOTH.,#2936);
#2859=SURFACE_STYLE_USAGE(.BOTH.,#2937);
#2860=SURFACE_STYLE_USAGE(.BOTH.,#2938);
#2861=SURFACE_STYLE_USAGE(.BOTH.,#2939);
#2862=SURFACE_STYLE_USAGE(.BOTH.,#2940);
#2863=SURFACE_STYLE_USAGE(.BOTH.,#2941);
#2864=SURFACE_STYLE_USAGE(.BOTH.,#2942);
#2865=SURFACE_STYLE_USAGE(.BOTH.,#2943);
#2866=SURFACE_STYLE_USAGE(.BOTH.,#2944);
#2867=SURFACE_STYLE_USAGE(.BOTH.,#2945);
#2868=SURFACE_STYLE_USAGE(.BOTH.,#2946);
#2869=SURFACE_STYLE_USAGE(.BOTH.,#2947);
#2870=SURFACE_STYLE_USAGE(.BOTH.,#2948);
#2871=SURFACE_STYLE_USAGE(.BOTH.,#2949);
#2872=SURFACE_STYLE_USAGE(.BOTH.,#2950);
#2873=SURFACE_STYLE_USAGE(.BOTH.,#2951);
#2874=SURFACE_STYLE_USAGE(.BOTH.,#2952);
#2875=SURFACE_STYLE_USAGE(.BOTH.,#2953);
#2876=SURFACE_STYLE_USAGE(.BOTH.,#2954);
#2877=SURFACE_STYLE_USAGE(.BOTH.,#2955);
#2878=SURFACE_STYLE_USAGE(.BOTH.,#2956);
#2879=SURFACE_STYLE_USAGE(.BOTH.,#2957);
#2880=SURFACE_STYLE_USAGE(.BOTH.,#2958);
#2881=SURFACE_STYLE_USAGE(.BOTH.,#2959);
#2882=SURFACE_STYLE_USAGE(.BOTH.,#2960);
#2883=SURFACE_STYLE_USAGE(.BOTH.,#2961);
#2884=SURFACE_STYLE_USAGE(.BOTH.,#2962);
#2885=SURFACE_STYLE_USAGE(.BOTH.,#2963);
#2886=SURFACE_STYLE_USAGE(.BOTH.,#2964);
#2887=SURFACE_STYLE_USAGE(.BOTH.,#2965);
#2888=SURFACE_STYLE_USAGE(.BOTH.,#2966);
#2889=SURFACE_STYLE_USAGE(.BOTH.,#2967);
#2890=SURFACE_STYLE_USAGE(.BOTH.,#2968);
#2891=SURFACE_STYLE_USAGE(.BOTH.,#2969);
#2892=SURFACE_STYLE_USAGE(.BOTH.,#2970);
#2893=SURFACE_STYLE_USAGE(.BOTH.,#2971);
#2894=SURFACE_STYLE_USAGE(.BOTH.,#2972);
#2895=SURFACE_STYLE_USAGE(.BOTH.,#2973);
#2896=SURFACE_STYLE_USAGE(.BOTH.,#2974);
#2897=SURFACE_STYLE_USAGE(.BOTH.,#2975);
#2898=SURFACE_STYLE_USAGE(.BOTH.,#2976);
#2899=SURFACE_STYLE_USAGE(.BOTH.,#2977);
#2900=SURFACE_STYLE_USAGE(.BOTH.,#2978);
#2901=SURFACE_STYLE_USAGE(.BOTH.,#2979);
#2902=SURFACE_STYLE_USAGE(.BOTH.,#2980);
#2903=SURFACE_STYLE_USAGE(.BOTH.,#2981);
#2904=SURFACE_STYLE_USAGE(.BOTH.,#2982);
#2905=SURFACE_STYLE_USAGE(.BOTH.,#2983);
#2906=SURFACE_STYLE_USAGE(.BOTH.,#2984);
#2907=SURFACE_STYLE_USAGE(.BOTH.,#2985);
#2908=SURFACE_STYLE_USAGE(.BOTH.,#2986);
#2909=SURFACE_STYLE_USAGE(.BOTH.,#2987);
#2910=SURFACE_STYLE_USAGE(.BOTH.,#2988);
#2911=SURFACE_STYLE_USAGE(.BOTH.,#2989);
#2912=SURFACE_STYLE_USAGE(.BOTH.,#2990);
#2913=SURFACE_STYLE_USAGE(.BOTH.,#2991);
#2914=SURFACE_STYLE_USAGE(.BOTH.,#2992);
#2915=SURFACE_STYLE_USAGE(.BOTH.,#2993);
#2916=SURFACE_STYLE_USAGE(.BOTH.,#2994);
#2917=SURFACE_STYLE_USAGE(.BOTH.,#2995);
#2918=SURFACE_STYLE_USAGE(.BOTH.,#2996);
#2919=SURFACE_STYLE_USAGE(.BOTH.,#2997);
#2920=SURFACE_STYLE_USAGE(.BOTH.,#2998);
#2921=SURFACE_STYLE_USAGE(.BOTH.,#2999);
#2922=SURFACE_STYLE_USAGE(.BOTH.,#3000);
#2923=SURFACE_STYLE_USAGE(.BOTH.,#3001);
#2924=SURFACE_STYLE_USAGE(.BOTH.,#3002);
#2925=SURFACE_SIDE_STYLE('',(#3003));
#2926=SURFACE_SIDE_STYLE('',(#3004));
#2927=SURFACE_SIDE_STYLE('',(#3005));
#2928=SURFACE_SIDE_STYLE('',(#3006));
#2929=SURFACE_SIDE_STYLE('',(#3007));
#2930=SURFACE_SIDE_STYLE('',(#3008));
#2931=SURFACE_SIDE_STYLE('',(#3009));
#2932=SURFACE_SIDE_STYLE('',(#3010));
#2933=SURFACE_SIDE_STYLE('',(#3011));
#2934=SURFACE_SIDE_STYLE('',(#3012));
#2935=SURFACE_SIDE_STYLE('',(#3013));
#2936=SURFACE_SIDE_STYLE('',(#3014));
#2937=SURFACE_SIDE_STYLE('',(#3015));
#2938=SURFACE_SIDE_STYLE('',(#3016));
#2939=SURFACE_SIDE_STYLE('',(#3017));
#2940=SURFACE_SIDE_STYLE('',(#3018));
#2941=SURFACE_SIDE_STYLE('',(#3019));
#2942=SURFACE_SIDE_STYLE('',(#3020));
#2943=SURFACE_SIDE_STYLE('',(#3021));
#2944=SURFACE_SIDE_STYLE('',(#3022));
#2945=SURFACE_SIDE_STYLE('',(#3023));
#2946=SURFACE_SIDE_STYLE('',(#3024));
#2947=SURFACE_SIDE_STYLE('',(#3025));
#2948=SURFACE_SIDE_STYLE('',(#3026));
#2949=SURFACE_SIDE_STYLE('',(#3027));
#2950=SURFACE_SIDE_STYLE('',(#3028));
#2951=SURFACE_SIDE_STYLE('',(#3029));
#2952=SURFACE_SIDE_STYLE('',(#3030));
#2953=SURFACE_SIDE_STYLE('',(#3031));
#2954=SURFACE_SIDE_STYLE('',(#3032));
#2955=SURFACE_SIDE_STYLE('',(#3033));
#2956=SURFACE_SIDE_STYLE('',(#3034));
#2957=SURFACE_SIDE_STYLE('',(#3035));
#2958=SURFACE_SIDE_STYLE('',(#3036));
#2959=SURFACE_SIDE_STYLE('',(#3037));
#2960=SURFACE_SIDE_STYLE('',(#3038));
#2961=SURFACE_SIDE_STYLE('',(#3039));
#2962=SURFACE_SIDE_STYLE('',(#3040));
#2963=SURFACE_SIDE_STYLE('',(#3041));
#2964=SURFACE_SIDE_STYLE('',(#3042));
#2965=SURFACE_SIDE_STYLE('',(#3043));
#2966=SURFACE_SIDE_STYLE('',(#3044));
#2967=SURFACE_SIDE_STYLE('',(#3045));
#2968=SURFACE_SIDE_STYLE('',(#3046));
#2969=SURFACE_SIDE_STYLE('',(#3047));
#2970=SURFACE_SIDE_STYLE('',(#3048));
#2971=SURFACE_SIDE_STYLE('',(#3049));
#2972=SURFACE_SIDE_STYLE('',(#3050));
#2973=SURFACE_SIDE_STYLE('',(#3051));
#2974=SURFACE_SIDE_STYLE('',(#3052));
#2975=SURFACE_SIDE_STYLE('',(#3053));
#2976=SURFACE_SIDE_STYLE('',(#3054));
#2977=SURFACE_SIDE_STYLE('',(#3055));
#2978=SURFACE_SIDE_STYLE('',(#3056));
#2979=SURFACE_SIDE_STYLE('',(#3057));
#2980=SURFACE_SIDE_STYLE('',(#3058));
#2981=SURFACE_SIDE_STYLE('',(#3059));
#2982=SURFACE_SIDE_STYLE('',(#3060));
#2983=SURFACE_SIDE_STYLE('',(#3061));
#2984=SURFACE_SIDE_STYLE('',(#3062));
#2985=SURFACE_SIDE_STYLE('',(#3063));
#2986=SURFACE_SIDE_STYLE('',(#3064));
#2987=SURFACE_SIDE_STYLE('',(#3065));
#2988=SURFACE_SIDE_STYLE('',(#3066));
#2989=SURFACE_SIDE_STYLE('',(#3067));
#2990=SURFACE_SIDE_STYLE('',(#3068));
#2991=SURFACE_SIDE_STYLE('',(#3069));
#2992=SURFACE_SIDE_STYLE('',(#3070));
#2993=SURFACE_SIDE_STYLE('',(#3071));
#2994=SURFACE_SIDE_STYLE('',(#3072));
#2995=SURFACE_SIDE_STYLE('',(#3073));
#2996=SURFACE_SIDE_STYLE('',(#3074));
#2997=SURFACE_SIDE_STYLE('',(#3075));
#2998=SURFACE_SIDE_STYLE('',(#3076));
#2999=SURFACE_SIDE_STYLE('',(#3077));
#3000=SURFACE_SIDE_STYLE('',(#3078));
#3001=SURFACE_SIDE_STYLE('',(#3079));
#3002=SURFACE_SIDE_STYLE('',(#3080));
#3003=SURFACE_STYLE_FILL_AREA(#3081);
#3004=SURFACE_STYLE_FILL_AREA(#3082);
#3005=SURFACE_STYLE_FILL_AREA(#3083);
#3006=SURFACE_STYLE_FILL_AREA(#3084);
#3007=SURFACE_STYLE_FILL_AREA(#3085);
#3008=SURFACE_STYLE_FILL_AREA(#3086);
#3009=SURFACE_STYLE_FILL_AREA(#3087);
#3010=SURFACE_STYLE_FILL_AREA(#3088);
#3011=SURFACE_STYLE_FILL_AREA(#3089);
#3012=SURFACE_STYLE_FILL_AREA(#3090);
#3013=SURFACE_STYLE_FILL_AREA(#3091);
#3014=SURFACE_STYLE_FILL_AREA(#3092);
#3015=SURFACE_STYLE_FILL_AREA(#3093);
#3016=SURFACE_STYLE_FILL_AREA(#3094);
#3017=SURFACE_STYLE_FILL_AREA(#3095);
#3018=SURFACE_STYLE_FILL_AREA(#3096);
#3019=SURFACE_STYLE_FILL_AREA(#3097);
#3020=SURFACE_STYLE_FILL_AREA(#3098);
#3021=SURFACE_STYLE_FILL_AREA(#3099);
#3022=SURFACE_STYLE_FILL_AREA(#3100);
#3023=SURFACE_STYLE_FILL_AREA(#3101);
#3024=SURFACE_STYLE_FILL_AREA(#3102);
#3025=SURFACE_STYLE_FILL_AREA(#3103);
#3026=SURFACE_STYLE_FILL_AREA(#3104);
#3027=SURFACE_STYLE_FILL_AREA(#3105);
#3028=SURFACE_STYLE_FILL_AREA(#3106);
#3029=SURFACE_STYLE_FILL_AREA(#3107);
#3030=SURFACE_STYLE_FILL_AREA(#3108);
#3031=SURFACE_STYLE_FILL_AREA(#3109);
#3032=SURFACE_STYLE_FILL_AREA(#3110);
#3033=SURFACE_STYLE_FILL_AREA(#3111);
#3034=SURFACE_STYLE_FILL_AREA(#3112);
#3035=SURFACE_STYLE_FILL_AREA(#3113);
#3036=SURFACE_STYLE_FILL_AREA(#3114);
#3037=SURFACE_STYLE_FILL_AREA(#3115);
#3038=SURFACE_STYLE_FILL_AREA(#3116);
#3039=SURFACE_STYLE_FILL_AREA(#3117);
#3040=SURFACE_STYLE_FILL_AREA(#3118);
#3041=SURFACE_STYLE_FILL_AREA(#3119);
#3042=SURFACE_STYLE_FILL_AREA(#3120);
#3043=SURFACE_STYLE_FILL_AREA(#3121);
#3044=SURFACE_STYLE_FILL_AREA(#3122);
#3045=SURFACE_STYLE_FILL_AREA(#3123);
#3046=SURFACE_STYLE_FILL_AREA(#3124);
#3047=SURFACE_STYLE_FILL_AREA(#3125);
#3048=SURFACE_STYLE_FILL_AREA(#3126);
#3049=SURFACE_STYLE_FILL_AREA(#3127);
#3050=SURFACE_STYLE_FILL_AREA(#3128);
#3051=SURFACE_STYLE_FILL_AREA(#3129);
#3052=SURFACE_STYLE_FILL_AREA(#3130);
#3053=SURFACE_STYLE_FILL_AREA(#3131);
#3054=SURFACE_STYLE_FILL_AREA(#3132);
#3055=SURFACE_STYLE_FILL_AREA(#3133);
#3056=SURFACE_STYLE_FILL_AREA(#3134);
#3057=SURFACE_STYLE_FILL_AREA(#3135);
#3058=SURFACE_STYLE_FILL_AREA(#3136);
#3059=SURFACE_STYLE_FILL_AREA(#3137);
#3060=SURFACE_STYLE_FILL_AREA(#3138);
#3061=SURFACE_STYLE_FILL_AREA(#3139);
#3062=SURFACE_STYLE_FILL_AREA(#3140);
#3063=SURFACE_STYLE_FILL_AREA(#3141);
#3064=SURFACE_STYLE_FILL_AREA(#3142);
#3065=SURFACE_STYLE_FILL_AREA(#3143);
#3066=SURFACE_STYLE_FILL_AREA(#3144);
#3067=SURFACE_STYLE_FILL_AREA(#3145);
#3068=SURFACE_STYLE_FILL_AREA(#3146);
#3069=SURFACE_STYLE_FILL_AREA(#3147);
#3070=SURFACE_STYLE_FILL_AREA(#3148);
#3071=SURFACE_STYLE_FILL_AREA(#3149);
#3072=SURFACE_STYLE_FILL_AREA(#3150);
#3073=SURFACE_STYLE_FILL_AREA(#3151);
#3074=SURFACE_STYLE_FILL_AREA(#3152);
#3075=SURFACE_STYLE_FILL_AREA(#3153);
#3076=SURFACE_STYLE_FILL_AREA(#3154);
#3077=SURFACE_STYLE_FILL_AREA(#3155);
#3078=SURFACE_STYLE_FILL_AREA(#3156);
#3079=SURFACE_STYLE_FILL_AREA(#3157);
#3080=SURFACE_STYLE_FILL_AREA(#3158);
#3081=FILL_AREA_STYLE('',(#3159));
#3082=FILL_AREA_STYLE('',(#3160));
#3083=FILL_AREA_STYLE('',(#3161));
#3084=FILL_AREA_STYLE('',(#3162));
#3085=FILL_AREA_STYLE('',(#3163));
#3086=FILL_AREA_STYLE('',(#3164));
#3087=FILL_AREA_STYLE('',(#3165));
#3088=FILL_AREA_STYLE('',(#3166));
#3089=FILL_AREA_STYLE('',(#3167));
#3090=FILL_AREA_STYLE('',(#3168));
#3091=FILL_AREA_STYLE('',(#3169));
#3092=FILL_AREA_STYLE('',(#3170));
#3093=FILL_AREA_STYLE('',(#3171));
#3094=FILL_AREA_STYLE('',(#3172));
#3095=FILL_AREA_STYLE('',(#3173));
#3096=FILL_AREA_STYLE('',(#3174));
#3097=FILL_AREA_STYLE('',(#3175));
#3098=FILL_AREA_STYLE('',(#3176));
#3099=FILL_AREA_STYLE('',(#3177));
#3100=FILL_AREA_STYLE('',(#3178));
#3101=FILL_AREA_STYLE('',(#3179));
#3102=FILL_AREA_STYLE('',(#3180));
#3103=FILL_AREA_STYLE('',(#3181));
#3104=FILL_AREA_STYLE('',(#3182));
#3105=FILL_AREA_STYLE('',(#3183));
#3106=FILL_AREA_STYLE('',(#3184));
#3107=FILL_AREA_STYLE('',(#3185));
#3108=FILL_AREA_STYLE('',(#3186));
#3109=FILL_AREA_STYLE('',(#3187));
#3110=FILL_AREA_STYLE('',(#3188));
#3111=FILL_AREA_STYLE('',(#3189));
#3112=FILL_AREA_STYLE('',(#3190));
#3113=FILL_AREA_STYLE('',(#3191));
#3114=FILL_AREA_STYLE('',(#3192));
#3115=FILL_AREA_STYLE('',(#3193));
#3116=FILL_AREA_STYLE('',(#3194));
#3117=FILL_AREA_STYLE('',(#3195));
#3118=FILL_AREA_STYLE('',(#3196));
#3119=FILL_AREA_STYLE('',(#3197));
#3120=FILL_AREA_STYLE('',(#3198));
#3121=FILL_AREA_STYLE('',(#3199));
#3122=FILL_AREA_STYLE('',(#3200));
#3123=FILL_AREA_STYLE('',(#3201));
#3124=FILL_AREA_STYLE('',(#3202));
#3125=FILL_AREA_STYLE('',(#3203));
#3126=FILL_AREA_STYLE('',(#3204));
#3127=FILL_AREA_STYLE('',(#3205));
#3128=FILL_AREA_STYLE('',(#3206));
#3129=FILL_AREA_STYLE('',(#3207));
#3130=FILL_AREA_STYLE('',(#3208));
#3131=FILL_AREA_STYLE('',(#3209));
#3132=FILL_AREA_STYLE('',(#3210));
#3133=FILL_AREA_STYLE('',(#3211));
#3134=FILL_AREA_STYLE('',(#3212));
#3135=FILL_AREA_STYLE('',(#3213));
#3136=FILL_AREA_STYLE('',(#3214));
#3137=FILL_AREA_STYLE('',(#3215));
#3138=FILL_AREA_STYLE('',(#3216));
#3139=FILL_AREA_STYLE('',(#3217));
#3140=FILL_AREA_STYLE('',(#3218));
#3141=FILL_AREA_STYLE('',(#3219));
#3142=FILL_AREA_STYLE('',(#3220));
#3143=FILL_AREA_STYLE('',(#3221));
#3144=FILL_AREA_STYLE('',(#3222));
#3145=FILL_AREA_STYLE('',(#3223));
#3146=FILL_AREA_STYLE('',(#3224));
#3147=FILL_AREA_STYLE('',(#3225));
#3148=FILL_AREA_STYLE('',(#3226));
#3149=FILL_AREA_STYLE('',(#3227));
#3150=FILL_AREA_STYLE('',(#3228));
#3151=FILL_AREA_STYLE('',(#3229));
#3152=FILL_AREA_STYLE('',(#3230));
#3153=FILL_AREA_STYLE('',(#3231));
#3154=FILL_AREA_STYLE('',(#3232));
#3155=FILL_AREA_STYLE('',(#3233));
#3156=FILL_AREA_STYLE('',(#3234));
#3157=FILL_AREA_STYLE('',(#3235));
#3158=FILL_AREA_STYLE('',(#3236));
#3159=FILL_AREA_STYLE_COLOUR('',#3237);
#3160=FILL_AREA_STYLE_COLOUR('',#3237);
#3161=FILL_AREA_STYLE_COLOUR('',#3237);
#3162=FILL_AREA_STYLE_COLOUR('',#3237);
#3163=FILL_AREA_STYLE_COLOUR('',#3237);
#3164=FILL_AREA_STYLE_COLOUR('',#3237);
#3165=FILL_AREA_STYLE_COLOUR('',#3237);
#3166=FILL_AREA_STYLE_COLOUR('',#3237);
#3167=FILL_AREA_STYLE_COLOUR('',#3237);
#3168=FILL_AREA_STYLE_COLOUR('',#3237);
#3169=FILL_AREA_STYLE_COLOUR('',#3237);
#3170=FILL_AREA_STYLE_COLOUR('',#3237);
#3171=FILL_AREA_STYLE_COLOUR('',#3237);
#3172=FILL_AREA_STYLE_COLOUR('',#3237);
#3173=FILL_AREA_STYLE_COLOUR('',#3237);
#3174=FILL_AREA_STYLE_COLOUR('',#3237);
#3175=FILL_AREA_STYLE_COLOUR('',#3237);
#3176=FILL_AREA_STYLE_COLOUR('',#3237);
#3177=FILL_AREA_STYLE_COLOUR('',#3237);
#3178=FILL_AREA_STYLE_COLOUR('',#3237);
#3179=FILL_AREA_STYLE_COLOUR('',#3237);
#3180=FILL_AREA_STYLE_COLOUR('',#3237);
#3181=FILL_AREA_STYLE_COLOUR('',#3237);
#3182=FILL_AREA_STYLE_COLOUR('',#3237);
#3183=FILL_AREA_STYLE_COLOUR('',#3237);
#3184=FILL_AREA_STYLE_COLOUR('',#3237);
#3185=FILL_AREA_STYLE_COLOUR('',#3237);
#3186=FILL_AREA_STYLE_COLOUR('',#3237);
#3187=FILL_AREA_STYLE_COLOUR('',#3237);
#3188=FILL_AREA_STYLE_COLOUR('',#3237);
#3189=FILL_AREA_STYLE_COLOUR('',#3237);
#3190=FILL_AREA_STYLE_COLOUR('',#3237);
#3191=FILL_AREA_STYLE_COLOUR('',#3237);
#3192=FILL_AREA_STYLE_COLOUR('',#3237);
#3193=FILL_AREA_STYLE_COLOUR('',#3237);
#3194=FILL_AREA_STYLE_COLOUR('',#3237);
#3195=FILL_AREA_STYLE_COLOUR('',#3237);
#3196=FILL_AREA_STYLE_COLOUR('',#3237);
#3197=FILL_AREA_STYLE_COLOUR('',#3237);
#3198=FILL_AREA_STYLE_COLOUR('',#40);
#3199=FILL_AREA_STYLE_COLOUR('',#40);
#3200=FILL_AREA_STYLE_COLOUR('',#40);
#3201=FILL_AREA_STYLE_COLOUR('',#40);
#3202=FILL_AREA_STYLE_COLOUR('',#40);
#3203=FILL_AREA_STYLE_COLOUR('',#40);
#3204=FILL_AREA_STYLE_COLOUR('',#3238);
#3205=FILL_AREA_STYLE_COLOUR('',#3238);
#3206=FILL_AREA_STYLE_COLOUR('',#3238);
#3207=FILL_AREA_STYLE_COLOUR('',#3238);
#3208=FILL_AREA_STYLE_COLOUR('',#3238);
#3209=FILL_AREA_STYLE_COLOUR('',#3238);
#3210=FILL_AREA_STYLE_COLOUR('',#3238);
#3211=FILL_AREA_STYLE_COLOUR('',#3238);
#3212=FILL_AREA_STYLE_COLOUR('',#40);
#3213=FILL_AREA_STYLE_COLOUR('',#40);
#3214=FILL_AREA_STYLE_COLOUR('',#40);
#3215=FILL_AREA_STYLE_COLOUR('',#40);
#3216=FILL_AREA_STYLE_COLOUR('',#40);
#3217=FILL_AREA_STYLE_COLOUR('',#40);
#3218=FILL_AREA_STYLE_COLOUR('',#3237);
#3219=FILL_AREA_STYLE_COLOUR('',#3237);
#3220=FILL_AREA_STYLE_COLOUR('',#3237);
#3221=FILL_AREA_STYLE_COLOUR('',#3237);
#3222=FILL_AREA_STYLE_COLOUR('',#3237);
#3223=FILL_AREA_STYLE_COLOUR('',#3237);
#3224=FILL_AREA_STYLE_COLOUR('',#3237);
#3225=FILL_AREA_STYLE_COLOUR('',#3237);
#3226=FILL_AREA_STYLE_COLOUR('',#40);
#3227=FILL_AREA_STYLE_COLOUR('',#40);
#3228=FILL_AREA_STYLE_COLOUR('',#40);
#3229=FILL_AREA_STYLE_COLOUR('',#40);
#3230=FILL_AREA_STYLE_COLOUR('',#40);
#3231=FILL_AREA_STYLE_COLOUR('',#40);
#3232=FILL_AREA_STYLE_COLOUR('',#3237);
#3233=FILL_AREA_STYLE_COLOUR('',#3239);
#3234=FILL_AREA_STYLE_COLOUR('',#3239);
#3235=FILL_AREA_STYLE_COLOUR('',#3239);
#3236=FILL_AREA_STYLE_COLOUR('',#3239);
#3237=COLOUR_RGB('',0.517647087574005,0.564705908298492,0.658823549747467);
#3238=COLOUR_RGB('',0.141176477074623,0.141176477074623,0.141176477074623);
#3239=COLOUR_RGB('',0.705882370471954,0.61176472902298,0.141176477074623);
#3240=ADVANCED_FACE('',(#2395),#2549,.T.);
#3241=ADVANCED_FACE('',(#2396),#2550,.T.);
#3242=ADVANCED_FACE('',(#2397),#2551,.F.);
#3243=ADVANCED_FACE('',(#2398),#2552,.F.);
#3244=ADVANCED_FACE('',(#2399),#2553,.F.);
#3245=ADVANCED_FACE('',(#2400),#2554,.F.);
#3246=ADVANCED_FACE('',(#2401),#2555,.T.);
#3247=ADVANCED_FACE('',(#2402),#2556,.T.);
#3248=ADVANCED_FACE('',(#2403),#2557,.T.);
#3249=ADVANCED_FACE('',(#2404),#2558,.F.);
#3250=ADVANCED_FACE('',(#2405),#2559,.F.);
#3251=ADVANCED_FACE('',(#2406),#2560,.F.);
#3252=ADVANCED_FACE('',(#2407),#2561,.F.);
#3253=ADVANCED_FACE('',(#2408),#2562,.F.);
#3254=ADVANCED_FACE('',(#2409),#2563,.F.);
#3255=ADVANCED_FACE('',(#2410),#2564,.F.);
#3256=ADVANCED_FACE('',(#2411),#2565,.F.);
#3257=ADVANCED_FACE('',(#2412),#2566,.T.);
#3258=ADVANCED_FACE('',(#2413),#2567,.F.);
#3259=ADVANCED_FACE('',(#2414),#2568,.F.);
#3260=ADVANCED_FACE('',(#2415),#2569,.F.);
#3261=ADVANCED_FACE('',(#2416),#2570,.F.);
#3262=ADVANCED_FACE('',(#2417),#2571,.T.);
#3263=ADVANCED_FACE('',(#2418),#2572,.T.);
#3264=ADVANCED_FACE('',(#2419),#2573,.T.);
#3265=ADVANCED_FACE('',(#2420),#2574,.F.);
#3266=ADVANCED_FACE('',(#2421),#2575,.F.);
#3267=ADVANCED_FACE('',(#2422),#2576,.F.);
#3268=ADVANCED_FACE('',(#2423),#2577,.F.);
#3269=ADVANCED_FACE('',(#2424),#2578,.F.);
#3270=ADVANCED_FACE('',(#2425),#2579,.F.);
#3271=ADVANCED_FACE('',(#2426),#2580,.F.);
#3272=ADVANCED_FACE('',(#2427),#2581,.F.);
#3273=ADVANCED_FACE('',(#2428),#2582,.T.);
#3274=ADVANCED_FACE('',(#2429),#2583,.F.);
#3275=ADVANCED_FACE('',(#2430),#2584,.F.);
#3276=ADVANCED_FACE('',(#2431),#2585,.F.);
#3277=ADVANCED_FACE('',(#2432),#2586,.F.);
#3278=ADVANCED_FACE('',(#2433),#2587,.T.);
#3279=ADVANCED_FACE('',(#2434),#2588,.T.);
#3280=ADVANCED_FACE('',(#2435),#2589,.T.);
#3281=ADVANCED_FACE('',(#2436),#2590,.F.);
#3282=ADVANCED_FACE('',(#2437),#2591,.F.);
#3283=ADVANCED_FACE('',(#2438),#2592,.F.);
#3284=ADVANCED_FACE('',(#2439),#2593,.F.);
#3285=ADVANCED_FACE('',(#2440),#2594,.F.);
#3286=ADVANCED_FACE('',(#2441),#2595,.F.);
#3287=ADVANCED_FACE('',(#2442),#2596,.F.);
#3288=ADVANCED_FACE('',(#2443),#2597,.F.);
#3289=ADVANCED_FACE('',(#2444),#2598,.F.);
#3290=ADVANCED_FACE('',(#2445),#2599,.F.);
#3291=ADVANCED_FACE('',(#2446),#2600,.F.);
#3292=ADVANCED_FACE('',(#2447),#2601,.F.);
#3293=ADVANCED_FACE('',(#2448),#2602,.F.);
#3294=ADVANCED_FACE('',(#2449),#2603,.F.);
#3295=ADVANCED_FACE('',(#2450),#2604,.F.);
#3296=ADVANCED_FACE('',(#2451),#2605,.F.);
#3297=ADVANCED_FACE('',(#2452),#2606,.T.);
#3298=ADVANCED_FACE('',(#2453),#2607,.T.);
#3299=ADVANCED_FACE('',(#2454),#2608,.T.);
#3300=ADVANCED_FACE('',(#2455),#2609,.F.);
#3301=ADVANCED_FACE('',(#2456),#2610,.F.);
#3302=ADVANCED_FACE('',(#2457),#2611,.F.);
#3303=ADVANCED_FACE('',(#2458),#2612,.F.);
#3304=ADVANCED_FACE('',(#2459),#2613,.F.);
#3305=ADVANCED_FACE('',(#2460,#2461,#2462,#2463,#2464),#2614,.F.);
#3306=ADVANCED_FACE('',(#2465),#2615,.F.);
#3307=ADVANCED_FACE('',(#2466),#2616,.F.);
#3308=ADVANCED_FACE('',(#2467,#2468,#2469,#2470,#2471),#2617,.F.);
#3309=ADVANCED_FACE('',(#2472),#2618,.F.);
#3310=ADVANCED_FACE('',(#2473),#2619,.F.);
#3311=ADVANCED_FACE('',(#2474),#2620,.F.);
#3312=ADVANCED_FACE('',(#2475),#2621,.F.);
#3313=ADVANCED_FACE('',(#2476),#2622,.T.);
#3314=ADVANCED_FACE('',(#2477),#2623,.T.);
#3315=ADVANCED_FACE('',(#2478),#2624,.F.);
#3316=ADVANCED_FACE('',(#2479),#2625,.T.);
#3317=ADVANCED_FACE('',(#2480),#2626,.T.);
#3318=ADVANCED_FACE('',(#2481),#2627,.T.);
#3319=ADVANCED_FACE('',(#2482),#2628,.T.);
#3320=ADVANCED_FACE('',(#2483),#2629,.T.);
#3321=ADVANCED_FACE('',(#2484),#2630,.T.);
#3322=ADVANCED_FACE('',(#2485),#2631,.T.);
#3323=ADVANCED_FACE('',(#2486),#2632,.T.);
#3324=ADVANCED_FACE('',(#2487),#2633,.T.);
#3325=ADVANCED_FACE('',(#2488),#2634,.T.);
#3326=ADVANCED_FACE('',(#2489),#2635,.T.);
#3327=ADVANCED_FACE('',(#2490),#2636,.T.);
#3328=ADVANCED_FACE('',(#2491),#2637,.T.);
#3329=ADVANCED_FACE('',(#2492),#26,.F.);
#3330=ADVANCED_FACE('',(#2493),#2638,.T.);
#3331=ADVANCED_FACE('',(#2494),#2639,.T.);
#3332=ADVANCED_FACE('',(#2495),#2640,.T.);
#3333=ADVANCED_FACE('',(#2496),#2641,.F.);
#3334=ADVANCED_FACE('',(#2497),#2642,.T.);
#3335=ADVANCED_FACE('',(#2498),#2643,.T.);
#3336=ADVANCED_FACE('',(#2499),#2644,.T.);
#3337=ADVANCED_FACE('',(#2500),#2645,.T.);
#3338=ADVANCED_FACE('',(#2501),#2646,.T.);
#3339=ADVANCED_FACE('',(#2502),#2647,.T.);
#3340=ADVANCED_FACE('',(#2503),#2648,.T.);
#3341=ADVANCED_FACE('',(#2504),#2649,.T.);
#3342=ADVANCED_FACE('',(#2505),#2650,.T.);
#3343=ADVANCED_FACE('',(#2506),#2651,.T.);
#3344=ADVANCED_FACE('',(#2507),#2652,.T.);
#3345=ADVANCED_FACE('',(#2508),#2653,.T.);
#3346=ADVANCED_FACE('',(#2509),#2654,.T.);
#3347=ADVANCED_FACE('',(#2510),#27,.F.);
#3348=ADVANCED_FACE('',(#2511),#2655,.T.);
#3349=ADVANCED_FACE('',(#2512),#2656,.T.);
#3350=ADVANCED_FACE('',(#2513),#2657,.T.);
#3351=ADVANCED_FACE('',(#2514),#2658,.F.);
#3352=ADVANCED_FACE('',(#2515),#2659,.T.);
#3353=ADVANCED_FACE('',(#2516),#2660,.T.);
#3354=ADVANCED_FACE('',(#2517),#2661,.T.);
#3355=ADVANCED_FACE('',(#2518),#2662,.T.);
#3356=ADVANCED_FACE('',(#2519),#2663,.T.);
#3357=ADVANCED_FACE('',(#2520),#2664,.T.);
#3358=ADVANCED_FACE('',(#2521),#2665,.T.);
#3359=ADVANCED_FACE('',(#2522),#2666,.T.);
#3360=ADVANCED_FACE('',(#2523),#2667,.T.);
#3361=ADVANCED_FACE('',(#2524),#2668,.T.);
#3362=ADVANCED_FACE('',(#2525),#2669,.T.);
#3363=ADVANCED_FACE('',(#2526),#2670,.T.);
#3364=ADVANCED_FACE('',(#2527),#2671,.T.);
#3365=ADVANCED_FACE('',(#2528),#28,.F.);
#3366=ADVANCED_FACE('',(#2529),#2672,.T.);
#3367=ADVANCED_FACE('',(#2530),#2673,.T.);
#3368=ADVANCED_FACE('',(#2531),#2674,.T.);
#3369=ADVANCED_FACE('',(#2532),#2675,.F.);
#3370=ADVANCED_FACE('',(#2533),#2676,.T.);
#3371=ADVANCED_FACE('',(#2534),#2677,.T.);
#3372=ADVANCED_FACE('',(#2535),#2678,.T.);
#3373=ADVANCED_FACE('',(#2536),#2679,.T.);
#3374=ADVANCED_FACE('',(#2537),#2680,.T.);
#3375=ADVANCED_FACE('',(#2538),#2681,.T.);
#3376=ADVANCED_FACE('',(#2539),#2682,.T.);
#3377=ADVANCED_FACE('',(#2540),#2683,.T.);
#3378=ADVANCED_FACE('',(#2541),#2684,.T.);
#3379=ADVANCED_FACE('',(#2542),#2685,.T.);
#3380=ADVANCED_FACE('',(#2543),#2686,.T.);
#3381=ADVANCED_FACE('',(#2544),#2687,.T.);
#3382=ADVANCED_FACE('',(#2545),#2688,.T.);
#3383=ADVANCED_FACE('',(#2546),#29,.F.);
#3384=ADVANCED_FACE('',(#2547),#2689,.T.);
#3385=ADVANCED_FACE('',(#2548),#2690,.T.);
#3386=CLOSED_SHELL('',(#3240,#3241,#3242,#3243,#3244,#3245,#3246,#3247,
#3248,#3249,#3250,#3251,#3252,#3253,#3254,#3255,#3256,#3257,#3258,#3259,
#3260,#3261,#3262,#3263,#3264,#3265,#3266,#3267,#3268,#3269,#3270,#3271,
#3272,#3273,#3274,#3275,#3276,#3277,#3278,#3279,#3280,#3281,#3282,#3283,
#3284,#3285,#3286,#3287,#3288,#3289,#3290,#3291,#3292,#3293,#3294,#3295,
#3296,#3297,#3298,#3299,#3300,#3301,#3302,#3303,#3304,#3305,#3306,#3307,
#3308,#3309,#3310,#3311,#3312,#3313));
#3387=CLOSED_SHELL('',(#3314,#3315,#3316,#3317,#3318,#3319,#3320,#3321,
#3322,#3323,#3324,#3325,#3326,#3327,#3328,#3329,#3330,#3331));
#3388=CLOSED_SHELL('',(#3332,#3333,#3334,#3335,#3336,#3337,#3338,#3339,
#3340,#3341,#3342,#3343,#3344,#3345,#3346,#3347,#3348,#3349));
#3389=CLOSED_SHELL('',(#3350,#3351,#3352,#3353,#3354,#3355,#3356,#3357,
#3358,#3359,#3360,#3361,#3362,#3363,#3364,#3365,#3366,#3367));
#3390=CLOSED_SHELL('',(#3368,#3369,#3370,#3371,#3372,#3373,#3374,#3375,
#3376,#3377,#3378,#3379,#3380,#3381,#3382,#3383,#3384,#3385));
#3391=MANIFOLD_SOLID_BREP('LPattern2',#3386);
#3392=MANIFOLD_SOLID_BREP('Boss-Extrude2',#3387);
#3393=MANIFOLD_SOLID_BREP('LPattern5[1]',#3388);
#3394=MANIFOLD_SOLID_BREP('LPattern5[2]',#3389);
#3395=MANIFOLD_SOLID_BREP('LPattern5[3]',#3390);
#3396=SHAPE_DEFINITION_REPRESENTATION(#5061,#3398);
#3397=SHAPE_DEFINITION_REPRESENTATION(#5060,#3399);
#3398=SHAPE_REPRESENTATION('1x4',(#3400),#5054);
#3399=SHAPE_REPRESENTATION('Asm1',(#3400,#3555,#3556),#5053);
#3400=AXIS2_PLACEMENT_3D('',#4255,#3557,#3558);
#3401=AXIS2_PLACEMENT_3D('',#4256,#3559,#3560);
#3402=AXIS2_PLACEMENT_3D('',#4265,#3565,#3566);
#3403=AXIS2_PLACEMENT_3D('',#4282,#3575,#3576);
#3404=AXIS2_PLACEMENT_3D('',#4296,#3584,#3585);
#3405=AXIS2_PLACEMENT_3D('',#4300,#3588,#3589);
#3406=AXIS2_PLACEMENT_3D('',#4312,#3596,#3597);
#3407=AXIS2_PLACEMENT_3D('',#4315,#3600,#3601);
#3408=AXIS2_PLACEMENT_3D('',#4317,#3603,#3604);
#3409=AXIS2_PLACEMENT_3D('',#4323,#3608,#3609);
#3410=AXIS2_PLACEMENT_3D('',#4329,#3613,#3614);
#3411=AXIS2_PLACEMENT_3D('',#4335,#3618,#3619);
#3412=AXIS2_PLACEMENT_3D('',#4341,#3623,#3624);
#3413=AXIS2_PLACEMENT_3D('',#4343,#3626,#3627);
#3414=AXIS2_PLACEMENT_3D('',#4345,#3629,#3630);
#3415=AXIS2_PLACEMENT_3D('',#4351,#3634,#3635);
#3416=AXIS2_PLACEMENT_3D('',#4355,#3638,#3639);
#3417=AXIS2_PLACEMENT_3D('',#4359,#3642,#3643);
#3418=AXIS2_PLACEMENT_3D('',#4361,#3645,#3646);
#3419=AXIS2_PLACEMENT_3D('',#4370,#3651,#3652);
#3420=AXIS2_PLACEMENT_3D('',#4384,#3660,#3661);
#3421=AXIS2_PLACEMENT_3D('',#4388,#3664,#3665);
#3422=AXIS2_PLACEMENT_3D('',#4400,#3672,#3673);
#3423=AXIS2_PLACEMENT_3D('',#4403,#3676,#3677);
#3424=AXIS2_PLACEMENT_3D('',#4405,#3679,#3680);
#3425=AXIS2_PLACEMENT_3D('',#4411,#3684,#3685);
#3426=AXIS2_PLACEMENT_3D('',#4417,#3689,#3690);
#3427=AXIS2_PLACEMENT_3D('',#4423,#3694,#3695);
#3428=AXIS2_PLACEMENT_3D('',#4429,#3699,#3700);
#3429=AXIS2_PLACEMENT_3D('',#4431,#3702,#3703);
#3430=AXIS2_PLACEMENT_3D('',#4433,#3705,#3706);
#3431=AXIS2_PLACEMENT_3D('',#4439,#3710,#3711);
#3432=AXIS2_PLACEMENT_3D('',#4443,#3714,#3715);
#3433=AXIS2_PLACEMENT_3D('',#4447,#3718,#3719);
#3434=AXIS2_PLACEMENT_3D('',#4449,#3721,#3722);
#3435=AXIS2_PLACEMENT_3D('',#4458,#3727,#3728);
#3436=AXIS2_PLACEMENT_3D('',#4472,#3736,#3737);
#3437=AXIS2_PLACEMENT_3D('',#4476,#3740,#3741);
#3438=AXIS2_PLACEMENT_3D('',#4488,#3748,#3749);
#3439=AXIS2_PLACEMENT_3D('',#4491,#3752,#3753);
#3440=AXIS2_PLACEMENT_3D('',#4493,#3755,#3756);
#3441=AXIS2_PLACEMENT_3D('',#4499,#3760,#3761);
#3442=AXIS2_PLACEMENT_3D('',#4505,#3765,#3766);
#3443=AXIS2_PLACEMENT_3D('',#4511,#3770,#3771);
#3444=AXIS2_PLACEMENT_3D('',#4517,#3775,#3776);
#3445=AXIS2_PLACEMENT_3D('',#4519,#3778,#3779);
#3446=AXIS2_PLACEMENT_3D('',#4521,#3781,#3782);
#3447=AXIS2_PLACEMENT_3D('',#4527,#3786,#3787);
#3448=AXIS2_PLACEMENT_3D('',#4531,#3790,#3791);
#3449=AXIS2_PLACEMENT_3D('',#4535,#3794,#3795);
#3450=AXIS2_PLACEMENT_3D('',#4537,#3797,#3798);
#3451=AXIS2_PLACEMENT_3D('',#4546,#3803,#3804);
#3452=AXIS2_PLACEMENT_3D('',#4552,#3808,#3809);
#3453=AXIS2_PLACEMENT_3D('',#4558,#3813,#3814);
#3454=AXIS2_PLACEMENT_3D('',#4561,#3817,#3818);
#3455=AXIS2_PLACEMENT_3D('',#4567,#3822,#3823);
#3456=AXIS2_PLACEMENT_3D('',#4573,#3827,#3828);
#3457=AXIS2_PLACEMENT_3D('',#4583,#3834,#3835);
#3458=AXIS2_PLACEMENT_3D('',#4593,#3841,#3842);
#3459=AXIS2_PLACEMENT_3D('',#4595,#3844,#3845);
#3460=AXIS2_PLACEMENT_3D('',#4597,#3847,#3848);
#3461=AXIS2_PLACEMENT_3D('',#4603,#3852,#3853);
#3462=AXIS2_PLACEMENT_3D('',#4609,#3857,#3858);
#3463=AXIS2_PLACEMENT_3D('',#4615,#3862,#3863);
#3464=AXIS2_PLACEMENT_3D('',#4621,#3867,#3868);
#3465=AXIS2_PLACEMENT_3D('',#4624,#3871,#3872);
#3466=AXIS2_PLACEMENT_3D('',#4630,#3876,#3877);
#3467=AXIS2_PLACEMENT_3D('',#4634,#3880,#3881);
#3468=AXIS2_PLACEMENT_3D('',#4638,#3884,#3885);
#3469=AXIS2_PLACEMENT_3D('',#4648,#3891,#3892);
#3470=AXIS2_PLACEMENT_3D('',#4651,#3895,#3896);
#3471=AXIS2_PLACEMENT_3D('',#4653,#3898,#3899);
#3472=AXIS2_PLACEMENT_3D('',#4655,#3901,#3902);
#3473=AXIS2_PLACEMENT_3D('',#4656,#3903,#3904);
#3474=AXIS2_PLACEMENT_3D('',#4657,#3905,#3906);
#3475=AXIS2_PLACEMENT_3D('',#4658,#3907,#3908);
#3476=AXIS2_PLACEMENT_3D('',#4688,#3923,#3924);
#3477=AXIS2_PLACEMENT_3D('',#4691,#3926,#3927);
#3478=AXIS2_PLACEMENT_3D('',#4697,#3930,#3931);
#3479=AXIS2_PLACEMENT_3D('',#4724,#3945,#3946);
#3480=AXIS2_PLACEMENT_3D('',#4727,#3949,#3950);
#3481=AXIS2_PLACEMENT_3D('',#4729,#3952,#3953);
#3482=AXIS2_PLACEMENT_3D('',#4731,#3955,#3956);
#3483=AXIS2_PLACEMENT_3D('',#4733,#3958,#3959);
#3484=AXIS2_PLACEMENT_3D('',#4735,#3961,#3962);
#3485=AXIS2_PLACEMENT_3D('',#4737,#3964,#3965);
#3486=AXIS2_PLACEMENT_3D('',#4739,#3967,#3968);
#3487=AXIS2_PLACEMENT_3D('',#4741,#3970,#3971);
#3488=AXIS2_PLACEMENT_3D('',#4743,#3973,#3974);
#3489=AXIS2_PLACEMENT_3D('',#4745,#3976,#3977);
#3490=AXIS2_PLACEMENT_3D('',#4747,#3979,#3980);
#3491=AXIS2_PLACEMENT_3D('',#4749,#3982,#3983);
#3492=AXIS2_PLACEMENT_3D('',#4751,#3985,#3986);
#3493=AXIS2_PLACEMENT_3D('',#4753,#3988,#3989);
#3494=AXIS2_PLACEMENT_3D('',#4755,#3991,#3992);
#3495=AXIS2_PLACEMENT_3D('',#4756,#3993,#3994);
#3496=AXIS2_PLACEMENT_3D('',#4786,#4009,#4010);
#3497=AXIS2_PLACEMENT_3D('',#4789,#4012,#4013);
#3498=AXIS2_PLACEMENT_3D('',#4795,#4016,#4017);
#3499=AXIS2_PLACEMENT_3D('',#4822,#4031,#4032);
#3500=AXIS2_PLACEMENT_3D('',#4825,#4035,#4036);
#3501=AXIS2_PLACEMENT_3D('',#4827,#4038,#4039);
#3502=AXIS2_PLACEMENT_3D('',#4829,#4041,#4042);
#3503=AXIS2_PLACEMENT_3D('',#4831,#4044,#4045);
#3504=AXIS2_PLACEMENT_3D('',#4833,#4047,#4048);
#3505=AXIS2_PLACEMENT_3D('',#4835,#4050,#4051);
#3506=AXIS2_PLACEMENT_3D('',#4837,#4053,#4054);
#3507=AXIS2_PLACEMENT_3D('',#4839,#4056,#4057);
#3508=AXIS2_PLACEMENT_3D('',#4841,#4059,#4060);
#3509=AXIS2_PLACEMENT_3D('',#4843,#4062,#4063);
#3510=AXIS2_PLACEMENT_3D('',#4845,#4065,#4066);
#3511=AXIS2_PLACEMENT_3D('',#4847,#4068,#4069);
#3512=AXIS2_PLACEMENT_3D('',#4849,#4071,#4072);
#3513=AXIS2_PLACEMENT_3D('',#4851,#4074,#4075);
#3514=AXIS2_PLACEMENT_3D('',#4853,#4077,#4078);
#3515=AXIS2_PLACEMENT_3D('',#4854,#4079,#4080);
#3516=AXIS2_PLACEMENT_3D('',#4884,#4095,#4096);
#3517=AXIS2_PLACEMENT_3D('',#4887,#4098,#4099);
#3518=AXIS2_PLACEMENT_3D('',#4893,#4102,#4103);
#3519=AXIS2_PLACEMENT_3D('',#4920,#4117,#4118);
#3520=AXIS2_PLACEMENT_3D('',#4923,#4121,#4122);
#3521=AXIS2_PLACEMENT_3D('',#4925,#4124,#4125);
#3522=AXIS2_PLACEMENT_3D('',#4927,#4127,#4128);
#3523=AXIS2_PLACEMENT_3D('',#4929,#4130,#4131);
#3524=AXIS2_PLACEMENT_3D('',#4931,#4133,#4134);
#3525=AXIS2_PLACEMENT_3D('',#4933,#4136,#4137);
#3526=AXIS2_PLACEMENT_3D('',#4935,#4139,#4140);
#3527=AXIS2_PLACEMENT_3D('',#4937,#4142,#4143);
#3528=AXIS2_PLACEMENT_3D('',#4939,#4145,#4146);
#3529=AXIS2_PLACEMENT_3D('',#4941,#4148,#4149);
#3530=AXIS2_PLACEMENT_3D('',#4943,#4151,#4152);
#3531=AXIS2_PLACEMENT_3D('',#4945,#4154,#4155);
#3532=AXIS2_PLACEMENT_3D('',#4947,#4157,#4158);
#3533=AXIS2_PLACEMENT_3D('',#4949,#4160,#4161);
#3534=AXIS2_PLACEMENT_3D('',#4951,#4163,#4164);
#3535=AXIS2_PLACEMENT_3D('',#4952,#4165,#4166);
#3536=AXIS2_PLACEMENT_3D('',#4982,#4181,#4182);
#3537=AXIS2_PLACEMENT_3D('',#4985,#4184,#4185);
#3538=AXIS2_PLACEMENT_3D('',#4991,#4188,#4189);
#3539=AXIS2_PLACEMENT_3D('',#5018,#4203,#4204);
#3540=AXIS2_PLACEMENT_3D('',#5021,#4207,#4208);
#3541=AXIS2_PLACEMENT_3D('',#5023,#4210,#4211);
#3542=AXIS2_PLACEMENT_3D('',#5025,#4213,#4214);
#3543=AXIS2_PLACEMENT_3D('',#5027,#4216,#4217);
#3544=AXIS2_PLACEMENT_3D('',#5029,#4219,#4220);
#3545=AXIS2_PLACEMENT_3D('',#5031,#4222,#4223);
#3546=AXIS2_PLACEMENT_3D('',#5033,#4225,#4226);
#3547=AXIS2_PLACEMENT_3D('',#5035,#4228,#4229);
#3548=AXIS2_PLACEMENT_3D('',#5037,#4231,#4232);
#3549=AXIS2_PLACEMENT_3D('',#5039,#4234,#4235);
#3550=AXIS2_PLACEMENT_3D('',#5041,#4237,#4238);
#3551=AXIS2_PLACEMENT_3D('',#5043,#4240,#4241);
#3552=AXIS2_PLACEMENT_3D('',#5045,#4243,#4244);
#3553=AXIS2_PLACEMENT_3D('',#5047,#4246,#4247);
#3554=AXIS2_PLACEMENT_3D('',#5049,#4249,#4250);
#3555=AXIS2_PLACEMENT_3D('',#5050,#4251,#4252);
#3556=AXIS2_PLACEMENT_3D('',#5051,#4253,#4254);
#3557=DIRECTION('',(0.,0.,1.));
#3558=DIRECTION('',(1.,0.,0.));
#3559=DIRECTION('',(0.,-1.,0.));
#3560=DIRECTION('',(0.,0.,-1.));
#3561=DIRECTION('',(1.,0.,0.));
#3562=DIRECTION('',(0.,0.,-1.));
#3563=DIRECTION('',(1.,0.,-3.3881317890172E-16));
#3564=DIRECTION('',(-1.40805476946169E-16,0.,1.));
#3565=DIRECTION('',(0.,0.,1.));
#3566=DIRECTION('',(1.,0.,0.));
#3567=DIRECTION('',(0.,-1.,0.));
#3568=DIRECTION('',(1.,0.,0.));
#3569=DIRECTION('',(-1.020425574104E-16,1.,0.));
#3570=DIRECTION('',(-1.,0.,0.));
#3571=DIRECTION('',(0.,-1.,0.));
#3572=DIRECTION('',(1.,0.,0.));
#3573=DIRECTION('',(0.,1.,0.));
#3574=DIRECTION('',(1.,0.,0.));
#3575=DIRECTION('',(1.,0.,1.40805476946169E-16));
#3576=DIRECTION('',(1.40805476946169E-16,0.,-1.));
#3577=DIRECTION('',(-1.40805476946169E-16,0.,1.));
#3578=DIRECTION('',(0.,1.,0.));
#3579=DIRECTION('',(0.,-1.,0.));
#3580=DIRECTION('',(-1.40805476946169E-16,0.,1.));
#3581=DIRECTION('',(0.,-1.,0.));
#3582=DIRECTION('',(-1.40805476946169E-16,0.,1.));
#3583=DIRECTION('',(0.,-1.,0.));
#3584=DIRECTION('',(-3.3881317890172E-16,0.,-1.));
#3585=DIRECTION('',(-1.,0.,3.3881317890172E-16));
#3586=DIRECTION('',(1.,0.,-3.3881317890172E-16));
#3587=DIRECTION('',(0.,-1.,0.));
#3588=DIRECTION('',(-1.,0.,0.));
#3589=DIRECTION('',(0.,0.,1.));
#3590=DIRECTION('',(0.,-1.,0.));
#3591=DIRECTION('',(0.,0.,-1.));
#3592=DIRECTION('',(0.,1.,0.));
#3593=DIRECTION('',(0.,0.,-1.));
#3594=DIRECTION('',(0.,-1.,0.));
#3595=DIRECTION('',(0.,0.,-1.));
#3596=DIRECTION('',(0.,0.,1.));
#3597=DIRECTION('',(1.,0.,0.));
#3598=DIRECTION('',(-1.,0.,0.));
#3599=DIRECTION('',(-1.,0.,0.));
#3600=DIRECTION('',(0.,-1.,0.));
#3601=DIRECTION('',(0.,0.,-1.));
#3602=DIRECTION('',(-1.,0.,0.));
#3603=DIRECTION('',(0.,1.,0.));
#3604=DIRECTION('',(0.,0.,1.));
#3605=DIRECTION('',(1.,0.,0.));
#3606=DIRECTION('',(0.,0.,-1.));
#3607=DIRECTION('',(-1.,0.,0.));
#3608=DIRECTION('',(0.,1.,0.));
#3609=DIRECTION('',(0.,0.,1.));
#3610=DIRECTION('',(-1.,0.,0.));
#3611=DIRECTION('',(0.,0.,1.));
#3612=DIRECTION('',(1.,0.,0.));
#3613=DIRECTION('',(0.,0.,-1.));
#3614=DIRECTION('',(-1.,0.,0.));
#3615=DIRECTION('',(0.,1.,0.));
#3616=DIRECTION('',(-1.,0.,0.));
#3617=DIRECTION('',(0.,1.,0.));
#3618=DIRECTION('',(0.,0.,1.));
#3619=DIRECTION('',(1.,0.,0.));
#3620=DIRECTION('',(0.,1.,0.));
#3621=DIRECTION('',(1.,0.,0.));
#3622=DIRECTION('',(0.,1.,0.));
#3623=DIRECTION('',(-1.,0.,0.));
#3624=DIRECTION('',(0.,0.,1.));
#3625=DIRECTION('',(0.,0.,1.));
#3626=DIRECTION('',(1.,0.,0.));
#3627=DIRECTION('',(0.,0.,-1.));
#3628=DIRECTION('',(0.,0.,-1.));
#3629=DIRECTION('',(0.707106781186546,-0.707106781186549,0.));
#3630=DIRECTION('',(0.,0.,-1.));
#3631=DIRECTION('',(-0.577350269189626,-0.577350269189624,-0.577350269189627));
#3632=DIRECTION('',(0.,0.,1.));
#3633=DIRECTION('',(0.577350269189627,0.577350269189624,-0.577350269189627));
#3634=DIRECTION('',(0.,-0.707106781186549,-0.707106781186546));
#3635=DIRECTION('',(-1.,0.,0.));
#3636=DIRECTION('',(1.,0.,0.));
#3637=DIRECTION('',(-0.577350269189627,0.577350269189624,-0.577350269189627));
#3638=DIRECTION('',(0.,-0.707106781186549,0.707106781186546));
#3639=DIRECTION('',(1.,0.,0.));
#3640=DIRECTION('',(0.577350269189626,-0.577350269189624,-0.577350269189627));
#3641=DIRECTION('',(-1.,0.,0.));
#3642=DIRECTION('',(-0.707106781186546,-0.707106781186549,0.));
#3643=DIRECTION('',(0.,0.,1.));
#3644=DIRECTION('',(0.,0.,-1.));
#3645=DIRECTION('',(0.,-1.,0.));
#3646=DIRECTION('',(0.,0.,-1.));
#3647=DIRECTION('',(1.,0.,0.));
#3648=DIRECTION('',(0.,0.,-1.));
#3649=DIRECTION('',(1.,0.,-3.3881317890172E-16));
#3650=DIRECTION('',(-1.40805476946169E-16,0.,1.));
#3651=DIRECTION('',(1.,0.,1.40805476946169E-16));
#3652=DIRECTION('',(1.40805476946169E-16,0.,-1.));
#3653=DIRECTION('',(-1.40805476946169E-16,0.,1.));
#3654=DIRECTION('',(0.,1.,0.));
#3655=DIRECTION('',(0.,-1.,0.));
#3656=DIRECTION('',(-1.40805476946169E-16,0.,1.));
#3657=DIRECTION('',(0.,-1.,0.));
#3658=DIRECTION('',(-1.40805476946169E-16,0.,1.));
#3659=DIRECTION('',(0.,-1.,0.));
#3660=DIRECTION('',(-3.3881317890172E-16,0.,-1.));
#3661=DIRECTION('',(-1.,0.,3.3881317890172E-16));
#3662=DIRECTION('',(1.,0.,-3.3881317890172E-16));
#3663=DIRECTION('',(0.,-1.,0.));
#3664=DIRECTION('',(-1.,0.,0.));
#3665=DIRECTION('',(0.,0.,1.));
#3666=DIRECTION('',(0.,-1.,0.));
#3667=DIRECTION('',(0.,0.,-1.));
#3668=DIRECTION('',(0.,1.,0.));
#3669=DIRECTION('',(0.,0.,-1.));
#3670=DIRECTION('',(0.,-1.,0.));
#3671=DIRECTION('',(0.,0.,-1.));
#3672=DIRECTION('',(0.,0.,1.));
#3673=DIRECTION('',(1.,0.,0.));
#3674=DIRECTION('',(-1.,0.,0.));
#3675=DIRECTION('',(-1.,0.,0.));
#3676=DIRECTION('',(0.,-1.,0.));
#3677=DIRECTION('',(0.,0.,-1.));
#3678=DIRECTION('',(-1.,0.,0.));
#3679=DIRECTION('',(0.,1.,0.));
#3680=DIRECTION('',(0.,0.,1.));
#3681=DIRECTION('',(1.,0.,0.));
#3682=DIRECTION('',(0.,0.,-1.));
#3683=DIRECTION('',(-1.,0.,0.));
#3684=DIRECTION('',(0.,1.,0.));
#3685=DIRECTION('',(0.,0.,1.));
#3686=DIRECTION('',(-1.,0.,0.));
#3687=DIRECTION('',(0.,0.,1.));
#3688=DIRECTION('',(1.,0.,0.));
#3689=DIRECTION('',(0.,0.,-1.));
#3690=DIRECTION('',(-1.,0.,0.));
#3691=DIRECTION('',(0.,1.,0.));
#3692=DIRECTION('',(-1.,0.,0.));
#3693=DIRECTION('',(0.,1.,0.));
#3694=DIRECTION('',(0.,0.,1.));
#3695=DIRECTION('',(1.,0.,0.));
#3696=DIRECTION('',(0.,1.,0.));
#3697=DIRECTION('',(1.,0.,0.));
#3698=DIRECTION('',(0.,1.,0.));
#3699=DIRECTION('',(-1.,0.,0.));
#3700=DIRECTION('',(0.,0.,1.));
#3701=DIRECTION('',(0.,0.,1.));
#3702=DIRECTION('',(1.,0.,0.));
#3703=DIRECTION('',(0.,0.,-1.));
#3704=DIRECTION('',(0.,0.,-1.));
#3705=DIRECTION('',(0.707106781186546,-0.707106781186549,0.));
#3706=DIRECTION('',(0.,0.,-1.));
#3707=DIRECTION('',(-0.577350269189626,-0.577350269189624,-0.577350269189627));
#3708=DIRECTION('',(0.,0.,1.));
#3709=DIRECTION('',(0.577350269189627,0.577350269189624,-0.577350269189627));
#3710=DIRECTION('',(0.,-0.707106781186549,-0.707106781186546));
#3711=DIRECTION('',(-1.,0.,0.));
#3712=DIRECTION('',(1.,0.,0.));
#3713=DIRECTION('',(-0.577350269189627,0.577350269189624,-0.577350269189627));
#3714=DIRECTION('',(0.,-0.707106781186549,0.707106781186546));
#3715=DIRECTION('',(1.,0.,0.));
#3716=DIRECTION('',(0.577350269189626,-0.577350269189624,-0.577350269189627));
#3717=DIRECTION('',(-1.,0.,0.));
#3718=DIRECTION('',(-0.707106781186546,-0.707106781186549,0.));
#3719=DIRECTION('',(0.,0.,1.));
#3720=DIRECTION('',(0.,0.,-1.));
#3721=DIRECTION('',(0.,-1.,0.));
#3722=DIRECTION('',(0.,0.,-1.));
#3723=DIRECTION('',(1.,0.,0.));
#3724=DIRECTION('',(0.,0.,-1.));
#3725=DIRECTION('',(1.,0.,-3.3881317890172E-16));
#3726=DIRECTION('',(-1.40805476946169E-16,0.,1.));
#3727=DIRECTION('',(1.,0.,1.40805476946169E-16));
#3728=DIRECTION('',(1.40805476946169E-16,0.,-1.));
#3729=DIRECTION('',(-1.40805476946169E-16,0.,1.));
#3730=DIRECTION('',(0.,1.,0.));
#3731=DIRECTION('',(0.,-1.,0.));
#3732=DIRECTION('',(-1.40805476946169E-16,0.,1.));
#3733=DIRECTION('',(0.,-1.,0.));
#3734=DIRECTION('',(-1.40805476946169E-16,0.,1.));
#3735=DIRECTION('',(0.,-1.,0.));
#3736=DIRECTION('',(-3.3881317890172E-16,0.,-1.));
#3737=DIRECTION('',(-1.,0.,3.3881317890172E-16));
#3738=DIRECTION('',(1.,0.,-3.3881317890172E-16));
#3739=DIRECTION('',(0.,-1.,0.));
#3740=DIRECTION('',(-1.,0.,0.));
#3741=DIRECTION('',(0.,0.,1.));
#3742=DIRECTION('',(0.,-1.,0.));
#3743=DIRECTION('',(0.,0.,-1.));
#3744=DIRECTION('',(0.,1.,0.));
#3745=DIRECTION('',(0.,0.,-1.));
#3746=DIRECTION('',(0.,-1.,0.));
#3747=DIRECTION('',(0.,0.,-1.));
#3748=DIRECTION('',(0.,0.,1.));
#3749=DIRECTION('',(1.,0.,0.));
#3750=DIRECTION('',(-1.,0.,0.));
#3751=DIRECTION('',(-1.,0.,0.));
#3752=DIRECTION('',(0.,-1.,0.));
#3753=DIRECTION('',(0.,0.,-1.));
#3754=DIRECTION('',(-1.,0.,0.));
#3755=DIRECTION('',(0.,1.,0.));
#3756=DIRECTION('',(0.,0.,1.));
#3757=DIRECTION('',(1.,0.,0.));
#3758=DIRECTION('',(0.,0.,-1.));
#3759=DIRECTION('',(-1.,0.,0.));
#3760=DIRECTION('',(0.,1.,0.));
#3761=DIRECTION('',(0.,0.,1.));
#3762=DIRECTION('',(-1.,0.,0.));
#3763=DIRECTION('',(0.,0.,1.));
#3764=DIRECTION('',(1.,0.,0.));
#3765=DIRECTION('',(0.,0.,-1.));
#3766=DIRECTION('',(-1.,0.,0.));
#3767=DIRECTION('',(0.,1.,0.));
#3768=DIRECTION('',(-1.,0.,0.));
#3769=DIRECTION('',(0.,1.,0.));
#3770=DIRECTION('',(0.,0.,1.));
#3771=DIRECTION('',(1.,0.,0.));
#3772=DIRECTION('',(0.,1.,0.));
#3773=DIRECTION('',(1.,0.,0.));
#3774=DIRECTION('',(0.,1.,0.));
#3775=DIRECTION('',(-1.,0.,0.));
#3776=DIRECTION('',(0.,0.,1.));
#3777=DIRECTION('',(0.,0.,1.));
#3778=DIRECTION('',(1.,0.,0.));
#3779=DIRECTION('',(0.,0.,-1.));
#3780=DIRECTION('',(0.,0.,-1.));
#3781=DIRECTION('',(0.707106781186546,-0.707106781186549,0.));
#3782=DIRECTION('',(0.,0.,-1.));
#3783=DIRECTION('',(-0.577350269189626,-0.577350269189624,-0.577350269189627));
#3784=DIRECTION('',(0.,0.,1.));
#3785=DIRECTION('',(0.577350269189627,0.577350269189624,-0.577350269189627));
#3786=DIRECTION('',(0.,-0.707106781186549,-0.707106781186546));
#3787=DIRECTION('',(-1.,0.,0.));
#3788=DIRECTION('',(1.,0.,0.));
#3789=DIRECTION('',(-0.577350269189627,0.577350269189624,-0.577350269189627));
#3790=DIRECTION('',(0.,-0.707106781186549,0.707106781186546));
#3791=DIRECTION('',(1.,0.,0.));
#3792=DIRECTION('',(0.577350269189626,-0.577350269189624,-0.577350269189627));
#3793=DIRECTION('',(-1.,0.,0.));
#3794=DIRECTION('',(-0.707106781186546,-0.707106781186549,0.));
#3795=DIRECTION('',(0.,0.,1.));
#3796=DIRECTION('',(0.,0.,-1.));
#3797=DIRECTION('',(-0.707106781186546,-0.707106781186549,0.));
#3798=DIRECTION('',(0.,0.,1.));
#3799=DIRECTION('',(-0.577350269189627,0.577350269189624,-0.577350269189627));
#3800=DIRECTION('',(0.,0.,-1.));
#3801=DIRECTION('',(0.577350269189626,-0.577350269189624,-0.577350269189627));
#3802=DIRECTION('',(0.,0.,1.));
#3803=DIRECTION('',(0.,-0.707106781186549,0.707106781186546));
#3804=DIRECTION('',(1.,0.,0.));
#3805=DIRECTION('',(-0.577350269189626,-0.577350269189624,-0.577350269189627));
#3806=DIRECTION('',(1.,0.,0.));
#3807=DIRECTION('',(-1.,0.,0.));
#3808=DIRECTION('',(0.,-0.707106781186549,-0.707106781186546));
#3809=DIRECTION('',(-1.,0.,0.));
#3810=DIRECTION('',(0.577350269189627,0.577350269189624,-0.577350269189627));
#3811=DIRECTION('',(1.,0.,0.));
#3812=DIRECTION('',(-1.,0.,0.));
#3813=DIRECTION('',(0.707106781186546,-0.707106781186549,0.));
#3814=DIRECTION('',(0.,0.,-1.));
#3815=DIRECTION('',(0.,0.,1.));
#3816=DIRECTION('',(0.,0.,-1.));
#3817=DIRECTION('',(1.,0.,0.));
#3818=DIRECTION('',(0.,0.,-1.));
#3819=DIRECTION('',(0.,1.,0.));
#3820=DIRECTION('',(0.,1.,0.));
#3821=DIRECTION('',(0.,0.,-1.));
#3822=DIRECTION('',(-1.,0.,0.));
#3823=DIRECTION('',(0.,0.,1.));
#3824=DIRECTION('',(0.,1.,0.));
#3825=DIRECTION('',(0.,1.,0.));
#3826=DIRECTION('',(0.,0.,1.));
#3827=DIRECTION('',(0.,0.,1.));
#3828=DIRECTION('',(1.,0.,0.));
#3829=DIRECTION('',(1.,0.,0.));
#3830=DIRECTION('',(0.,-1.,0.));
#3831=DIRECTION('',(-1.,0.,0.));
#3832=DIRECTION('',(0.,1.,0.));
#3833=DIRECTION('',(1.,0.,0.));
#3834=DIRECTION('',(0.,0.,-1.));
#3835=DIRECTION('',(-1.,0.,0.));
#3836=DIRECTION('',(-1.,0.,0.));
#3837=DIRECTION('',(0.,-1.,0.));
#3838=DIRECTION('',(1.,0.,0.));
#3839=DIRECTION('',(0.,1.,0.));
#3840=DIRECTION('',(-1.,0.,0.));
#3841=DIRECTION('',(0.,1.,0.));
#3842=DIRECTION('',(0.,0.,1.));
#3843=DIRECTION('',(0.,0.,-1.));
#3844=DIRECTION('',(0.,1.,0.));
#3845=DIRECTION('',(0.,0.,1.));
#3846=DIRECTION('',(-1.40805476946169E-16,0.,1.));
#3847=DIRECTION('',(0.,-1.,0.));
#3848=DIRECTION('',(0.,0.,-1.));
#3849=DIRECTION('',(-1.40805476946169E-16,0.,1.));
#3850=DIRECTION('',(-1.,0.,0.));
#3851=DIRECTION('',(0.,0.,-1.));
#3852=DIRECTION('',(0.,0.,1.));
#3853=DIRECTION('',(1.,0.,0.));
#3854=DIRECTION('',(-1.,0.,0.));
#3855=DIRECTION('',(0.,-1.,0.));
#3856=DIRECTION('',(0.,-1.,0.));
#3857=DIRECTION('',(-1.,0.,0.));
#3858=DIRECTION('',(0.,0.,1.));
#3859=DIRECTION('',(0.,0.,-1.));
#3860=DIRECTION('',(0.,0.,-1.));
#3861=DIRECTION('',(0.,-1.,0.));
#3862=DIRECTION('',(-3.3881317890172E-16,0.,-1.));
#3863=DIRECTION('',(-1.,0.,3.3881317890172E-16));
#3864=DIRECTION('',(1.,0.,-3.3881317890172E-16));
#3865=DIRECTION('',(0.,-1.,0.));
#3866=DIRECTION('',(1.,0.,-3.3881317890172E-16));
#3867=DIRECTION('',(1.,0.,1.40805476946169E-16));
#3868=DIRECTION('',(1.40805476946169E-16,0.,-1.));
#3869=DIRECTION('',(-1.40805476946169E-16,0.,1.));
#3870=DIRECTION('',(-1.40805476946169E-16,0.,1.));
#3871=DIRECTION('',(-1.,0.,0.));
#3872=DIRECTION('',(0.,0.,1.));
#3873=DIRECTION('',(0.,0.,-1.));
#3874=DIRECTION('',(0.,1.,0.));
#3875=DIRECTION('',(0.,0.,-1.));
#3876=DIRECTION('',(0.,1.,0.));
#3877=DIRECTION('',(0.,0.,1.));
#3878=DIRECTION('',(1.,0.,0.));
#3879=DIRECTION('',(0.,0.,-1.));
#3880=DIRECTION('',(1.,0.,0.));
#3881=DIRECTION('',(0.,0.,-1.));
#3882=DIRECTION('',(0.,-1.,0.));
#3883=DIRECTION('',(0.,0.,-1.));
#3884=DIRECTION('',(0.,0.,1.));
#3885=DIRECTION('',(1.,0.,0.));
#3886=DIRECTION('',(1.,0.,0.));
#3887=DIRECTION('',(1.,0.,0.));
#3888=DIRECTION('',(0.,-1.,0.));
#3889=DIRECTION('',(-1.,0.,0.));
#3890=DIRECTION('',(-1.020425574104E-16,1.,0.));
#3891=DIRECTION('',(0.,-1.,0.));
#3892=DIRECTION('',(0.,0.,-1.));
#3893=DIRECTION('',(0.,0.,-1.));
#3894=DIRECTION('',(0.,0.,-1.));
#3895=DIRECTION('',(-1.,-1.020425574104E-16,0.));
#3896=DIRECTION('',(1.020425574104E-16,-1.,0.));
#3897=DIRECTION('',(0.,0.,-1.));
#3898=DIRECTION('',(0.,1.,0.));
#3899=DIRECTION('',(0.,0.,1.));
#3900=DIRECTION('',(0.,0.,-1.));
#3901=DIRECTION('',(1.,0.,0.));
#3902=DIRECTION('',(0.,0.,-1.));
#3903=DIRECTION('',(0.,1.,0.));
#3904=DIRECTION('',(0.,0.,1.));
#3905=DIRECTION('',(0.,-1.,0.));
#3906=DIRECTION('',(0.,0.,-1.));
#3907=DIRECTION('',(1.,0.,0.));
#3908=DIRECTION('',(0.,0.,-1.));
#3909=DIRECTION('',(0.,0.905418316386966,-0.424520520529918));
#3910=DIRECTION('',(0.,0.630211784103385,0.776423278358672));
#3911=DIRECTION('',(0.,-0.999869532089332,0.0161529811322994));
#3912=DIRECTION('',(0.,-0.707106781186548,-0.707106781186548));
#3913=DIRECTION('',(0.,-1.,0.));
#3914=DIRECTION('',(0.,-0.972387301980518,-0.233372952475324));
#3915=DIRECTION('',(0.,0.,-1.));
#3916=DIRECTION('',(0.,0.972387301980518,-0.233372952475324));
#3917=DIRECTION('',(0.,1.,1.56606980470128E-16));
#3918=DIRECTION('',(0.,0.707106781186547,-0.707106781186548));
#3919=DIRECTION('',(0.,0.999869532089332,0.0161529811322995));
#3920=DIRECTION('',(0.,-0.630211784103385,0.776423278358673));
#3921=DIRECTION('',(0.,-0.905418316386965,-0.42452052052992));
#3922=DIRECTION('',(0.,-1.,0.));
#3923=DIRECTION('',(-1.,0.,0.));
#3924=DIRECTION('',(0.,0.,-1.));
#3925=DIRECTION('',(0.,1.,0.));
#3926=DIRECTION('',(1.,0.,0.));
#3927=DIRECTION('',(0.,0.,-1.));
#3928=DIRECTION('',(0.,0.905418316386966,-0.424520520529918));
#3929=DIRECTION('',(0.,1.,0.));
#3930=DIRECTION('',(-1.,0.,0.));
#3931=DIRECTION('',(0.,0.,-1.));
#3932=DIRECTION('',(0.,-1.,0.));
#3933=DIRECTION('',(0.,-0.905418316386965,-0.42452052052992));
#3934=DIRECTION('',(0.,-0.630211784103385,0.776423278358673));
#3935=DIRECTION('',(0.,0.999869532089332,0.0161529811322995));
#3936=DIRECTION('',(0.,0.707106781186547,-0.707106781186548));
#3937=DIRECTION('',(0.,1.,1.56606980470128E-16));
#3938=DIRECTION('',(0.,0.972387301980518,-0.233372952475324));
#3939=DIRECTION('',(0.,0.,-1.));
#3940=DIRECTION('',(0.,-0.972387301980518,-0.233372952475324));
#3941=DIRECTION('',(0.,-1.,0.));
#3942=DIRECTION('',(0.,-0.707106781186548,-0.707106781186548));
#3943=DIRECTION('',(0.,-0.999869532089332,0.0161529811322994));
#3944=DIRECTION('',(0.,0.630211784103385,0.776423278358672));
#3945=DIRECTION('',(0.,0.776423278358672,-0.630211784103385));
#3946=DIRECTION('',(0.,0.630211784103385,0.776423278358672));
#3947=DIRECTION('',(1.,0.,0.));
#3948=DIRECTION('',(1.,0.,0.));
#3949=DIRECTION('',(0.,0.0161529811322994,0.999869532089332));
#3950=DIRECTION('',(0.,-0.999869532089332,0.0161529811322994));
#3951=DIRECTION('',(1.,0.,0.));
#3952=DIRECTION('',(0.,-0.707106781186548,0.707106781186548));
#3953=DIRECTION('',(0.,-0.707106781186548,-0.707106781186548));
#3954=DIRECTION('',(1.,0.,0.));
#3955=DIRECTION('',(0.,0.,1.));
#3956=DIRECTION('',(1.,0.,0.));
#3957=DIRECTION('',(1.,0.,0.));
#3958=DIRECTION('',(0.,-0.233372952475324,0.972387301980518));
#3959=DIRECTION('',(0.,-0.972387301980518,-0.233372952475324));
#3960=DIRECTION('',(1.,0.,0.));
#3961=DIRECTION('',(0.,-1.,0.));
#3962=DIRECTION('',(0.,0.,-1.));
#3963=DIRECTION('',(1.,0.,0.));
#3964=DIRECTION('',(0.,-0.233372952475324,-0.972387301980518));
#3965=DIRECTION('',(0.,0.972387301980518,-0.233372952475324));
#3966=DIRECTION('',(1.,0.,0.));
#3967=DIRECTION('',(0.,1.56606980470128E-16,-1.));
#3968=DIRECTION('',(0.,1.,1.56606980470128E-16));
#3969=DIRECTION('',(1.,0.,0.));
#3970=DIRECTION('',(0.,-0.707106781186548,-0.707106781186547));
#3971=DIRECTION('',(0.,0.707106781186547,-0.707106781186548));
#3972=DIRECTION('',(1.,0.,0.));
#3973=DIRECTION('',(0.,0.0161529811322995,-0.999869532089332));
#3974=DIRECTION('',(0.,0.999869532089332,0.0161529811322995));
#3975=DIRECTION('',(1.,0.,0.));
#3976=DIRECTION('',(0.,0.776423278358673,0.630211784103385));
#3977=DIRECTION('',(0.,-0.630211784103385,0.776423278358673));
#3978=DIRECTION('',(1.,0.,0.));
#3979=DIRECTION('',(0.,-0.42452052052992,0.905418316386965));
#3980=DIRECTION('',(0.,-0.905418316386965,-0.42452052052992));
#3981=DIRECTION('',(1.,0.,0.));
#3982=DIRECTION('',(0.,0.,1.));
#3983=DIRECTION('',(1.,0.,0.));
#3984=DIRECTION('',(1.,0.,0.));
#3985=DIRECTION('',(1.,0.,0.));
#3986=DIRECTION('',(0.,0.,-1.));
#3987=DIRECTION('',(1.,0.,0.));
#3988=DIRECTION('',(0.,0.,-1.));
#3989=DIRECTION('',(-1.,0.,0.));
#3990=DIRECTION('',(1.,0.,0.));
#3991=DIRECTION('',(0.,-0.424520520529918,-0.905418316386966));
#3992=DIRECTION('',(0.,0.905418316386966,-0.424520520529918));
#3993=DIRECTION('',(1.,0.,0.));
#3994=DIRECTION('',(0.,0.,-1.));
#3995=DIRECTION('',(0.,0.905418316386966,-0.424520520529918));
#3996=DIRECTION('',(0.,0.630211784103385,0.776423278358672));
#3997=DIRECTION('',(0.,-0.999869532089332,0.0161529811322994));
#3998=DIRECTION('',(0.,-0.707106781186548,-0.707106781186548));
#3999=DIRECTION('',(0.,-1.,0.));
#4000=DIRECTION('',(0.,-0.972387301980518,-0.233372952475324));
#4001=DIRECTION('',(0.,0.,-1.));
#4002=DIRECTION('',(0.,0.972387301980518,-0.233372952475324));
#4003=DIRECTION('',(0.,1.,1.56606980470128E-16));
#4004=DIRECTION('',(0.,0.707106781186547,-0.707106781186548));
#4005=DIRECTION('',(0.,0.999869532089332,0.0161529811322995));
#4006=DIRECTION('',(0.,-0.630211784103385,0.776423278358673));
#4007=DIRECTION('',(0.,-0.905418316386965,-0.42452052052992));
#4008=DIRECTION('',(0.,-1.,0.));
#4009=DIRECTION('',(-1.,0.,0.));
#4010=DIRECTION('',(0.,0.,-1.));
#4011=DIRECTION('',(0.,1.,0.));
#4012=DIRECTION('',(1.,0.,0.));
#4013=DIRECTION('',(0.,0.,-1.));
#4014=DIRECTION('',(0.,0.905418316386966,-0.424520520529918));
#4015=DIRECTION('',(0.,1.,0.));
#4016=DIRECTION('',(-1.,0.,0.));
#4017=DIRECTION('',(0.,0.,-1.));
#4018=DIRECTION('',(0.,-1.,0.));
#4019=DIRECTION('',(0.,-0.905418316386965,-0.42452052052992));
#4020=DIRECTION('',(0.,-0.630211784103385,0.776423278358673));
#4021=DIRECTION('',(0.,0.999869532089332,0.0161529811322995));
#4022=DIRECTION('',(0.,0.707106781186547,-0.707106781186548));
#4023=DIRECTION('',(0.,1.,1.56606980470128E-16));
#4024=DIRECTION('',(0.,0.972387301980518,-0.233372952475324));
#4025=DIRECTION('',(0.,0.,-1.));
#4026=DIRECTION('',(0.,-0.972387301980518,-0.233372952475324));
#4027=DIRECTION('',(0.,-1.,0.));
#4028=DIRECTION('',(0.,-0.707106781186548,-0.707106781186548));
#4029=DIRECTION('',(0.,-0.999869532089332,0.0161529811322994));
#4030=DIRECTION('',(0.,0.630211784103385,0.776423278358672));
#4031=DIRECTION('',(0.,0.776423278358672,-0.630211784103385));
#4032=DIRECTION('',(0.,0.630211784103385,0.776423278358672));
#4033=DIRECTION('',(1.,0.,0.));
#4034=DIRECTION('',(1.,0.,0.));
#4035=DIRECTION('',(0.,0.0161529811322994,0.999869532089332));
#4036=DIRECTION('',(0.,-0.999869532089332,0.0161529811322994));
#4037=DIRECTION('',(1.,0.,0.));
#4038=DIRECTION('',(0.,-0.707106781186548,0.707106781186548));
#4039=DIRECTION('',(0.,-0.707106781186548,-0.707106781186548));
#4040=DIRECTION('',(1.,0.,0.));
#4041=DIRECTION('',(0.,0.,1.));
#4042=DIRECTION('',(1.,0.,0.));
#4043=DIRECTION('',(1.,0.,0.));
#4044=DIRECTION('',(0.,-0.233372952475324,0.972387301980518));
#4045=DIRECTION('',(0.,-0.972387301980518,-0.233372952475324));
#4046=DIRECTION('',(1.,0.,0.));
#4047=DIRECTION('',(0.,-1.,0.));
#4048=DIRECTION('',(0.,0.,-1.));
#4049=DIRECTION('',(1.,0.,0.));
#4050=DIRECTION('',(0.,-0.233372952475324,-0.972387301980518));
#4051=DIRECTION('',(0.,0.972387301980518,-0.233372952475324));
#4052=DIRECTION('',(1.,0.,0.));
#4053=DIRECTION('',(0.,1.56606980470128E-16,-1.));
#4054=DIRECTION('',(0.,1.,1.56606980470128E-16));
#4055=DIRECTION('',(1.,0.,0.));
#4056=DIRECTION('',(0.,-0.707106781186548,-0.707106781186547));
#4057=DIRECTION('',(0.,0.707106781186547,-0.707106781186548));
#4058=DIRECTION('',(1.,0.,0.));
#4059=DIRECTION('',(0.,0.0161529811322995,-0.999869532089332));
#4060=DIRECTION('',(0.,0.999869532089332,0.0161529811322995));
#4061=DIRECTION('',(1.,0.,0.));
#4062=DIRECTION('',(0.,0.776423278358673,0.630211784103385));
#4063=DIRECTION('',(0.,-0.630211784103385,0.776423278358673));
#4064=DIRECTION('',(1.,0.,0.));
#4065=DIRECTION('',(0.,-0.42452052052992,0.905418316386965));
#4066=DIRECTION('',(0.,-0.905418316386965,-0.42452052052992));
#4067=DIRECTION('',(1.,0.,0.));
#4068=DIRECTION('',(0.,0.,1.));
#4069=DIRECTION('',(1.,0.,0.));
#4070=DIRECTION('',(1.,0.,0.));
#4071=DIRECTION('',(1.,0.,0.));
#4072=DIRECTION('',(0.,0.,-1.));
#4073=DIRECTION('',(1.,0.,0.));
#4074=DIRECTION('',(0.,0.,-1.));
#4075=DIRECTION('',(-1.,0.,0.));
#4076=DIRECTION('',(1.,0.,0.));
#4077=DIRECTION('',(0.,-0.424520520529918,-0.905418316386966));
#4078=DIRECTION('',(0.,0.905418316386966,-0.424520520529918));
#4079=DIRECTION('',(1.,0.,0.));
#4080=DIRECTION('',(0.,0.,-1.));
#4081=DIRECTION('',(0.,0.905418316386966,-0.424520520529918));
#4082=DIRECTION('',(0.,0.630211784103385,0.776423278358672));
#4083=DIRECTION('',(0.,-0.999869532089332,0.0161529811322994));
#4084=DIRECTION('',(0.,-0.707106781186548,-0.707106781186548));
#4085=DIRECTION('',(0.,-1.,0.));
#4086=DIRECTION('',(0.,-0.972387301980518,-0.233372952475324));
#4087=DIRECTION('',(0.,0.,-1.));
#4088=DIRECTION('',(0.,0.972387301980518,-0.233372952475324));
#4089=DIRECTION('',(0.,1.,1.56606980470128E-16));
#4090=DIRECTION('',(0.,0.707106781186547,-0.707106781186548));
#4091=DIRECTION('',(0.,0.999869532089332,0.0161529811322995));
#4092=DIRECTION('',(0.,-0.630211784103385,0.776423278358673));
#4093=DIRECTION('',(0.,-0.905418316386965,-0.42452052052992));
#4094=DIRECTION('',(0.,-1.,0.));
#4095=DIRECTION('',(-1.,0.,0.));
#4096=DIRECTION('',(0.,0.,-1.));
#4097=DIRECTION('',(0.,1.,0.));
#4098=DIRECTION('',(1.,0.,0.));
#4099=DIRECTION('',(0.,0.,-1.));
#4100=DIRECTION('',(0.,0.905418316386966,-0.424520520529918));
#4101=DIRECTION('',(0.,1.,0.));
#4102=DIRECTION('',(-1.,0.,0.));
#4103=DIRECTION('',(0.,0.,-1.));
#4104=DIRECTION('',(0.,-1.,0.));
#4105=DIRECTION('',(0.,-0.905418316386965,-0.42452052052992));
#4106=DIRECTION('',(0.,-0.630211784103385,0.776423278358673));
#4107=DIRECTION('',(0.,0.999869532089332,0.0161529811322995));
#4108=DIRECTION('',(0.,0.707106781186547,-0.707106781186548));
#4109=DIRECTION('',(0.,1.,1.56606980470128E-16));
#4110=DIRECTION('',(0.,0.972387301980518,-0.233372952475324));
#4111=DIRECTION('',(0.,0.,-1.));
#4112=DIRECTION('',(0.,-0.972387301980518,-0.233372952475324));
#4113=DIRECTION('',(0.,-1.,0.));
#4114=DIRECTION('',(0.,-0.707106781186548,-0.707106781186548));
#4115=DIRECTION('',(0.,-0.999869532089332,0.0161529811322994));
#4116=DIRECTION('',(0.,0.630211784103385,0.776423278358672));
#4117=DIRECTION('',(0.,0.776423278358672,-0.630211784103385));
#4118=DIRECTION('',(0.,0.630211784103385,0.776423278358672));
#4119=DIRECTION('',(1.,0.,0.));
#4120=DIRECTION('',(1.,0.,0.));
#4121=DIRECTION('',(0.,0.0161529811322994,0.999869532089332));
#4122=DIRECTION('',(0.,-0.999869532089332,0.0161529811322994));
#4123=DIRECTION('',(1.,0.,0.));
#4124=DIRECTION('',(0.,-0.707106781186548,0.707106781186548));
#4125=DIRECTION('',(0.,-0.707106781186548,-0.707106781186548));
#4126=DIRECTION('',(1.,0.,0.));
#4127=DIRECTION('',(0.,0.,1.));
#4128=DIRECTION('',(1.,0.,0.));
#4129=DIRECTION('',(1.,0.,0.));
#4130=DIRECTION('',(0.,-0.233372952475324,0.972387301980518));
#4131=DIRECTION('',(0.,-0.972387301980518,-0.233372952475324));
#4132=DIRECTION('',(1.,0.,0.));
#4133=DIRECTION('',(0.,-1.,0.));
#4134=DIRECTION('',(0.,0.,-1.));
#4135=DIRECTION('',(1.,0.,0.));
#4136=DIRECTION('',(0.,-0.233372952475324,-0.972387301980518));
#4137=DIRECTION('',(0.,0.972387301980518,-0.233372952475324));
#4138=DIRECTION('',(1.,0.,0.));
#4139=DIRECTION('',(0.,1.56606980470128E-16,-1.));
#4140=DIRECTION('',(0.,1.,1.56606980470128E-16));
#4141=DIRECTION('',(1.,0.,0.));
#4142=DIRECTION('',(0.,-0.707106781186548,-0.707106781186547));
#4143=DIRECTION('',(0.,0.707106781186547,-0.707106781186548));
#4144=DIRECTION('',(1.,0.,0.));
#4145=DIRECTION('',(0.,0.0161529811322995,-0.999869532089332));
#4146=DIRECTION('',(0.,0.999869532089332,0.0161529811322995));
#4147=DIRECTION('',(1.,0.,0.));
#4148=DIRECTION('',(0.,0.776423278358673,0.630211784103385));
#4149=DIRECTION('',(0.,-0.630211784103385,0.776423278358673));
#4150=DIRECTION('',(1.,0.,0.));
#4151=DIRECTION('',(0.,-0.42452052052992,0.905418316386965));
#4152=DIRECTION('',(0.,-0.905418316386965,-0.42452052052992));
#4153=DIRECTION('',(1.,0.,0.));
#4154=DIRECTION('',(0.,0.,1.));
#4155=DIRECTION('',(1.,0.,0.));
#4156=DIRECTION('',(1.,0.,0.));
#4157=DIRECTION('',(1.,0.,0.));
#4158=DIRECTION('',(0.,0.,-1.));
#4159=DIRECTION('',(1.,0.,0.));
#4160=DIRECTION('',(0.,0.,-1.));
#4161=DIRECTION('',(-1.,0.,0.));
#4162=DIRECTION('',(1.,0.,0.));
#4163=DIRECTION('',(0.,-0.424520520529918,-0.905418316386966));
#4164=DIRECTION('',(0.,0.905418316386966,-0.424520520529918));
#4165=DIRECTION('',(1.,0.,0.));
#4166=DIRECTION('',(0.,0.,-1.));
#4167=DIRECTION('',(0.,0.905418316386966,-0.424520520529918));
#4168=DIRECTION('',(0.,0.630211784103385,0.776423278358672));
#4169=DIRECTION('',(0.,-0.999869532089332,0.0161529811322994));
#4170=DIRECTION('',(0.,-0.707106781186548,-0.707106781186548));
#4171=DIRECTION('',(0.,-1.,0.));
#4172=DIRECTION('',(0.,-0.972387301980518,-0.233372952475324));
#4173=DIRECTION('',(0.,0.,-1.));
#4174=DIRECTION('',(0.,0.972387301980518,-0.233372952475324));
#4175=DIRECTION('',(0.,1.,1.56606980470128E-16));
#4176=DIRECTION('',(0.,0.707106781186547,-0.707106781186548));
#4177=DIRECTION('',(0.,0.999869532089332,0.0161529811322995));
#4178=DIRECTION('',(0.,-0.630211784103385,0.776423278358673));
#4179=DIRECTION('',(0.,-0.905418316386965,-0.42452052052992));
#4180=DIRECTION('',(0.,-1.,0.));
#4181=DIRECTION('',(-1.,0.,0.));
#4182=DIRECTION('',(0.,0.,-1.));
#4183=DIRECTION('',(0.,1.,0.));
#4184=DIRECTION('',(1.,0.,0.));
#4185=DIRECTION('',(0.,0.,-1.));
#4186=DIRECTION('',(0.,0.905418316386966,-0.424520520529918));
#4187=DIRECTION('',(0.,1.,0.));
#4188=DIRECTION('',(-1.,0.,0.));
#4189=DIRECTION('',(0.,0.,-1.));
#4190=DIRECTION('',(0.,-1.,0.));
#4191=DIRECTION('',(0.,-0.905418316386965,-0.42452052052992));
#4192=DIRECTION('',(0.,-0.630211784103385,0.776423278358673));
#4193=DIRECTION('',(0.,0.999869532089332,0.0161529811322995));
#4194=DIRECTION('',(0.,0.707106781186547,-0.707106781186548));
#4195=DIRECTION('',(0.,1.,1.56606980470128E-16));
#4196=DIRECTION('',(0.,0.972387301980518,-0.233372952475324));
#4197=DIRECTION('',(0.,0.,-1.));
#4198=DIRECTION('',(0.,-0.972387301980518,-0.233372952475324));
#4199=DIRECTION('',(0.,-1.,0.));
#4200=DIRECTION('',(0.,-0.707106781186548,-0.707106781186548));
#4201=DIRECTION('',(0.,-0.999869532089332,0.0161529811322994));
#4202=DIRECTION('',(0.,0.630211784103385,0.776423278358672));
#4203=DIRECTION('',(0.,0.776423278358672,-0.630211784103385));
#4204=DIRECTION('',(0.,0.630211784103385,0.776423278358672));
#4205=DIRECTION('',(1.,0.,0.));
#4206=DIRECTION('',(1.,0.,0.));
#4207=DIRECTION('',(0.,0.0161529811322994,0.999869532089332));
#4208=DIRECTION('',(0.,-0.999869532089332,0.0161529811322994));
#4209=DIRECTION('',(1.,0.,0.));
#4210=DIRECTION('',(0.,-0.707106781186548,0.707106781186548));
#4211=DIRECTION('',(0.,-0.707106781186548,-0.707106781186548));
#4212=DIRECTION('',(1.,0.,0.));
#4213=DIRECTION('',(0.,0.,1.));
#4214=DIRECTION('',(1.,0.,0.));
#4215=DIRECTION('',(1.,0.,0.));
#4216=DIRECTION('',(0.,-0.233372952475324,0.972387301980518));
#4217=DIRECTION('',(0.,-0.972387301980518,-0.233372952475324));
#4218=DIRECTION('',(1.,0.,0.));
#4219=DIRECTION('',(0.,-1.,0.));
#4220=DIRECTION('',(0.,0.,-1.));
#4221=DIRECTION('',(1.,0.,0.));
#4222=DIRECTION('',(0.,-0.233372952475324,-0.972387301980518));
#4223=DIRECTION('',(0.,0.972387301980518,-0.233372952475324));
#4224=DIRECTION('',(1.,0.,0.));
#4225=DIRECTION('',(0.,1.56606980470128E-16,-1.));
#4226=DIRECTION('',(0.,1.,1.56606980470128E-16));
#4227=DIRECTION('',(1.,0.,0.));
#4228=DIRECTION('',(0.,-0.707106781186548,-0.707106781186547));
#4229=DIRECTION('',(0.,0.707106781186547,-0.707106781186548));
#4230=DIRECTION('',(1.,0.,0.));
#4231=DIRECTION('',(0.,0.0161529811322995,-0.999869532089332));
#4232=DIRECTION('',(0.,0.999869532089332,0.0161529811322995));
#4233=DIRECTION('',(1.,0.,0.));
#4234=DIRECTION('',(0.,0.776423278358673,0.630211784103385));
#4235=DIRECTION('',(0.,-0.630211784103385,0.776423278358673));
#4236=DIRECTION('',(1.,0.,0.));
#4237=DIRECTION('',(0.,-0.42452052052992,0.905418316386965));
#4238=DIRECTION('',(0.,-0.905418316386965,-0.42452052052992));
#4239=DIRECTION('',(1.,0.,0.));
#4240=DIRECTION('',(0.,0.,1.));
#4241=DIRECTION('',(1.,0.,0.));
#4242=DIRECTION('',(1.,0.,0.));
#4243=DIRECTION('',(1.,0.,0.));
#4244=DIRECTION('',(0.,0.,-1.));
#4245=DIRECTION('',(1.,0.,0.));
#4246=DIRECTION('',(0.,0.,-1.));
#4247=DIRECTION('',(-1.,0.,0.));
#4248=DIRECTION('',(1.,0.,0.));
#4249=DIRECTION('',(0.,-0.424520520529918,-0.905418316386966));
#4250=DIRECTION('',(0.,0.905418316386966,-0.424520520529918));
#4251=DIRECTION('',(0.,0.,1.));
#4252=DIRECTION('',(1.,0.,0.));
#4253=DIRECTION('',(0.,0.,1.));
#4254=DIRECTION('',(1.,0.,0.));
#4255=CARTESIAN_POINT('',(0.,0.,0.));
#4256=CARTESIAN_POINT('',(0.,-1.,7.62));
#4257=CARTESIAN_POINT('',(0.,-1.,8.57));
#4258=CARTESIAN_POINT('',(1.11,-1.,8.57));
#4259=CARTESIAN_POINT('',(1.43,-1.,8.57));
#4260=CARTESIAN_POINT('',(1.11,-1.,8.12));
#4261=CARTESIAN_POINT('',(1.11,-1.,8.12));
#4262=CARTESIAN_POINT('',(1.43,-1.,8.12));
#4263=CARTESIAN_POINT('',(1.43,-1.,8.12));
#4264=CARTESIAN_POINT('',(1.43,-1.,8.12));
#4265=CARTESIAN_POINT('',(0.,0.,10.16));
#4266=CARTESIAN_POINT('',(1.7,-8.5,10.16));
#4267=CARTESIAN_POINT('',(1.7,-7.64,10.16));
#4268=CARTESIAN_POINT('',(1.7,-8.5,10.16));
#4269=CARTESIAN_POINT('',(0.,-8.5,10.16));
#4270=CARTESIAN_POINT('',(2.54,-8.5,10.16));
#4271=CARTESIAN_POINT('',(2.54,0.,10.16));
#4272=CARTESIAN_POINT('',(2.54,0.,10.16));
#4273=CARTESIAN_POINT('',(0.,0.,10.16));
#4274=CARTESIAN_POINT('',(0.,0.,10.16));
#4275=CARTESIAN_POINT('',(0.,0.,10.16));
#4276=CARTESIAN_POINT('',(0.,-8.5,10.16));
#4277=CARTESIAN_POINT('',(0.,-8.5,10.16));
#4278=CARTESIAN_POINT('',(0.840000000000001,-8.5,10.16));
#4279=CARTESIAN_POINT('',(0.840000000000001,-8.5,10.16));
#4280=CARTESIAN_POINT('',(0.840000000000001,-7.64,10.16));
#4281=CARTESIAN_POINT('',(1.7,-7.64,10.16));
#4282=CARTESIAN_POINT('',(1.43,-1.,8.12));
#4283=CARTESIAN_POINT('',(1.43,-6.,8.12));
#4284=CARTESIAN_POINT('',(1.43,-6.,8.57));
#4285=CARTESIAN_POINT('',(1.43,-6.,9.21));
#4286=CARTESIAN_POINT('',(1.43,-1.,8.57));
#4287=CARTESIAN_POINT('',(1.43,-1.,8.12));
#4288=CARTESIAN_POINT('',(1.43,-7.64,8.12));
#4289=CARTESIAN_POINT('',(1.43,-7.64,8.12));
#4290=CARTESIAN_POINT('',(1.43,-7.64,9.66));
#4291=CARTESIAN_POINT('',(1.43,-1.,9.66));
#4292=CARTESIAN_POINT('',(1.43,-1.,9.66));
#4293=CARTESIAN_POINT('',(1.43,-1.,8.12));
#4294=CARTESIAN_POINT('',(1.43,-1.,9.21));
#4295=CARTESIAN_POINT('',(1.43,-1.,9.21));
#4296=CARTESIAN_POINT('',(1.43,-1.,8.12));
#4297=CARTESIAN_POINT('',(1.43,-7.64,8.12));
#4298=CARTESIAN_POINT('',(1.11,-7.64,8.12));
#4299=CARTESIAN_POINT('',(1.11,-1.,8.12));
#4300=CARTESIAN_POINT('',(1.11,-1.,8.12));
#4301=CARTESIAN_POINT('',(1.11,-1.,8.57));
#4302=CARTESIAN_POINT('',(1.11,-6.,8.57));
#4303=CARTESIAN_POINT('',(1.11,-6.,8.12));
#4304=CARTESIAN_POINT('',(1.11,-6.,9.21));
#4305=CARTESIAN_POINT('',(1.11,-1.,9.21));
#4306=CARTESIAN_POINT('',(1.11,-1.,9.21));
#4307=CARTESIAN_POINT('',(1.11,-1.,8.12));
#4308=CARTESIAN_POINT('',(1.11,-1.,9.66));
#4309=CARTESIAN_POINT('',(1.11,-1.,9.66));
#4310=CARTESIAN_POINT('',(1.11,-7.64,9.66));
#4311=CARTESIAN_POINT('',(1.11,-7.64,8.12));
#4312=CARTESIAN_POINT('',(1.43,-1.,9.66));
#4313=CARTESIAN_POINT('',(1.43,-7.64,9.66));
#4314=CARTESIAN_POINT('',(1.43,-1.,9.66));
#4315=CARTESIAN_POINT('',(0.,-1.,7.62));
#4316=CARTESIAN_POINT('',(0.,-1.,9.21));
#4317=CARTESIAN_POINT('',(0.,-6.,7.62));
#4318=CARTESIAN_POINT('',(0.95,-6.,9.21));
#4319=CARTESIAN_POINT('',(1.59,-6.,9.21));
#4320=CARTESIAN_POINT('',(1.59,-6.,8.57));
#4321=CARTESIAN_POINT('',(1.59,-6.,8.57));
#4322=CARTESIAN_POINT('',(0.95,-6.,8.57));
#4323=CARTESIAN_POINT('',(0.,-6.,7.62));
#4324=CARTESIAN_POINT('',(0.95,-6.,8.57));
#4325=CARTESIAN_POINT('',(0.95,-6.,8.57));
#4326=CARTESIAN_POINT('',(0.95,-6.,8.57));
#4327=CARTESIAN_POINT('',(0.95,-6.,9.21));
#4328=CARTESIAN_POINT('',(0.95,-6.,9.21));
#4329=CARTESIAN_POINT('',(0.95,-6.,8.57));
#4330=CARTESIAN_POINT('',(1.59,-6.,8.57));
#4331=CARTESIAN_POINT('',(1.59,-0.499999999999999,8.57));
#4332=CARTESIAN_POINT('',(0.95,-0.499999999999999,8.57));
#4333=CARTESIAN_POINT('',(0.95,-0.499999999999999,8.57));
#4334=CARTESIAN_POINT('',(0.95,-6.,8.57));
#4335=CARTESIAN_POINT('',(0.95,-6.,9.21));
#4336=CARTESIAN_POINT('',(0.95,-6.,9.21));
#4337=CARTESIAN_POINT('',(0.95,-0.499999999999999,9.21));
#4338=CARTESIAN_POINT('',(0.95,-0.499999999999999,9.21));
#4339=CARTESIAN_POINT('',(1.59,-0.499999999999999,9.21));
#4340=CARTESIAN_POINT('',(1.59,-6.,9.21));
#4341=CARTESIAN_POINT('',(0.95,-6.,8.57));
#4342=CARTESIAN_POINT('',(0.95,-0.499999999999999,8.57));
#4343=CARTESIAN_POINT('',(1.59,-6.,8.57));
#4344=CARTESIAN_POINT('',(1.59,-0.499999999999999,8.57));
#4345=CARTESIAN_POINT('',(1.59,-0.499999999999999,8.57));
#4346=CARTESIAN_POINT('',(1.37666666666667,-0.713333333333332,8.99666666666667));
#4347=CARTESIAN_POINT('',(2.09,0.,9.71));
#4348=CARTESIAN_POINT('',(2.09,0.,10.16));
#4349=CARTESIAN_POINT('',(2.09,0.,8.07));
#4350=CARTESIAN_POINT('',(1.37666666666667,-0.713333333333332,8.78333333333333));
#4351=CARTESIAN_POINT('',(0.95,-0.499999999999999,8.57));
#4352=CARTESIAN_POINT('',(0.,0.,8.07));
#4353=CARTESIAN_POINT('',(0.449999999999999,0.,8.07));
#4354=CARTESIAN_POINT('',(0.95,-0.499999999999999,8.57));
#4355=CARTESIAN_POINT('',(0.95,-0.499999999999999,9.21));
#4356=CARTESIAN_POINT('',(1.16333333333333,-0.713333333333332,8.99666666666667));
#4357=CARTESIAN_POINT('',(0.449999999999999,0.,9.71));
#4358=CARTESIAN_POINT('',(0.,0.,9.71));
#4359=CARTESIAN_POINT('',(0.95,-0.499999999999999,8.57));
#4360=CARTESIAN_POINT('',(0.449999999999999,0.,10.16));
#4361=CARTESIAN_POINT('',(0.,-1.,5.08));
#4362=CARTESIAN_POINT('',(0.,-1.,6.03));
#4363=CARTESIAN_POINT('',(1.11,-1.,6.03));
#4364=CARTESIAN_POINT('',(1.43,-1.,6.03));
#4365=CARTESIAN_POINT('',(1.11,-1.,5.58));
#4366=CARTESIAN_POINT('',(1.11,-1.,5.58));
#4367=CARTESIAN_POINT('',(1.43,-1.,5.58));
#4368=CARTESIAN_POINT('',(1.43,-1.,5.58));
#4369=CARTESIAN_POINT('',(1.43,-1.,5.58));
#4370=CARTESIAN_POINT('',(1.43,-1.,5.58));
#4371=CARTESIAN_POINT('',(1.43,-6.,5.58));
#4372=CARTESIAN_POINT('',(1.43,-6.,6.03));
#4373=CARTESIAN_POINT('',(1.43,-6.,6.67));
#4374=CARTESIAN_POINT('',(1.43,-1.,6.03));
#4375=CARTESIAN_POINT('',(1.43,-1.,5.58));
#4376=CARTESIAN_POINT('',(1.43,-7.64,5.58));
#4377=CARTESIAN_POINT('',(1.43,-7.64,5.58));
#4378=CARTESIAN_POINT('',(1.43,-7.64,7.12));
#4379=CARTESIAN_POINT('',(1.43,-1.,7.12));
#4380=CARTESIAN_POINT('',(1.43,-1.,7.12));
#4381=CARTESIAN_POINT('',(1.43,-1.,5.58));
#4382=CARTESIAN_POINT('',(1.43,-1.,6.67));
#4383=CARTESIAN_POINT('',(1.43,-1.,6.67));
#4384=CARTESIAN_POINT('',(1.43,-1.,5.58));
#4385=CARTESIAN_POINT('',(1.43,-7.64,5.58));
#4386=CARTESIAN_POINT('',(1.11,-7.64,5.58));
#4387=CARTESIAN_POINT('',(1.11,-1.,5.58));
#4388=CARTESIAN_POINT('',(1.11,-1.,5.58));
#4389=CARTESIAN_POINT('',(1.11,-1.,6.03));
#4390=CARTESIAN_POINT('',(1.11,-6.,6.03));
#4391=CARTESIAN_POINT('',(1.11,-6.,5.58));
#4392=CARTESIAN_POINT('',(1.11,-6.,6.67));
#4393=CARTESIAN_POINT('',(1.11,-1.,6.67));
#4394=CARTESIAN_POINT('',(1.11,-1.,6.67));
#4395=CARTESIAN_POINT('',(1.11,-1.,5.58));
#4396=CARTESIAN_POINT('',(1.11,-1.,7.12));
#4397=CARTESIAN_POINT('',(1.11,-1.,7.12));
#4398=CARTESIAN_POINT('',(1.11,-7.64,7.12));
#4399=CARTESIAN_POINT('',(1.11,-7.64,5.58));
#4400=CARTESIAN_POINT('',(1.43,-1.,7.12));
#4401=CARTESIAN_POINT('',(1.43,-7.64,7.12));
#4402=CARTESIAN_POINT('',(1.43,-1.,7.12));
#4403=CARTESIAN_POINT('',(0.,-1.,5.08));
#4404=CARTESIAN_POINT('',(0.,-1.,6.67));
#4405=CARTESIAN_POINT('',(0.,-6.,5.08));
#4406=CARTESIAN_POINT('',(0.95,-6.,6.67));
#4407=CARTESIAN_POINT('',(1.59,-6.,6.67));
#4408=CARTESIAN_POINT('',(1.59,-6.,6.03));
#4409=CARTESIAN_POINT('',(1.59,-6.,6.03));
#4410=CARTESIAN_POINT('',(0.95,-6.,6.03));
#4411=CARTESIAN_POINT('',(0.,-6.,5.08));
#4412=CARTESIAN_POINT('',(0.95,-6.,6.03));
#4413=CARTESIAN_POINT('',(0.95,-6.,6.03));
#4414=CARTESIAN_POINT('',(0.95,-6.,6.03));
#4415=CARTESIAN_POINT('',(0.95,-6.,6.67));
#4416=CARTESIAN_POINT('',(0.95,-6.,6.67));
#4417=CARTESIAN_POINT('',(0.95,-6.,6.03));
#4418=CARTESIAN_POINT('',(1.59,-6.,6.03));
#4419=CARTESIAN_POINT('',(1.59,-0.499999999999999,6.03));
#4420=CARTESIAN_POINT('',(0.95,-0.499999999999999,6.03));
#4421=CARTESIAN_POINT('',(0.95,-0.499999999999999,6.03));
#4422=CARTESIAN_POINT('',(0.95,-6.,6.03));
#4423=CARTESIAN_POINT('',(0.95,-6.,6.67));
#4424=CARTESIAN_POINT('',(0.95,-6.,6.67));
#4425=CARTESIAN_POINT('',(0.95,-0.499999999999999,6.67));
#4426=CARTESIAN_POINT('',(0.95,-0.499999999999999,6.67));
#4427=CARTESIAN_POINT('',(1.59,-0.499999999999999,6.67));
#4428=CARTESIAN_POINT('',(1.59,-6.,6.67));
#4429=CARTESIAN_POINT('',(0.95,-6.,6.03));
#4430=CARTESIAN_POINT('',(0.95,-0.499999999999999,6.03));
#4431=CARTESIAN_POINT('',(1.59,-6.,6.03));
#4432=CARTESIAN_POINT('',(1.59,-0.499999999999999,6.03));
#4433=CARTESIAN_POINT('',(1.59,-0.499999999999999,6.03));
#4434=CARTESIAN_POINT('',(1.37666666666667,-0.713333333333332,6.45666666666667));
#4435=CARTESIAN_POINT('',(2.09,0.,7.17));
#4436=CARTESIAN_POINT('',(2.09,0.,7.62));
#4437=CARTESIAN_POINT('',(2.09,0.,5.53));
#4438=CARTESIAN_POINT('',(1.37666666666667,-0.713333333333332,6.24333333333333));
#4439=CARTESIAN_POINT('',(0.95,-0.499999999999999,6.03));
#4440=CARTESIAN_POINT('',(0.,0.,5.53));
#4441=CARTESIAN_POINT('',(0.449999999999999,0.,5.53));
#4442=CARTESIAN_POINT('',(0.95,-0.499999999999999,6.03));
#4443=CARTESIAN_POINT('',(0.95,-0.499999999999999,6.67));
#4444=CARTESIAN_POINT('',(1.16333333333333,-0.713333333333332,6.45666666666667));
#4445=CARTESIAN_POINT('',(0.449999999999999,0.,7.17));
#4446=CARTESIAN_POINT('',(0.,0.,7.17));
#4447=CARTESIAN_POINT('',(0.95,-0.499999999999999,6.03));
#4448=CARTESIAN_POINT('',(0.449999999999999,0.,7.62));
#4449=CARTESIAN_POINT('',(0.,-1.,2.54));
#4450=CARTESIAN_POINT('',(0.,-1.,3.49));
#4451=CARTESIAN_POINT('',(1.11,-1.,3.49));
#4452=CARTESIAN_POINT('',(1.43,-1.,3.49));
#4453=CARTESIAN_POINT('',(1.11,-1.,3.04));
#4454=CARTESIAN_POINT('',(1.11,-1.,3.04));
#4455=CARTESIAN_POINT('',(1.43,-1.,3.04));
#4456=CARTESIAN_POINT('',(1.43,-1.,3.04));
#4457=CARTESIAN_POINT('',(1.43,-1.,3.04));
#4458=CARTESIAN_POINT('',(1.43,-1.,3.04));
#4459=CARTESIAN_POINT('',(1.43,-6.,3.04));
#4460=CARTESIAN_POINT('',(1.43,-6.,3.49));
#4461=CARTESIAN_POINT('',(1.43,-6.,4.13));
#4462=CARTESIAN_POINT('',(1.43,-1.,3.49));
#4463=CARTESIAN_POINT('',(1.43,-1.,3.04));
#4464=CARTESIAN_POINT('',(1.43,-7.64,3.04));
#4465=CARTESIAN_POINT('',(1.43,-7.64,3.04));
#4466=CARTESIAN_POINT('',(1.43,-7.64,4.58));
#4467=CARTESIAN_POINT('',(1.43,-1.,4.58));
#4468=CARTESIAN_POINT('',(1.43,-1.,4.58));
#4469=CARTESIAN_POINT('',(1.43,-1.,3.04));
#4470=CARTESIAN_POINT('',(1.43,-1.,4.13));
#4471=CARTESIAN_POINT('',(1.43,-1.,4.13));
#4472=CARTESIAN_POINT('',(1.43,-1.,3.04));
#4473=CARTESIAN_POINT('',(1.43,-7.64,3.04));
#4474=CARTESIAN_POINT('',(1.11,-7.64,3.04));
#4475=CARTESIAN_POINT('',(1.11,-1.,3.04));
#4476=CARTESIAN_POINT('',(1.11,-1.,3.04));
#4477=CARTESIAN_POINT('',(1.11,-1.,3.49));
#4478=CARTESIAN_POINT('',(1.11,-6.,3.49));
#4479=CARTESIAN_POINT('',(1.11,-6.,3.04));
#4480=CARTESIAN_POINT('',(1.11,-6.,4.13));
#4481=CARTESIAN_POINT('',(1.11,-1.,4.13));
#4482=CARTESIAN_POINT('',(1.11,-1.,4.13));
#4483=CARTESIAN_POINT('',(1.11,-1.,3.04));
#4484=CARTESIAN_POINT('',(1.11,-1.,4.58));
#4485=CARTESIAN_POINT('',(1.11,-1.,4.58));
#4486=CARTESIAN_POINT('',(1.11,-7.64,4.58));
#4487=CARTESIAN_POINT('',(1.11,-7.64,3.04));
#4488=CARTESIAN_POINT('',(1.43,-1.,4.58));
#4489=CARTESIAN_POINT('',(1.43,-7.64,4.58));
#4490=CARTESIAN_POINT('',(1.43,-1.,4.58));
#4491=CARTESIAN_POINT('',(0.,-1.,2.54));
#4492=CARTESIAN_POINT('',(0.,-1.,4.13));
#4493=CARTESIAN_POINT('',(0.,-6.,2.54));
#4494=CARTESIAN_POINT('',(0.95,-6.,4.13));
#4495=CARTESIAN_POINT('',(1.59,-6.,4.13));
#4496=CARTESIAN_POINT('',(1.59,-6.,3.49));
#4497=CARTESIAN_POINT('',(1.59,-6.,3.49));
#4498=CARTESIAN_POINT('',(0.95,-6.,3.49));
#4499=CARTESIAN_POINT('',(0.,-6.,2.54));
#4500=CARTESIAN_POINT('',(0.95,-6.,3.49));
#4501=CARTESIAN_POINT('',(0.95,-6.,3.49));
#4502=CARTESIAN_POINT('',(0.95,-6.,3.49));
#4503=CARTESIAN_POINT('',(0.95,-6.,4.13));
#4504=CARTESIAN_POINT('',(0.95,-6.,4.13));
#4505=CARTESIAN_POINT('',(0.95,-6.,3.49));
#4506=CARTESIAN_POINT('',(1.59,-6.,3.49));
#4507=CARTESIAN_POINT('',(1.59,-0.499999999999999,3.49));
#4508=CARTESIAN_POINT('',(0.95,-0.499999999999999,3.49));
#4509=CARTESIAN_POINT('',(0.95,-0.499999999999999,3.49));
#4510=CARTESIAN_POINT('',(0.95,-6.,3.49));
#4511=CARTESIAN_POINT('',(0.95,-6.,4.13));
#4512=CARTESIAN_POINT('',(0.95,-6.,4.13));
#4513=CARTESIAN_POINT('',(0.95,-0.499999999999999,4.13));
#4514=CARTESIAN_POINT('',(0.95,-0.499999999999999,4.13));
#4515=CARTESIAN_POINT('',(1.59,-0.499999999999999,4.13));
#4516=CARTESIAN_POINT('',(1.59,-6.,4.13));
#4517=CARTESIAN_POINT('',(0.95,-6.,3.49));
#4518=CARTESIAN_POINT('',(0.95,-0.499999999999999,3.49));
#4519=CARTESIAN_POINT('',(1.59,-6.,3.49));
#4520=CARTESIAN_POINT('',(1.59,-0.499999999999999,3.49));
#4521=CARTESIAN_POINT('',(1.59,-0.499999999999999,3.49));
#4522=CARTESIAN_POINT('',(1.37666666666667,-0.713333333333332,3.91666666666667));
#4523=CARTESIAN_POINT('',(2.09,0.,4.63));
#4524=CARTESIAN_POINT('',(2.09,0.,5.08));
#4525=CARTESIAN_POINT('',(2.09,0.,2.99));
#4526=CARTESIAN_POINT('',(1.37666666666667,-0.713333333333332,3.70333333333333));
#4527=CARTESIAN_POINT('',(0.95,-0.499999999999999,3.49));
#4528=CARTESIAN_POINT('',(0.,0.,2.99));
#4529=CARTESIAN_POINT('',(0.449999999999999,0.,2.99));
#4530=CARTESIAN_POINT('',(0.95,-0.499999999999999,3.49));
#4531=CARTESIAN_POINT('',(0.95,-0.499999999999999,4.13));
#4532=CARTESIAN_POINT('',(1.16333333333333,-0.713333333333332,3.91666666666667));
#4533=CARTESIAN_POINT('',(0.449999999999999,0.,4.63));
#4534=CARTESIAN_POINT('',(0.,0.,4.63));
#4535=CARTESIAN_POINT('',(0.95,-0.499999999999999,3.49));
#4536=CARTESIAN_POINT('',(0.449999999999999,0.,5.08));
#4537=CARTESIAN_POINT('',(0.95,-0.499999999999999,0.95));
#4538=CARTESIAN_POINT('',(0.95,-0.499999999999999,0.95));
#4539=CARTESIAN_POINT('',(0.95,-0.499999999999999,0.95));
#4540=CARTESIAN_POINT('',(0.449999999999999,0.,0.449999999999999));
#4541=CARTESIAN_POINT('',(0.449999999999999,0.,2.54));
#4542=CARTESIAN_POINT('',(0.449999999999999,0.,2.09));
#4543=CARTESIAN_POINT('',(1.16333333333333,-0.713333333333332,1.37666666666667));
#4544=CARTESIAN_POINT('',(0.95,-0.499999999999999,1.59));
#4545=CARTESIAN_POINT('',(0.95,-0.499999999999999,0.95));
#4546=CARTESIAN_POINT('',(0.95,-0.499999999999999,1.59));
#4547=CARTESIAN_POINT('',(1.37666666666667,-0.713333333333332,1.37666666666667));
#4548=CARTESIAN_POINT('',(2.09,0.,2.09));
#4549=CARTESIAN_POINT('',(1.59,-0.499999999999999,1.59));
#4550=CARTESIAN_POINT('',(0.95,-0.499999999999999,1.59));
#4551=CARTESIAN_POINT('',(0.,0.,2.09));
#4552=CARTESIAN_POINT('',(0.95,-0.499999999999999,0.95));
#4553=CARTESIAN_POINT('',(1.37666666666667,-0.713333333333332,1.16333333333333));
#4554=CARTESIAN_POINT('',(1.59,-0.499999999999999,0.95));
#4555=CARTESIAN_POINT('',(2.09,0.,0.449999999999999));
#4556=CARTESIAN_POINT('',(0.,0.,0.449999999999999));
#4557=CARTESIAN_POINT('',(0.95,-0.499999999999999,0.95));
#4558=CARTESIAN_POINT('',(1.59,-0.499999999999999,0.95));
#4559=CARTESIAN_POINT('',(2.09,0.,2.54));
#4560=CARTESIAN_POINT('',(1.59,-0.499999999999999,0.95));
#4561=CARTESIAN_POINT('',(1.59,-6.,0.95));
#4562=CARTESIAN_POINT('',(1.59,-6.,1.59));
#4563=CARTESIAN_POINT('',(1.59,-6.,1.59));
#4564=CARTESIAN_POINT('',(1.59,-6.,0.95));
#4565=CARTESIAN_POINT('',(1.59,-6.,0.95));
#4566=CARTESIAN_POINT('',(1.59,-6.,0.95));
#4567=CARTESIAN_POINT('',(0.95,-6.,0.95));
#4568=CARTESIAN_POINT('',(0.95,-6.,0.95));
#4569=CARTESIAN_POINT('',(0.95,-6.,0.95));
#4570=CARTESIAN_POINT('',(0.95,-6.,1.59));
#4571=CARTESIAN_POINT('',(0.95,-6.,1.59));
#4572=CARTESIAN_POINT('',(0.95,-6.,0.95));
#4573=CARTESIAN_POINT('',(0.95,-6.,1.59));
#4574=CARTESIAN_POINT('',(0.95,-6.,1.59));
#4575=CARTESIAN_POINT('',(1.43,-6.,1.59));
#4576=CARTESIAN_POINT('',(1.43,-1.,1.59));
#4577=CARTESIAN_POINT('',(1.43,-1.,1.59));
#4578=CARTESIAN_POINT('',(0.,-1.,1.59));
#4579=CARTESIAN_POINT('',(1.11,-1.,1.59));
#4580=CARTESIAN_POINT('',(1.11,-1.,1.59));
#4581=CARTESIAN_POINT('',(1.11,-6.,1.59));
#4582=CARTESIAN_POINT('',(0.95,-6.,1.59));
#4583=CARTESIAN_POINT('',(0.95,-6.,0.95));
#4584=CARTESIAN_POINT('',(0.95,-6.,0.95));
#4585=CARTESIAN_POINT('',(1.11,-6.,0.95));
#4586=CARTESIAN_POINT('',(1.11,-1.,0.95));
#4587=CARTESIAN_POINT('',(1.11,-1.,0.95));
#4588=CARTESIAN_POINT('',(0.,-1.,0.95));
#4589=CARTESIAN_POINT('',(1.43,-1.,0.95));
#4590=CARTESIAN_POINT('',(1.43,-1.,0.95));
#4591=CARTESIAN_POINT('',(1.43,-6.,0.95));
#4592=CARTESIAN_POINT('',(0.95,-6.,0.95));
#4593=CARTESIAN_POINT('',(0.,-6.,0.));
#4594=CARTESIAN_POINT('',(1.11,-6.,0.5));
#4595=CARTESIAN_POINT('',(0.,-6.,0.));
#4596=CARTESIAN_POINT('',(1.43,-6.,0.5));
#4597=CARTESIAN_POINT('',(0.,-1.,0.));
#4598=CARTESIAN_POINT('',(1.43,-1.,0.5));
#4599=CARTESIAN_POINT('',(1.43,-1.,2.04));
#4600=CARTESIAN_POINT('',(1.43,-1.,2.04));
#4601=CARTESIAN_POINT('',(1.11,-1.,2.04));
#4602=CARTESIAN_POINT('',(1.11,-1.,0.5));
#4603=CARTESIAN_POINT('',(1.43,-1.,2.04));
#4604=CARTESIAN_POINT('',(1.43,-7.64,2.04));
#4605=CARTESIAN_POINT('',(1.43,-7.64,2.04));
#4606=CARTESIAN_POINT('',(1.11,-7.64,2.04));
#4607=CARTESIAN_POINT('',(1.11,-1.,2.04));
#4608=CARTESIAN_POINT('',(1.43,-1.,2.04));
#4609=CARTESIAN_POINT('',(1.11,-1.,0.5));
#4610=CARTESIAN_POINT('',(1.11,-1.,0.5));
#4611=CARTESIAN_POINT('',(1.11,-1.,0.5));
#4612=CARTESIAN_POINT('',(1.11,-7.64,0.5));
#4613=CARTESIAN_POINT('',(1.11,-7.64,0.5));
#4614=CARTESIAN_POINT('',(1.11,-1.,0.5));
#4615=CARTESIAN_POINT('',(1.43,-1.,0.5));
#4616=CARTESIAN_POINT('',(1.43,-7.64,0.5));
#4617=CARTESIAN_POINT('',(1.43,-7.64,0.5));
#4618=CARTESIAN_POINT('',(1.43,-1.,0.5));
#4619=CARTESIAN_POINT('',(1.43,-1.,0.5));
#4620=CARTESIAN_POINT('',(1.43,-1.,0.5));
#4621=CARTESIAN_POINT('',(1.43,-1.,0.5));
#4622=CARTESIAN_POINT('',(1.43,-1.,0.5));
#4623=CARTESIAN_POINT('',(1.43,-7.64,0.5));
#4624=CARTESIAN_POINT('',(0.840000000000001,-8.5,2.541));
#4625=CARTESIAN_POINT('',(0.840000000000001,-8.5,2.541));
#4626=CARTESIAN_POINT('',(0.840000000000001,-8.5,0.));
#4627=CARTESIAN_POINT('',(0.840000000000001,-8.5,0.));
#4628=CARTESIAN_POINT('',(0.840000000000001,-7.64,0.));
#4629=CARTESIAN_POINT('',(0.840000000000001,-7.64,2.541));
#4630=CARTESIAN_POINT('',(1.7,-7.64,2.541));
#4631=CARTESIAN_POINT('',(1.7,-7.64,0.));
#4632=CARTESIAN_POINT('',(1.7,-7.64,0.));
#4633=CARTESIAN_POINT('',(1.7,-7.64,2.541));
#4634=CARTESIAN_POINT('',(1.7,-8.5,2.541));
#4635=CARTESIAN_POINT('',(1.7,-8.5,0.));
#4636=CARTESIAN_POINT('',(1.7,-8.5,0.));
#4637=CARTESIAN_POINT('',(1.7,-8.5,2.541));
#4638=CARTESIAN_POINT('',(0.,0.,0.));
#4639=CARTESIAN_POINT('',(0.,-8.5,0.));
#4640=CARTESIAN_POINT('',(2.54,-8.5,0.));
#4641=CARTESIAN_POINT('',(0.,-8.5,0.));
#4642=CARTESIAN_POINT('',(0.,-8.5,0.));
#4643=CARTESIAN_POINT('',(0.,0.,0.));
#4644=CARTESIAN_POINT('',(0.,0.,0.));
#4645=CARTESIAN_POINT('',(0.,0.,0.));
#4646=CARTESIAN_POINT('',(2.54,0.,0.));
#4647=CARTESIAN_POINT('',(2.54,0.,0.));
#4648=CARTESIAN_POINT('',(0.,0.,2.54));
#4649=CARTESIAN_POINT('',(0.,0.,2.54));
#4650=CARTESIAN_POINT('',(2.54,0.,2.54));
#4651=CARTESIAN_POINT('',(2.54,0.,2.54));
#4652=CARTESIAN_POINT('',(2.54,-8.5,2.54));
#4653=CARTESIAN_POINT('',(0.,-8.5,2.54));
#4654=CARTESIAN_POINT('',(0.,-8.5,2.54));
#4655=CARTESIAN_POINT('',(0.,0.,2.54));
#4656=CARTESIAN_POINT('',(0.,-8.5,2.54));
#4657=CARTESIAN_POINT('',(0.,-1.,0.));
#4658=CARTESIAN_POINT('',(1.59,-6.,1.27));
#4659=CARTESIAN_POINT('',(1.59,-1.36525862986235,1.49));
#4660=CARTESIAN_POINT('',(1.59,-1.57853885369152,1.59));
#4661=CARTESIAN_POINT('',(1.59,-1.36525862986235,1.49));
#4662=CARTESIAN_POINT('',(1.59,-1.36525862986235,1.49));
#4663=CARTESIAN_POINT('',(1.59,-1.,1.94));
#4664=CARTESIAN_POINT('',(1.59,-7.19,2.04));
#4665=CARTESIAN_POINT('',(1.59,-7.19,2.04));
#4666=CARTESIAN_POINT('',(1.59,-7.64,1.59));
#4667=CARTESIAN_POINT('',(1.59,-7.64,1.59));
#4668=CARTESIAN_POINT('',(1.59,-16.64,1.59));
#4669=CARTESIAN_POINT('',(1.59,-16.64,1.59));
#4670=CARTESIAN_POINT('',(1.59,-16.64,1.59));
#4671=CARTESIAN_POINT('',(1.59,-17.64,1.35));
#4672=CARTESIAN_POINT('',(1.59,-17.64,1.19));
#4673=CARTESIAN_POINT('',(1.59,-17.64,1.19));
#4674=CARTESIAN_POINT('',(1.59,-17.64,1.19));
#4675=CARTESIAN_POINT('',(1.59,-16.64,0.949999999999999));
#4676=CARTESIAN_POINT('',(1.59,-7.64,0.95));
#4677=CARTESIAN_POINT('',(1.59,-7.64,0.95));
#4678=CARTESIAN_POINT('',(1.59,-7.19,0.5));
#4679=CARTESIAN_POINT('',(1.59,-7.19,0.5));
#4680=CARTESIAN_POINT('',(1.59,-1.,0.6));
#4681=CARTESIAN_POINT('',(1.59,-1.,0.6));
#4682=CARTESIAN_POINT('',(1.59,-1.36525862986235,1.05));
#4683=CARTESIAN_POINT('',(1.59,-1.36525862986235,1.05));
#4684=CARTESIAN_POINT('',(1.59,-1.36525862986235,1.05));
#4685=CARTESIAN_POINT('',(1.59,-1.57853885369152,0.95));
#4686=CARTESIAN_POINT('',(1.59,-6.,0.95));
#4687=CARTESIAN_POINT('',(1.59,-6.,0.95));
#4688=CARTESIAN_POINT('',(1.59,-6.,1.27));
#4689=CARTESIAN_POINT('',(1.59,-6.,1.59));
#4690=CARTESIAN_POINT('',(1.59,-1.57853885369152,1.59));
#4691=CARTESIAN_POINT('',(0.950000000000001,-6.,1.27));
#4692=CARTESIAN_POINT('',(0.950000000000001,-1.36525862986235,1.49));
#4693=CARTESIAN_POINT('',(0.950000000000001,-1.57853885369152,1.59));
#4694=CARTESIAN_POINT('',(0.950000000000001,-1.36525862986235,1.49));
#4695=CARTESIAN_POINT('',(0.950000000000001,-1.57853885369152,1.59));
#4696=CARTESIAN_POINT('',(0.950000000000001,-6.,1.59));
#4697=CARTESIAN_POINT('',(0.950000000000001,-6.,1.27));
#4698=CARTESIAN_POINT('',(0.950000000000001,-6.,0.95));
#4699=CARTESIAN_POINT('',(0.950000000000001,-6.,0.95));
#4700=CARTESIAN_POINT('',(0.950000000000001,-1.57853885369152,0.95));
#4701=CARTESIAN_POINT('',(0.950000000000001,-1.36525862986235,1.05));
#4702=CARTESIAN_POINT('',(0.950000000000001,-1.36525862986235,1.05));
#4703=CARTESIAN_POINT('',(0.950000000000001,-1.36525862986235,1.05));
#4704=CARTESIAN_POINT('',(0.950000000000001,-1.,0.6));
#4705=CARTESIAN_POINT('',(0.950000000000001,-1.,0.6));
#4706=CARTESIAN_POINT('',(0.950000000000001,-7.19,0.5));
#4707=CARTESIAN_POINT('',(0.950000000000001,-7.19,0.5));
#4708=CARTESIAN_POINT('',(0.950000000000001,-7.64,0.95));
#4709=CARTESIAN_POINT('',(0.950000000000001,-7.64,0.95));
#4710=CARTESIAN_POINT('',(0.950000000000001,-16.64,0.949999999999999));
#4711=CARTESIAN_POINT('',(0.950000000000001,-17.64,1.19));
#4712=CARTESIAN_POINT('',(0.950000000000001,-17.64,1.19));
#4713=CARTESIAN_POINT('',(0.950000000000001,-17.64,1.19));
#4714=CARTESIAN_POINT('',(0.950000000000001,-17.64,1.35));
#4715=CARTESIAN_POINT('',(0.950000000000001,-16.64,1.59));
#4716=CARTESIAN_POINT('',(0.950000000000001,-16.64,1.59));
#4717=CARTESIAN_POINT('',(0.950000000000001,-16.64,1.59));
#4718=CARTESIAN_POINT('',(0.950000000000001,-7.64,1.59));
#4719=CARTESIAN_POINT('',(0.950000000000001,-7.64,1.59));
#4720=CARTESIAN_POINT('',(0.950000000000001,-7.19,2.04));
#4721=CARTESIAN_POINT('',(0.950000000000001,-7.19,2.04));
#4722=CARTESIAN_POINT('',(0.950000000000001,-1.,1.94));
#4723=CARTESIAN_POINT('',(0.950000000000001,-1.36525862986235,1.49));
#4724=CARTESIAN_POINT('',(0.950000000000001,-1.36525862986235,1.49));
#4725=CARTESIAN_POINT('',(0.950000000000001,-1.,1.94));
#4726=CARTESIAN_POINT('',(0.950000000000001,-1.36525862986235,1.49));
#4727=CARTESIAN_POINT('',(0.950000000000001,-7.19,2.04));
#4728=CARTESIAN_POINT('',(0.950000000000001,-7.19,2.04));
#4729=CARTESIAN_POINT('',(0.950000000000001,-7.64,1.59));
#4730=CARTESIAN_POINT('',(0.950000000000001,-7.64,1.59));
#4731=CARTESIAN_POINT('',(0.950000000000001,-16.64,1.59));
#4732=CARTESIAN_POINT('',(0.950000000000001,-16.64,1.59));
#4733=CARTESIAN_POINT('',(0.950000000000001,-16.64,1.59));
#4734=CARTESIAN_POINT('',(0.950000000000001,-17.64,1.35));
#4735=CARTESIAN_POINT('',(0.950000000000001,-17.64,1.19));
#4736=CARTESIAN_POINT('',(0.950000000000001,-17.64,1.19));
#4737=CARTESIAN_POINT('',(0.950000000000001,-17.64,1.19));
#4738=CARTESIAN_POINT('',(0.950000000000001,-16.64,0.949999999999999));
#4739=CARTESIAN_POINT('',(0.950000000000001,-7.64,0.95));
#4740=CARTESIAN_POINT('',(0.950000000000001,-7.64,0.95));
#4741=CARTESIAN_POINT('',(0.950000000000001,-7.19,0.5));
#4742=CARTESIAN_POINT('',(0.950000000000001,-7.19,0.5));
#4743=CARTESIAN_POINT('',(0.950000000000001,-1.,0.6));
#4744=CARTESIAN_POINT('',(0.950000000000001,-1.,0.6));
#4745=CARTESIAN_POINT('',(0.950000000000001,-1.36525862986235,1.05));
#4746=CARTESIAN_POINT('',(0.950000000000001,-1.36525862986235,1.05));
#4747=CARTESIAN_POINT('',(0.950000000000001,-1.36525862986235,1.05));
#4748=CARTESIAN_POINT('',(0.950000000000001,-1.57853885369152,0.95));
#4749=CARTESIAN_POINT('',(0.950000000000001,-6.,0.95));
#4750=CARTESIAN_POINT('',(0.950000000000001,-6.,0.95));
#4751=CARTESIAN_POINT('',(0.950000000000001,-6.,1.27));
#4752=CARTESIAN_POINT('',(0.950000000000001,-6.,1.59));
#4753=CARTESIAN_POINT('',(0.950000000000001,-1.57853885369152,1.59));
#4754=CARTESIAN_POINT('',(0.950000000000001,-1.57853885369152,1.59));
#4755=CARTESIAN_POINT('',(0.950000000000001,-1.36525862986235,1.49));
#4756=CARTESIAN_POINT('',(1.59,-6.,3.81));
#4757=CARTESIAN_POINT('',(1.59,-1.36525862986235,4.03));
#4758=CARTESIAN_POINT('',(1.59,-1.57853885369152,4.13));
#4759=CARTESIAN_POINT('',(1.59,-1.36525862986235,4.03));
#4760=CARTESIAN_POINT('',(1.59,-1.36525862986235,4.03));
#4761=CARTESIAN_POINT('',(1.59,-1.,4.48));
#4762=CARTESIAN_POINT('',(1.59,-7.19,4.58));
#4763=CARTESIAN_POINT('',(1.59,-7.19,4.58));
#4764=CARTESIAN_POINT('',(1.59,-7.64,4.13));
#4765=CARTESIAN_POINT('',(1.59,-7.64,4.13));
#4766=CARTESIAN_POINT('',(1.59,-16.64,4.13));
#4767=CARTESIAN_POINT('',(1.59,-16.64,4.13));
#4768=CARTESIAN_POINT('',(1.59,-16.64,4.13));
#4769=CARTESIAN_POINT('',(1.59,-17.64,3.89));
#4770=CARTESIAN_POINT('',(1.59,-17.64,3.73));
#4771=CARTESIAN_POINT('',(1.59,-17.64,3.73));
#4772=CARTESIAN_POINT('',(1.59,-17.64,3.73));
#4773=CARTESIAN_POINT('',(1.59,-16.64,3.49));
#4774=CARTESIAN_POINT('',(1.59,-7.64,3.49));
#4775=CARTESIAN_POINT('',(1.59,-7.64,3.49));
#4776=CARTESIAN_POINT('',(1.59,-7.19,3.04));
#4777=CARTESIAN_POINT('',(1.59,-7.19,3.04));
#4778=CARTESIAN_POINT('',(1.59,-1.,3.14));
#4779=CARTESIAN_POINT('',(1.59,-1.,3.14));
#4780=CARTESIAN_POINT('',(1.59,-1.36525862986235,3.59));
#4781=CARTESIAN_POINT('',(1.59,-1.36525862986235,3.59));
#4782=CARTESIAN_POINT('',(1.59,-1.36525862986235,3.59));
#4783=CARTESIAN_POINT('',(1.59,-1.57853885369152,3.49));
#4784=CARTESIAN_POINT('',(1.59,-6.,3.49));
#4785=CARTESIAN_POINT('',(1.59,-6.,3.49));
#4786=CARTESIAN_POINT('',(1.59,-6.,3.81));
#4787=CARTESIAN_POINT('',(1.59,-6.,4.13));
#4788=CARTESIAN_POINT('',(1.59,-1.57853885369152,4.13));
#4789=CARTESIAN_POINT('',(0.950000000000001,-6.,3.81));
#4790=CARTESIAN_POINT('',(0.950000000000001,-1.36525862986235,4.03));
#4791=CARTESIAN_POINT('',(0.950000000000001,-1.57853885369152,4.13));
#4792=CARTESIAN_POINT('',(0.950000000000001,-1.36525862986235,4.03));
#4793=CARTESIAN_POINT('',(0.950000000000001,-1.57853885369152,4.13));
#4794=CARTESIAN_POINT('',(0.950000000000001,-6.,4.13));
#4795=CARTESIAN_POINT('',(0.950000000000001,-6.,3.81));
#4796=CARTESIAN_POINT('',(0.950000000000001,-6.,3.49));
#4797=CARTESIAN_POINT('',(0.950000000000001,-6.,3.49));
#4798=CARTESIAN_POINT('',(0.950000000000001,-1.57853885369152,3.49));
#4799=CARTESIAN_POINT('',(0.950000000000001,-1.36525862986235,3.59));
#4800=CARTESIAN_POINT('',(0.950000000000001,-1.36525862986235,3.59));
#4801=CARTESIAN_POINT('',(0.950000000000001,-1.36525862986235,3.59));
#4802=CARTESIAN_POINT('',(0.950000000000001,-1.,3.14));
#4803=CARTESIAN_POINT('',(0.950000000000001,-1.,3.14));
#4804=CARTESIAN_POINT('',(0.950000000000001,-7.19,3.04));
#4805=CARTESIAN_POINT('',(0.950000000000001,-7.19,3.04));
#4806=CARTESIAN_POINT('',(0.950000000000001,-7.64,3.49));
#4807=CARTESIAN_POINT('',(0.950000000000001,-7.64,3.49));
#4808=CARTESIAN_POINT('',(0.950000000000001,-16.64,3.49));
#4809=CARTESIAN_POINT('',(0.950000000000001,-17.64,3.73));
#4810=CARTESIAN_POINT('',(0.950000000000001,-17.64,3.73));
#4811=CARTESIAN_POINT('',(0.950000000000001,-17.64,3.73));
#4812=CARTESIAN_POINT('',(0.950000000000001,-17.64,3.89));
#4813=CARTESIAN_POINT('',(0.950000000000001,-16.64,4.13));
#4814=CARTESIAN_POINT('',(0.950000000000001,-16.64,4.13));
#4815=CARTESIAN_POINT('',(0.950000000000001,-16.64,4.13));
#4816=CARTESIAN_POINT('',(0.950000000000001,-7.64,4.13));
#4817=CARTESIAN_POINT('',(0.950000000000001,-7.64,4.13));
#4818=CARTESIAN_POINT('',(0.950000000000001,-7.19,4.58));
#4819=CARTESIAN_POINT('',(0.950000000000001,-7.19,4.58));
#4820=CARTESIAN_POINT('',(0.950000000000001,-1.,4.48));
#4821=CARTESIAN_POINT('',(0.950000000000001,-1.36525862986235,4.03));
#4822=CARTESIAN_POINT('',(0.950000000000001,-1.36525862986235,4.03));
#4823=CARTESIAN_POINT('',(0.950000000000001,-1.,4.48));
#4824=CARTESIAN_POINT('',(0.950000000000001,-1.36525862986235,4.03));
#4825=CARTESIAN_POINT('',(0.950000000000001,-7.19,4.58));
#4826=CARTESIAN_POINT('',(0.950000000000001,-7.19,4.58));
#4827=CARTESIAN_POINT('',(0.950000000000001,-7.64,4.13));
#4828=CARTESIAN_POINT('',(0.950000000000001,-7.64,4.13));
#4829=CARTESIAN_POINT('',(0.950000000000001,-16.64,4.13));
#4830=CARTESIAN_POINT('',(0.950000000000001,-16.64,4.13));
#4831=CARTESIAN_POINT('',(0.950000000000001,-16.64,4.13));
#4832=CARTESIAN_POINT('',(0.950000000000001,-17.64,3.89));
#4833=CARTESIAN_POINT('',(0.950000000000001,-17.64,3.73));
#4834=CARTESIAN_POINT('',(0.950000000000001,-17.64,3.73));
#4835=CARTESIAN_POINT('',(0.950000000000001,-17.64,3.73));
#4836=CARTESIAN_POINT('',(0.950000000000001,-16.64,3.49));
#4837=CARTESIAN_POINT('',(0.950000000000001,-7.64,3.49));
#4838=CARTESIAN_POINT('',(0.950000000000001,-7.64,3.49));
#4839=CARTESIAN_POINT('',(0.950000000000001,-7.19,3.04));
#4840=CARTESIAN_POINT('',(0.950000000000001,-7.19,3.04));
#4841=CARTESIAN_POINT('',(0.950000000000001,-1.,3.14));
#4842=CARTESIAN_POINT('',(0.950000000000001,-1.,3.14));
#4843=CARTESIAN_POINT('',(0.950000000000001,-1.36525862986235,3.59));
#4844=CARTESIAN_POINT('',(0.950000000000001,-1.36525862986235,3.59));
#4845=CARTESIAN_POINT('',(0.950000000000001,-1.36525862986235,3.59));
#4846=CARTESIAN_POINT('',(0.950000000000001,-1.57853885369152,3.49));
#4847=CARTESIAN_POINT('',(0.950000000000001,-6.,3.49));
#4848=CARTESIAN_POINT('',(0.950000000000001,-6.,3.49));
#4849=CARTESIAN_POINT('',(0.950000000000001,-6.,3.81));
#4850=CARTESIAN_POINT('',(0.950000000000001,-6.,4.13));
#4851=CARTESIAN_POINT('',(0.950000000000001,-1.57853885369152,4.13));
#4852=CARTESIAN_POINT('',(0.950000000000001,-1.57853885369152,4.13));
#4853=CARTESIAN_POINT('',(0.950000000000001,-1.36525862986235,4.03));
#4854=CARTESIAN_POINT('',(1.59,-6.,6.35));
#4855=CARTESIAN_POINT('',(1.59,-1.36525862986235,6.57));
#4856=CARTESIAN_POINT('',(1.59,-1.57853885369152,6.67));
#4857=CARTESIAN_POINT('',(1.59,-1.36525862986235,6.57));
#4858=CARTESIAN_POINT('',(1.59,-1.36525862986235,6.57));
#4859=CARTESIAN_POINT('',(1.59,-1.,7.02));
#4860=CARTESIAN_POINT('',(1.59,-7.19,7.12));
#4861=CARTESIAN_POINT('',(1.59,-7.19,7.12));
#4862=CARTESIAN_POINT('',(1.59,-7.64,6.67));
#4863=CARTESIAN_POINT('',(1.59,-7.64,6.67));
#4864=CARTESIAN_POINT('',(1.59,-16.64,6.67));
#4865=CARTESIAN_POINT('',(1.59,-16.64,6.67));
#4866=CARTESIAN_POINT('',(1.59,-16.64,6.67));
#4867=CARTESIAN_POINT('',(1.59,-17.64,6.43));
#4868=CARTESIAN_POINT('',(1.59,-17.64,6.27));
#4869=CARTESIAN_POINT('',(1.59,-17.64,6.27));
#4870=CARTESIAN_POINT('',(1.59,-17.64,6.27));
#4871=CARTESIAN_POINT('',(1.59,-16.64,6.03));
#4872=CARTESIAN_POINT('',(1.59,-7.64,6.03));
#4873=CARTESIAN_POINT('',(1.59,-7.64,6.03));
#4874=CARTESIAN_POINT('',(1.59,-7.19,5.58));
#4875=CARTESIAN_POINT('',(1.59,-7.19,5.58));
#4876=CARTESIAN_POINT('',(1.59,-1.,5.68));
#4877=CARTESIAN_POINT('',(1.59,-1.,5.68));
#4878=CARTESIAN_POINT('',(1.59,-1.36525862986235,6.13));
#4879=CARTESIAN_POINT('',(1.59,-1.36525862986235,6.13));
#4880=CARTESIAN_POINT('',(1.59,-1.36525862986235,6.13));
#4881=CARTESIAN_POINT('',(1.59,-1.57853885369152,6.03));
#4882=CARTESIAN_POINT('',(1.59,-6.,6.03));
#4883=CARTESIAN_POINT('',(1.59,-6.,6.03));
#4884=CARTESIAN_POINT('',(1.59,-6.,6.35));
#4885=CARTESIAN_POINT('',(1.59,-6.,6.67));
#4886=CARTESIAN_POINT('',(1.59,-1.57853885369152,6.67));
#4887=CARTESIAN_POINT('',(0.950000000000001,-6.,6.35));
#4888=CARTESIAN_POINT('',(0.950000000000001,-1.36525862986235,6.57));
#4889=CARTESIAN_POINT('',(0.950000000000001,-1.57853885369152,6.67));
#4890=CARTESIAN_POINT('',(0.950000000000001,-1.36525862986235,6.57));
#4891=CARTESIAN_POINT('',(0.950000000000001,-1.57853885369152,6.67));
#4892=CARTESIAN_POINT('',(0.950000000000001,-6.,6.67));
#4893=CARTESIAN_POINT('',(0.950000000000001,-6.,6.35));
#4894=CARTESIAN_POINT('',(0.950000000000001,-6.,6.03));
#4895=CARTESIAN_POINT('',(0.950000000000001,-6.,6.03));
#4896=CARTESIAN_POINT('',(0.950000000000001,-1.57853885369152,6.03));
#4897=CARTESIAN_POINT('',(0.950000000000001,-1.36525862986235,6.13));
#4898=CARTESIAN_POINT('',(0.950000000000001,-1.36525862986235,6.13));
#4899=CARTESIAN_POINT('',(0.950000000000001,-1.36525862986235,6.13));
#4900=CARTESIAN_POINT('',(0.950000000000001,-1.,5.68));
#4901=CARTESIAN_POINT('',(0.950000000000001,-1.,5.68));
#4902=CARTESIAN_POINT('',(0.950000000000001,-7.19,5.58));
#4903=CARTESIAN_POINT('',(0.950000000000001,-7.19,5.58));
#4904=CARTESIAN_POINT('',(0.950000000000001,-7.64,6.03));
#4905=CARTESIAN_POINT('',(0.950000000000001,-7.64,6.03));
#4906=CARTESIAN_POINT('',(0.950000000000001,-16.64,6.03));
#4907=CARTESIAN_POINT('',(0.950000000000001,-17.64,6.27));
#4908=CARTESIAN_POINT('',(0.950000000000001,-17.64,6.27));
#4909=CARTESIAN_POINT('',(0.950000000000001,-17.64,6.27));
#4910=CARTESIAN_POINT('',(0.950000000000001,-17.64,6.43));
#4911=CARTESIAN_POINT('',(0.950000000000001,-16.64,6.67));
#4912=CARTESIAN_POINT('',(0.950000000000001,-16.64,6.67));
#4913=CARTESIAN_POINT('',(0.950000000000001,-16.64,6.67));
#4914=CARTESIAN_POINT('',(0.950000000000001,-7.64,6.67));
#4915=CARTESIAN_POINT('',(0.950000000000001,-7.64,6.67));
#4916=CARTESIAN_POINT('',(0.950000000000001,-7.19,7.12));
#4917=CARTESIAN_POINT('',(0.950000000000001,-7.19,7.12));
#4918=CARTESIAN_POINT('',(0.950000000000001,-1.,7.02));
#4919=CARTESIAN_POINT('',(0.950000000000001,-1.36525862986235,6.57));
#4920=CARTESIAN_POINT('',(0.950000000000001,-1.36525862986235,6.57));
#4921=CARTESIAN_POINT('',(0.950000000000001,-1.,7.02));
#4922=CARTESIAN_POINT('',(0.950000000000001,-1.36525862986235,6.57));
#4923=CARTESIAN_POINT('',(0.950000000000001,-7.19,7.12));
#4924=CARTESIAN_POINT('',(0.950000000000001,-7.19,7.12));
#4925=CARTESIAN_POINT('',(0.950000000000001,-7.64,6.67));
#4926=CARTESIAN_POINT('',(0.950000000000001,-7.64,6.67));
#4927=CARTESIAN_POINT('',(0.950000000000001,-16.64,6.67));
#4928=CARTESIAN_POINT('',(0.950000000000001,-16.64,6.67));
#4929=CARTESIAN_POINT('',(0.950000000000001,-16.64,6.67));
#4930=CARTESIAN_POINT('',(0.950000000000001,-17.64,6.43));
#4931=CARTESIAN_POINT('',(0.950000000000001,-17.64,6.27));
#4932=CARTESIAN_POINT('',(0.950000000000001,-17.64,6.27));
#4933=CARTESIAN_POINT('',(0.950000000000001,-17.64,6.27));
#4934=CARTESIAN_POINT('',(0.950000000000001,-16.64,6.03));
#4935=CARTESIAN_POINT('',(0.950000000000001,-7.64,6.03));
#4936=CARTESIAN_POINT('',(0.950000000000001,-7.64,6.03));
#4937=CARTESIAN_POINT('',(0.950000000000001,-7.19,5.58));
#4938=CARTESIAN_POINT('',(0.950000000000001,-7.19,5.58));
#4939=CARTESIAN_POINT('',(0.950000000000001,-1.,5.68));
#4940=CARTESIAN_POINT('',(0.950000000000001,-1.,5.68));
#4941=CARTESIAN_POINT('',(0.950000000000001,-1.36525862986235,6.13));
#4942=CARTESIAN_POINT('',(0.950000000000001,-1.36525862986235,6.13));
#4943=CARTESIAN_POINT('',(0.950000000000001,-1.36525862986235,6.13));
#4944=CARTESIAN_POINT('',(0.950000000000001,-1.57853885369152,6.03));
#4945=CARTESIAN_POINT('',(0.950000000000001,-6.,6.03));
#4946=CARTESIAN_POINT('',(0.950000000000001,-6.,6.03));
#4947=CARTESIAN_POINT('',(0.950000000000001,-6.,6.35));
#4948=CARTESIAN_POINT('',(0.950000000000001,-6.,6.67));
#4949=CARTESIAN_POINT('',(0.950000000000001,-1.57853885369152,6.67));
#4950=CARTESIAN_POINT('',(0.950000000000001,-1.57853885369152,6.67));
#4951=CARTESIAN_POINT('',(0.950000000000001,-1.36525862986235,6.57));
#4952=CARTESIAN_POINT('',(1.59,-6.,8.89));
#4953=CARTESIAN_POINT('',(1.59,-1.36525862986235,9.11));
#4954=CARTESIAN_POINT('',(1.59,-1.57853885369152,9.21));
#4955=CARTESIAN_POINT('',(1.59,-1.36525862986235,9.11));
#4956=CARTESIAN_POINT('',(1.59,-1.36525862986235,9.11));
#4957=CARTESIAN_POINT('',(1.59,-1.,9.56));
#4958=CARTESIAN_POINT('',(1.59,-7.19,9.66));
#4959=CARTESIAN_POINT('',(1.59,-7.19,9.66));
#4960=CARTESIAN_POINT('',(1.59,-7.64,9.21));
#4961=CARTESIAN_POINT('',(1.59,-7.64,9.21));
#4962=CARTESIAN_POINT('',(1.59,-16.64,9.21));
#4963=CARTESIAN_POINT('',(1.59,-16.64,9.21));
#4964=CARTESIAN_POINT('',(1.59,-16.64,9.21));
#4965=CARTESIAN_POINT('',(1.59,-17.64,8.97));
#4966=CARTESIAN_POINT('',(1.59,-17.64,8.81));
#4967=CARTESIAN_POINT('',(1.59,-17.64,8.81));
#4968=CARTESIAN_POINT('',(1.59,-17.64,8.81));
#4969=CARTESIAN_POINT('',(1.59,-16.64,8.57));
#4970=CARTESIAN_POINT('',(1.59,-7.64,8.57));
#4971=CARTESIAN_POINT('',(1.59,-7.64,8.57));
#4972=CARTESIAN_POINT('',(1.59,-7.19,8.12));
#4973=CARTESIAN_POINT('',(1.59,-7.19,8.12));
#4974=CARTESIAN_POINT('',(1.59,-1.,8.22));
#4975=CARTESIAN_POINT('',(1.59,-1.,8.22));
#4976=CARTESIAN_POINT('',(1.59,-1.36525862986235,8.67));
#4977=CARTESIAN_POINT('',(1.59,-1.36525862986235,8.67));
#4978=CARTESIAN_POINT('',(1.59,-1.36525862986235,8.67));
#4979=CARTESIAN_POINT('',(1.59,-1.57853885369152,8.57));
#4980=CARTESIAN_POINT('',(1.59,-6.,8.57));
#4981=CARTESIAN_POINT('',(1.59,-6.,8.57));
#4982=CARTESIAN_POINT('',(1.59,-6.,8.89));
#4983=CARTESIAN_POINT('',(1.59,-6.,9.21));
#4984=CARTESIAN_POINT('',(1.59,-1.57853885369152,9.21));
#4985=CARTESIAN_POINT('',(0.950000000000001,-6.,8.89));
#4986=CARTESIAN_POINT('',(0.950000000000001,-1.36525862986235,9.11));
#4987=CARTESIAN_POINT('',(0.950000000000001,-1.57853885369152,9.21));
#4988=CARTESIAN_POINT('',(0.950000000000001,-1.36525862986235,9.11));
#4989=CARTESIAN_POINT('',(0.950000000000001,-1.57853885369152,9.21));
#4990=CARTESIAN_POINT('',(0.950000000000001,-6.,9.21));
#4991=CARTESIAN_POINT('',(0.950000000000001,-6.,8.89));
#4992=CARTESIAN_POINT('',(0.950000000000001,-6.,8.57));
#4993=CARTESIAN_POINT('',(0.950000000000001,-6.,8.57));
#4994=CARTESIAN_POINT('',(0.950000000000001,-1.57853885369152,8.57));
#4995=CARTESIAN_POINT('',(0.950000000000001,-1.36525862986235,8.67));
#4996=CARTESIAN_POINT('',(0.950000000000001,-1.36525862986235,8.67));
#4997=CARTESIAN_POINT('',(0.950000000000001,-1.36525862986235,8.67));
#4998=CARTESIAN_POINT('',(0.950000000000001,-1.,8.22));
#4999=CARTESIAN_POINT('',(0.950000000000001,-1.,8.22));
#5000=CARTESIAN_POINT('',(0.950000000000001,-7.19,8.12));
#5001=CARTESIAN_POINT('',(0.950000000000001,-7.19,8.12));
#5002=CARTESIAN_POINT('',(0.950000000000001,-7.64,8.57));
#5003=CARTESIAN_POINT('',(0.950000000000001,-7.64,8.57));
#5004=CARTESIAN_POINT('',(0.950000000000001,-16.64,8.57));
#5005=CARTESIAN_POINT('',(0.950000000000001,-17.64,8.81));
#5006=CARTESIAN_POINT('',(0.950000000000001,-17.64,8.81));
#5007=CARTESIAN_POINT('',(0.950000000000001,-17.64,8.81));
#5008=CARTESIAN_POINT('',(0.950000000000001,-17.64,8.97));
#5009=CARTESIAN_POINT('',(0.950000000000001,-16.64,9.21));
#5010=CARTESIAN_POINT('',(0.950000000000001,-16.64,9.21));
#5011=CARTESIAN_POINT('',(0.950000000000001,-16.64,9.21));
#5012=CARTESIAN_POINT('',(0.950000000000001,-7.64,9.21));
#5013=CARTESIAN_POINT('',(0.950000000000001,-7.64,9.21));
#5014=CARTESIAN_POINT('',(0.950000000000001,-7.19,9.66));
#5015=CARTESIAN_POINT('',(0.950000000000001,-7.19,9.66));
#5016=CARTESIAN_POINT('',(0.950000000000001,-1.,9.56));
#5017=CARTESIAN_POINT('',(0.950000000000001,-1.36525862986235,9.11));
#5018=CARTESIAN_POINT('',(0.950000000000001,-1.36525862986235,9.11));
#5019=CARTESIAN_POINT('',(0.950000000000001,-1.,9.56));
#5020=CARTESIAN_POINT('',(0.950000000000001,-1.36525862986235,9.11));
#5021=CARTESIAN_POINT('',(0.950000000000001,-7.19,9.66));
#5022=CARTESIAN_POINT('',(0.950000000000001,-7.19,9.66));
#5023=CARTESIAN_POINT('',(0.950000000000001,-7.64,9.21));
#5024=CARTESIAN_POINT('',(0.950000000000001,-7.64,9.21));
#5025=CARTESIAN_POINT('',(0.950000000000001,-16.64,9.21));
#5026=CARTESIAN_POINT('',(0.950000000000001,-16.64,9.21));
#5027=CARTESIAN_POINT('',(0.950000000000001,-16.64,9.21));
#5028=CARTESIAN_POINT('',(0.950000000000001,-17.64,8.97));
#5029=CARTESIAN_POINT('',(0.950000000000001,-17.64,8.81));
#5030=CARTESIAN_POINT('',(0.950000000000001,-17.64,8.81));
#5031=CARTESIAN_POINT('',(0.950000000000001,-17.64,8.81));
#5032=CARTESIAN_POINT('',(0.950000000000001,-16.64,8.57));
#5033=CARTESIAN_POINT('',(0.950000000000001,-7.64,8.57));
#5034=CARTESIAN_POINT('',(0.950000000000001,-7.64,8.57));
#5035=CARTESIAN_POINT('',(0.950000000000001,-7.19,8.12));
#5036=CARTESIAN_POINT('',(0.950000000000001,-7.19,8.12));
#5037=CARTESIAN_POINT('',(0.950000000000001,-1.,8.22));
#5038=CARTESIAN_POINT('',(0.950000000000001,-1.,8.22));
#5039=CARTESIAN_POINT('',(0.950000000000001,-1.36525862986235,8.67));
#5040=CARTESIAN_POINT('',(0.950000000000001,-1.36525862986235,8.67));
#5041=CARTESIAN_POINT('',(0.950000000000001,-1.36525862986235,8.67));
#5042=CARTESIAN_POINT('',(0.950000000000001,-1.57853885369152,8.57));
#5043=CARTESIAN_POINT('',(0.950000000000001,-6.,8.57));
#5044=CARTESIAN_POINT('',(0.950000000000001,-6.,8.57));
#5045=CARTESIAN_POINT('',(0.950000000000001,-6.,8.89));
#5046=CARTESIAN_POINT('',(0.950000000000001,-6.,9.21));
#5047=CARTESIAN_POINT('',(0.950000000000001,-1.57853885369152,9.21));
#5048=CARTESIAN_POINT('',(0.950000000000001,-1.57853885369152,9.21));
#5049=CARTESIAN_POINT('',(0.950000000000001,-1.36525862986235,9.11));
#5050=CARTESIAN_POINT('',(0.,0.,0.));
#5051=CARTESIAN_POINT('',(0.,0.,10.16));
#5052=MECHANICAL_DESIGN_GEOMETRIC_PRESENTATION_REPRESENTATION('',(#2691,
#2692,#2693,#2694,#2695,#2696,#2697,#2698,#2699,#2700,#2701,#2702,#2703,
#2704,#2705,#2706,#2707,#2708,#2709,#2710,#2711,#2712,#2713,#2714,#2715,
#2716,#2717,#2718,#2719,#2720,#2721,#2722,#2723,#2724,#2725,#2726,#2727,
#2728,#2729,#2730,#2731,#2732,#2733,#2734,#2735,#2736,#2737,#2738,#2739,
#2740,#2741,#2742,#2743,#2744,#2745,#2746,#2747,#2748,#2749,#2750,#2751,
#2752,#2753,#2754,#2755,#2756,#2757,#2758,#2759,#2760,#2761,#2762,#2763,
#2764,#2765,#2766,#2767,#2768),#5053);
#5053=(
GEOMETRIC_REPRESENTATION_CONTEXT(3)
GLOBAL_UNCERTAINTY_ASSIGNED_CONTEXT((#5055))
GLOBAL_UNIT_ASSIGNED_CONTEXT((#5059,#5058,#5057))
REPRESENTATION_CONTEXT('Asm1','TOP_LEVEL_ASSEMBLY_PART')
);
#5054=(
GEOMETRIC_REPRESENTATION_CONTEXT(3)
GLOBAL_UNCERTAINTY_ASSIGNED_CONTEXT((#5056))
GLOBAL_UNIT_ASSIGNED_CONTEXT((#5059,#5058,#5057))
REPRESENTATION_CONTEXT('1x4','COMPONENT_PART')
);
#5055=UNCERTAINTY_MEASURE_WITH_UNIT(LENGTH_MEASURE(0.005),#5059,
'DISTANCE_ACCURACY_VALUE','Maximum Tolerance applied to model');
#5056=UNCERTAINTY_MEASURE_WITH_UNIT(LENGTH_MEASURE(0.005),#5059,
'DISTANCE_ACCURACY_VALUE','Maximum Tolerance applied to model');
#5057=(
NAMED_UNIT(*)
SI_UNIT($,.STERADIAN.)
SOLID_ANGLE_UNIT()
);
#5058=(
NAMED_UNIT(*)
PLANE_ANGLE_UNIT()
SI_UNIT($,.RADIAN.)
);
#5059=(
LENGTH_UNIT()
NAMED_UNIT(*)
SI_UNIT(.MILLI.,.METRE.)
);
#5060=PRODUCT_DEFINITION_SHAPE('','',#5064);
#5061=PRODUCT_DEFINITION_SHAPE('','',#5065);
#5062=PRODUCT_DEFINITION_SHAPE(' ','NAUO PRDDFN',#20);
#5063=PRODUCT_DEFINITION_SHAPE(' ','NAUO PRDDFN',#21);
#5064=PRODUCT_DEFINITION('','',#5068,#5066);
#5065=PRODUCT_DEFINITION('','',#5069,#5067);
#5066=PRODUCT_DEFINITION_CONTEXT('',#5079,'design');
#5067=PRODUCT_DEFINITION_CONTEXT('',#5079,'design');
#5068=PRODUCT_DEFINITION_FORMATION_WITH_SPECIFIED_SOURCE('','',#5072,
 .NOT_KNOWN.);
#5069=PRODUCT_DEFINITION_FORMATION_WITH_SPECIFIED_SOURCE('','',#5073,
 .NOT_KNOWN.);
#5070=PRODUCT_RELATED_PRODUCT_CATEGORY('','',(#5072));
#5071=PRODUCT_RELATED_PRODUCT_CATEGORY('','',(#5073));
#5072=PRODUCT('Asm1','Asm1','Asm1',(#5076));
#5073=PRODUCT('1x4','1x4','1x4',(#5077));
#5074=PRODUCT_CATEGORY('','');
#5075=PRODUCT_CATEGORY('','');
#5076=PRODUCT_CONTEXT('',#5079,'mechanical');
#5077=PRODUCT_CONTEXT('',#5079,'mechanical');
#5078=APPLICATION_PROTOCOL_DEFINITION('international standard',
'automotive_design',2010,#5079);
#5079=APPLICATION_CONTEXT(
'core data for automotive mechanical design processes');
ENDSEC;
END-ISO-10303-21;
