ISO-10303-21;
HEADER;
FILE_DESCRIPTION (( 'STEP AP214' ),
    '1' );
FILE_NAME ('TCST1202.STEP',
    '2023-08-09T22:16:34',
    ( '' ),
    ( '' ),
    'SwSTEP 2.0',
    'SolidWorks 2021',
    '' );
FILE_SCHEMA (( 'AUTOMOTIVE_DESIGN' ));
ENDSEC;

DATA;
#1 = DIRECTION ( 'NONE',  ( -0.000000000000000000, 0.000000000000000000, 1.000000000000000000 ) ) ;
#2 = DIRECTION ( 'NONE',  ( 1.000000000000000000, 0.000000000000000000, 0.000000000000000000 ) ) ;
#3 = CARTESIAN_POINT ( 'NONE',  ( -4.000000000000001776, -7.799999999999999822, 1.495000000000000329 ) ) ;
#4 = EDGE_CURVE ( 'NONE', #1949, #1820, #2063, .T. ) ;
#5 = ORIENTED_EDGE ( 'NONE', *, *, #2402, .T. ) ;
#6 = LINE ( 'NONE', #1067, #2526 ) ;
#7 = CARTESIAN_POINT ( 'NONE',  ( 3.568028846153845635, 11.10000000000000320, -2.671153846153846434 ) ) ;
#8 = EDGE_CURVE ( 'NONE', #1883, #3341, #2328, .T. ) ;
#9 = ORIENTED_EDGE ( 'NONE', *, *, #3051, .F. ) ;
#10 = FACE_OUTER_BOUND ( 'NONE', #2660, .T. ) ;
#11 = CARTESIAN_POINT ( 'NONE',  ( 3.888127524333389040, 10.90000000000000746, -1.608041557511499242 ) ) ;
#12 = EDGE_LOOP ( 'NONE', ( #3379, #2018, #1604, #2223 ) ) ;
#13 = LINE ( 'NONE', #253, #2664 ) ;
#14 = FACE_OUTER_BOUND ( 'NONE', #309, .T. ) ;
#15 = EDGE_CURVE ( 'NONE', #1730, #2784, #196, .T. ) ;
#16 = CARTESIAN_POINT ( 'NONE',  ( 3.375000000000000000, 10.90000000000000036, 0.7999999999999999334 ) ) ;
#17 = DIRECTION ( 'NONE',  ( 0.7071067811865474617, 0.000000000000000000, 0.7071067811865474617 ) ) ;
#18 = VECTOR ( 'NONE', #1107, 1000.000000000000000 ) ;
#19 = ORIENTED_EDGE ( 'NONE', *, *, #1939, .F. ) ;
#20 = DIRECTION ( 'NONE',  ( -1.000000000000000000, 0.000000000000000000, -0.000000000000000000 ) ) ;
#21 = CARTESIAN_POINT ( 'NONE',  ( 3.595612592157415577, 10.90000000000000036, -2.663916927991399231 ) ) ;
#22 = VECTOR ( 'NONE', #2100, 1000.000000000000000 ) ;
#23 = ORIENTED_EDGE ( 'NONE', *, *, #2998, .F. ) ;
#24 = DIRECTION ( 'NONE',  ( 1.000000000000000000, -0.000000000000000000, 1.239088197126290669E-15 ) ) ;
#25 = FILL_AREA_STYLE ('',( #2770 ) ) ;
#26 = VERTEX_POINT ( 'NONE', #690 ) ;
#27 = VECTOR ( 'NONE', #564, 1000.000000000000000 ) ;
#28 = EDGE_CURVE ( 'NONE', #876, #1536, #386, .T. ) ;
#29 = CARTESIAN_POINT ( 'NONE',  ( 3.374999999999999556, 11.09999999999999964, 1.875000000000000000 ) ) ;
#30 = CARTESIAN_POINT ( 'NONE',  ( 1.550000000000000266, 10.90000000000000036, -2.650000000000000799 ) ) ;
#31 = CARTESIAN_POINT ( 'NONE',  ( -4.000000000000001776, 0.000000000000000000, 1.045000000000000373 ) ) ;
#32 = CARTESIAN_POINT ( 'NONE',  ( -2.458974358974360008, 10.90000000000000036, 0.7000000000000000666 ) ) ;
#33 = VECTOR ( 'NONE', #3131, 1000.000000000000000 ) ;
#34 = AXIS2_PLACEMENT_3D ( 'NONE', #2315, #1750, #2821 ) ;
#35 = EDGE_LOOP ( 'NONE', ( #878, #1746, #1054, #2921 ) ) ;
#36 = CARTESIAN_POINT ( 'NONE',  ( -2.049999999999999822, 3.100000000000000533, 3.149999999999999023 ) ) ;
#37 = CARTESIAN_POINT ( 'NONE',  ( 3.796526684985857436, 11.09999999999999787, -2.577604581025331409 ) ) ;
#38 = ORIENTED_EDGE ( 'NONE', *, *, #2181, .T. ) ;
#39 = CARTESIAN_POINT ( 'NONE',  ( 3.218269230769230216, 10.90000000000000036, -2.469230769230769784 ) ) ;
#40 = ORIENTED_EDGE ( 'NONE', *, *, #1000, .T. ) ;
#41 = ADVANCED_FACE ( 'NONE', ( #733 ), #1497, .T. ) ;
#42 = EDGE_CURVE ( 'NONE', #2460, #2854, #671, .T. ) ;
#43 = ORIENTED_EDGE ( 'NONE', *, *, #1145, .F. ) ;
#44 = DIRECTION ( 'NONE',  ( -0.000000000000000000, 0.000000000000000000, 1.000000000000000000 ) ) ;
#45 = CARTESIAN_POINT ( 'NONE',  ( 2.812820512820512153, 10.90000000000000036, -2.469230769230769784 ) ) ;
#46 = CARTESIAN_POINT ( 'NONE',  ( 4.100000000000001421, 24.78707656525732261, 1.524999999999999911 ) ) ;
#47 = ORIENTED_EDGE ( 'NONE', *, *, #197, .T. ) ;
#48 = CARTESIAN_POINT ( 'NONE',  ( 3.897544611418270577, 11.10000000000000320, -2.494183693459658624 ) ) ;
#49 = CARTESIAN_POINT ( 'NONE',  ( 3.791290091480372215, 11.09999999999999964, -2.200181570845458179 ) ) ;
#50 = DIRECTION ( 'NONE',  ( 0.000000000000000000, 0.000000000000000000, 1.000000000000000000 ) ) ;
#51 = LINE ( 'NONE', #2208, #88 ) ;
#52 = ORIENTED_EDGE ( 'NONE', *, *, #83, .T. ) ;
#53 = ORIENTED_EDGE ( 'NONE', *, *, #817, .T. ) ;
#54 = AXIS2_PLACEMENT_3D ( 'NONE', #1987, #1764, #955 ) ;
#55 = CARTESIAN_POINT ( 'NONE',  ( 3.742501825154680439, 11.10000000000000320, -1.123724997849970819 ) ) ;
#56 = ORIENTED_EDGE ( 'NONE', *, *, #15, .F. ) ;
#57 = CARTESIAN_POINT ( 'NONE',  ( 1.550000000000000266, 10.90000000000000036, -2.650000000000000799 ) ) ;
#58 = CARTESIAN_POINT ( 'NONE',  ( -1.550000000000000266, 3.100000000000000533, -2.650000000000000355 ) ) ;
#59 = VERTEX_POINT ( 'NONE', #2566 ) ;
#60 = EDGE_CURVE ( 'NONE', #498, #1809, #1519, .T. ) ;
#61 = VECTOR ( 'NONE', #3274, 1000.000000000000000 ) ;
#62 = LINE ( 'NONE', #100, #2943 ) ;
#63 = ADVANCED_FACE ( 'NONE', ( #2815 ), #158, .T. ) ;
#64 = EDGE_CURVE ( 'NONE', #2546, #348, #711, .T. ) ;
#65 = VERTEX_POINT ( 'NONE', #3018 ) ;
#66 = CARTESIAN_POINT ( 'NONE',  ( -3.375000000000000000, 11.09999999999999964, -1.874999999999999556 ) ) ;
#67 = CARTESIAN_POINT ( 'NONE',  ( 3.218269230769230216, 10.90000000000000036, -2.469230769230769784 ) ) ;
#68 = VECTOR ( 'NONE', #364, 1000.000000000000000 ) ;
#69 = ORIENTED_EDGE ( 'NONE', *, *, #1959, .T. ) ;
#70 = PLANE ( 'NONE',  #725 ) ;
#71 = CARTESIAN_POINT ( 'NONE',  ( 3.548798076923076472, 10.90000000000000036, -2.427964743589743346 ) ) ;
#72 = ORIENTED_EDGE ( 'NONE', *, *, #2778, .F. ) ;
#73 = STYLED_ITEM ( 'NONE', ( #2510 ), #3474 ) ;
#74 = FACE_OUTER_BOUND ( 'NONE', #2641, .T. ) ;
#75 = ORIENTED_EDGE ( 'NONE', *, *, #2402, .F. ) ;
#76 = CARTESIAN_POINT ( 'NONE',  ( 2.812820512820512153, 24.78707656525732261, -2.469230769230769784 ) ) ;
#77 = DIRECTION ( 'NONE',  ( -1.000000000000000000, 0.000000000000000000, 0.000000000000000000 ) ) ;
#78 = ORIENTED_EDGE ( 'NONE', *, *, #1882, .T. ) ;
#79 = VECTOR ( 'NONE', #550, 1000.000000000000000 ) ;
#80 = EDGE_CURVE ( 'NONE', #2768, #978, #2674, .T. ) ;
#81 = CARTESIAN_POINT ( 'NONE',  ( -1.549999999999999600, 7.100000000000000533, -0.2500000000000000000 ) ) ;
#82 = SURFACE_STYLE_USAGE ( .BOTH. , #3000 ) ;
#83 = EDGE_CURVE ( 'NONE', #171, #2276, #1673, .T. ) ;
#84 = CARTESIAN_POINT ( 'NONE',  ( 3.332830314730303556, 10.90000000000000036, -0.7009781573292647172 ) ) ;
#85 = DIRECTION ( 'NONE',  ( 1.000000000000000000, 0.000000000000000000, 0.000000000000000000 ) ) ;
#86 = LINE ( 'NONE', #844, #1053 ) ;
#87 = AXIS2_PLACEMENT_3D ( 'NONE', #1653, #1904, #2973 ) ;
#88 = VECTOR ( 'NONE', #873, 1000.000000000000000 ) ;
#89 = AXIS2_PLACEMENT_3D ( 'NONE', #3360, #2342, #682 ) ;
#90 = VERTEX_POINT ( 'NONE', #1655 ) ;
#91 = DIRECTION ( 'NONE',  ( -1.000000000000000000, 0.000000000000000000, 0.000000000000000000 ) ) ;
#92 = EDGE_LOOP ( 'NONE', ( #1327, #1057, #1007, #313 ) ) ;
#93 = EDGE_CURVE ( 'NONE', #1836, #1883, #3248, .T. ) ;
#94 = CARTESIAN_POINT ( 'NONE',  ( -3.599999999999972999, 0.000000000000000000, -1.044999999999998819 ) ) ;
#95 = ORIENTED_EDGE ( 'NONE', *, *, #60, .F. ) ;
#96 = CARTESIAN_POINT ( 'NONE',  ( 2.050000000000004707, 7.100000000000000533, 0.2500000000000000000 ) ) ;
#97 = DIRECTION ( 'NONE',  ( -0.000000000000000000, -1.000000000000000000, -0.000000000000000000 ) ) ;
#98 = ORIENTED_EDGE ( 'NONE', *, *, #324, .F. ) ;
#99 = EDGE_CURVE ( 'NONE', #2854, #3391, #2187, .T. ) ;
#100 = CARTESIAN_POINT ( 'NONE',  ( -4.950000000000001066, 10.90000000000000036, -3.149999999999999911 ) ) ;
#101 = ORIENTED_EDGE ( 'NONE', *, *, #383, .F. ) ;
#102 = CARTESIAN_POINT ( 'NONE',  ( 3.568028846153845635, 11.09999999999999964, -2.671153846153846434 ) ) ;
#103 = DIRECTION ( 'NONE',  ( -1.000000000000000000, -0.000000000000000000, -0.000000000000000000 ) ) ;
#104 = FACE_OUTER_BOUND ( 'NONE', #1259, .T. ) ;
#105 = EDGE_LOOP ( 'NONE', ( #251, #1748, #2721, #579 ) ) ;
#106 = FACE_OUTER_BOUND ( 'NONE', #968, .T. ) ;
#107 = CARTESIAN_POINT ( 'NONE',  ( 1.550000000000000266, 10.90000000000000036, 2.649999999999994138 ) ) ;
#108 = DIRECTION ( 'NONE',  ( -1.000000000000000000, -0.000000000000000000, -0.000000000000000000 ) ) ;
#109 = ORIENTED_EDGE ( 'NONE', *, *, #2706, .T. ) ;
#110 = CARTESIAN_POINT ( 'NONE',  ( -3.587179487179488202, 11.09999999999999964, 2.469230769230769784 ) ) ;
#111 = DIRECTION ( 'NONE',  ( 0.000000000000000000, 0.000000000000000000, -1.000000000000000000 ) ) ;
#112 = VECTOR ( 'NONE', #797, 1000.000000000000000 ) ;
#113 = ORIENTED_EDGE ( 'NONE', *, *, #2145, .F. ) ;
#114 = CARTESIAN_POINT ( 'NONE',  ( 3.694040606428656837, 11.09999999999999964, -0.7745657103940014609 ) ) ;
#115 = LINE ( 'NONE', #3077, #2493 ) ;
#116 = EDGE_CURVE ( 'NONE', #769, #1014, #2406, .T. ) ;
#117 = ORIENTED_EDGE ( 'NONE', *, *, #2781, .T. ) ;
#118 = DIRECTION ( 'NONE',  ( 0.000000000000000000, 0.000000000000000000, 1.000000000000000000 ) ) ;
#119 = EDGE_LOOP ( 'NONE', ( #9, #2956, #1679, #2083 ) ) ;
#120 = CARTESIAN_POINT ( 'NONE',  ( 3.312009685268636261, 10.90000000000000036, -0.9320705310053478687 ) ) ;
#121 = DIRECTION ( 'NONE',  ( 9.637352644315598694E-16, 0.000000000000000000, -1.000000000000000000 ) ) ;
#122 = ORIENTED_EDGE ( 'NONE', *, *, #1689, .F. ) ;
#123 = ADVANCED_FACE ( 'NONE', ( #2743 ), #1611, .F. ) ;
#124 = CARTESIAN_POINT ( 'NONE',  ( 3.218269230769230216, 11.09999999999999964, -2.469230769230769784 ) ) ;
#125 = LINE ( 'NONE', #1487, #2318 ) ;
#126 = CARTESIAN_POINT ( 'NONE',  ( 3.462266912523560780, 10.90000000000000746, -0.9498855950119002856 ) ) ;
#127 = B_SPLINE_CURVE_WITH_KNOTS ( 'NONE', 3,
 ( #1196, #335, #1442, #669, #2761, #3091, #3056, #1743, #3019, #2509, #3366, #951, #2255, #350, #1727, #114, #1404, #2271, #2796, #384, #615, #2780, #3328 ),
 .UNSPECIFIED., .F., .F.,
 ( 4, 1, 1, 1, 1, 1, 1, 1, 1, 1, 1, 1, 1, 1, 1, 1, 1, 1, 1, 1, 4 ),
 ( 0.000000000000000000, 0.07053769134858835221, 0.1372646867459543230, 0.2004717800514642656, 0.2605726507386386115, 0.3172033328322663159, 0.3700059665960386268, 0.4198240769487198709, 0.4662405666681539440, 0.5101335732312353155, 0.5520810507302985615, 0.5918629642582051709, 0.6303363934104363464, 0.6687155633051179437, 0.7087060924827753849, 0.7508955766676818078, 0.7952853503774168775, 0.8419800983167449182, 0.8917647923814723265, 0.9442941902680852539, 1.000000000000000000 ),
 .UNSPECIFIED. ) ;
#128 = VECTOR ( 'NONE', #2520, 1000.000000000000000 ) ;
#129 = DIRECTION ( 'NONE',  ( -0.000000000000000000, 0.000000000000000000, -1.000000000000000000 ) ) ;
#130 = ORIENTED_EDGE ( 'NONE', *, *, #411, .F. ) ;
#131 = LINE ( 'NONE', #3308, #356 ) ;
#132 = FACE_OUTER_BOUND ( 'NONE', #371, .T. ) ;
#133 = ORIENTED_EDGE ( 'NONE', *, *, #1994, .F. ) ;
#134 = CARTESIAN_POINT ( 'NONE',  ( 3.236565885942086496, 10.90000000000000036, -2.469011564095961120 ) ) ;
#135 = VECTOR ( 'NONE', #2913, 1000.000000000000000 ) ;
#136 = ORIENTED_EDGE ( 'NONE', *, *, #736, .T. ) ;
#137 = CARTESIAN_POINT ( 'NONE',  ( 2.050000000000004707, 7.100000000000000533, -0.2500000000000000000 ) ) ;
#138 = ORIENTED_EDGE ( 'NONE', *, *, #3365, .T. ) ;
#139 = CARTESIAN_POINT ( 'NONE',  ( 4.152512072541798105, 11.10000000000000320, -1.963119612482168819 ) ) ;
#140 = PLANE ( 'NONE',  #1726 ) ;
#141 = ORIENTED_EDGE ( 'NONE', *, *, #632, .F. ) ;
#142 = VECTOR ( 'NONE', #1828, 1000.000000000000000 ) ;
#143 = VERTEX_POINT ( 'NONE', #2681 ) ;
#144 = ADVANCED_FACE ( 'NONE', ( #2975 ), #2987, .F. ) ;
#145 = LINE ( 'NONE', #2262, #1280 ) ;
#146 = CARTESIAN_POINT ( 'NONE',  ( 1.550000000000000266, -7.516648189186458495, -2.650000000000000799 ) ) ;
#147 = CARTESIAN_POINT ( 'NONE',  ( 3.568028846153845635, 11.10000000000000320, -2.671153846153846434 ) ) ;
#148 = VECTOR ( 'NONE', #715, 1000.000000000000000 ) ;
#149 = AXIS2_PLACEMENT_3D ( 'NONE', #1151, #2442, #2769 ) ;
#150 = CARTESIAN_POINT ( 'NONE',  ( 3.876406785409833855, 11.09999999999999787, -1.930197961723172373 ) ) ;
#151 = ORIENTED_EDGE ( 'NONE', *, *, #816, .F. ) ;
#152 = EDGE_CURVE ( 'NONE', #90, #581, #1077, .T. ) ;
#153 = CARTESIAN_POINT ( 'NONE',  ( 3.247115384615384404, 11.09999999999999964, -0.6999999999999999556 ) ) ;
#154 = DIRECTION ( 'NONE',  ( -1.000000000000000000, 0.000000000000000000, -2.990902544787597113E-16 ) ) ;
#155 = EDGE_LOOP ( 'NONE', ( #1169, #691, #1119, #1492 ) ) ;
#156 = EDGE_CURVE ( 'NONE', #2768, #3256, #2422, .T. ) ;
#157 = CARTESIAN_POINT ( 'NONE',  ( 3.697435897435897179, 10.90000000000000036, -1.072195512820512731 ) ) ;
#158 = PLANE ( 'NONE',  #1168 ) ;
#159 = ORIENTED_EDGE ( 'NONE', *, *, #741, .F. ) ;
#160 = CARTESIAN_POINT ( 'NONE',  ( 4.170212162216653695, 10.89999999999999858, -1.602155238295611905 ) ) ;
#161 = CARTESIAN_POINT ( 'NONE',  ( -4.950000000000001066, 10.90000000000000036, 3.149999999999999911 ) ) ;
#162 = LINE ( 'NONE', #1201, #3069 ) ;
#163 = VERTEX_POINT ( 'NONE', #2464 ) ;
#164 = ORIENTED_EDGE ( 'NONE', *, *, #2473, .F. ) ;
#165 = CARTESIAN_POINT ( 'NONE',  ( 1.550000000000000266, 10.90000000000000036, 0.2500000000000000000 ) ) ;
#166 = CARTESIAN_POINT ( 'NONE',  ( 2.812820512820512153, 10.90000000000098090, -2.469230769230769784 ) ) ;
#167 = DIRECTION ( 'NONE',  ( -0.000000000000000000, -0.000000000000000000, -1.000000000000000000 ) ) ;
#168 = DIRECTION ( 'NONE',  ( 0.000000000000000000, 0.000000000000000000, -1.000000000000000000 ) ) ;
#169 = VERTEX_POINT ( 'NONE', #32 ) ;
#170 = LINE ( 'NONE', #2081, #3236 ) ;
#171 = VERTEX_POINT ( 'NONE', #584 ) ;
#172 = EDGE_CURVE ( 'NONE', #2104, #1789, #3260, .T. ) ;
#173 = CARTESIAN_POINT ( 'NONE',  ( 3.780247165281269695, 10.89999999999999858, -1.184271728614435304 ) ) ;
#174 = AXIS2_PLACEMENT_3D ( 'NONE', #1692, #293, #1909 ) ;
#175 = ORIENTED_EDGE ( 'NONE', *, *, #1889, .T. ) ;
#176 = CARTESIAN_POINT ( 'NONE',  ( 3.312009685268636261, 11.09999999999999964, -0.9320705310053478687 ) ) ;
#177 = LINE ( 'NONE', #161, #2982 ) ;
#178 = PLANE ( 'NONE',  #3358 ) ;
#179 = ADVANCED_FACE ( 'NONE', ( #276 ), #2712, .F. ) ;
#180 = DIRECTION ( 'NONE',  ( 0.000000000000000000, 0.000000000000000000, -1.000000000000000000 ) ) ;
#181 = ORIENTED_EDGE ( 'NONE', *, *, #816, .T. ) ;
#182 = EDGE_CURVE ( 'NONE', #2310, #2768, #1094, .T. ) ;
#183 = VECTOR ( 'NONE', #3137, 1000.000000000000000 ) ;
#184 = ORIENTED_EDGE ( 'NONE', *, *, #828, .T. ) ;
#185 = DIRECTION ( 'NONE',  ( -0.000000000000000000, -1.000000000000000000, -0.000000000000000000 ) ) ;
#186 = LINE ( 'NONE', #1735, #1641 ) ;
#187 = CARTESIAN_POINT ( 'NONE',  ( 3.312009685268636261, 11.10000000000000142, -0.9320705310053478687 ) ) ;
#188 = ADVANCED_FACE ( 'NONE', ( #2451 ), #1331, .F. ) ;
#189 = CARTESIAN_POINT ( 'NONE',  ( -3.869230769230770584, 10.90000000000000036, 2.700000000000000178 ) ) ;
#190 = EDGE_LOOP ( 'NONE', ( #2307, #38, #2953, #3065 ) ) ;
#191 = DIRECTION ( 'NONE',  ( 0.000000000000000000, -0.000000000000000000, 1.000000000000000000 ) ) ;
#192 = FACE_OUTER_BOUND ( 'NONE', #2580, .T. ) ;
#193 = ORIENTED_EDGE ( 'NONE', *, *, #1638, .T. ) ;
#194 = VECTOR ( 'NONE', #3171, 1000.000000000000000 ) ;
#195 = CARTESIAN_POINT ( 'NONE',  ( 3.813162939718458766, 10.90000000000000213, -1.252398394000925563 ) ) ;
#196 = LINE ( 'NONE', #2022, #2078 ) ;
#197 = EDGE_CURVE ( 'NONE', #1087, #1116, #2200, .T. ) ;
#198 =( GEOMETRIC_REPRESENTATION_CONTEXT ( 3 ) GLOBAL_UNCERTAINTY_ASSIGNED_CONTEXT ( ( #832 ) ) GLOBAL_UNIT_ASSIGNED_CONTEXT ( ( #3057, #2688, #885 ) ) REPRESENTATION_CONTEXT ( 'NONE', 'WORKASPACE' ) );
#199 = ORIENTED_EDGE ( 'NONE', *, *, #1206, .F. ) ;
#200 = CARTESIAN_POINT ( 'NONE',  ( 3.462266912523560780, 11.10000000000000320, -0.9498855950119002856 ) ) ;
#201 = CARTESIAN_POINT ( 'NONE',  ( 2.050000000000004707, 3.100000000000000089, -3.149999999999999911 ) ) ;
#202 = DIRECTION ( 'NONE',  ( 0.000000000000000000, 0.000000000000000000, -1.000000000000000000 ) ) ;
#203 = VECTOR ( 'NONE', #507, 1000.000000000000000 ) ;
#204 = CARTESIAN_POINT ( 'NONE',  ( -2.050000000000002931, 10.90000000000000036, -3.150000000000003020 ) ) ;
#205 = ADVANCED_FACE ( 'NONE', ( #866 ), #2698, .F. ) ;
#206 = ORIENTED_EDGE ( 'NONE', *, *, #444, .F. ) ;
#207 = ORIENTED_EDGE ( 'NONE', *, *, #2708, .T. ) ;
#208 = CARTESIAN_POINT ( 'NONE',  ( 3.276240613098987620, 11.09999999999999609, -0.7003323698178314238 ) ) ;
#209 = FACE_OUTER_BOUND ( 'NONE', #2589, .T. ) ;
#210 = DIRECTION ( 'NONE',  ( -1.000000000000000000, -0.000000000000000000, -0.000000000000000000 ) ) ;
#211 = DIRECTION ( 'NONE',  ( 0.7071067811865474617, -0.000000000000000000, 0.7071067811865474617 ) ) ;
#212 = ORIENTED_EDGE ( 'NONE', *, *, #99, .F. ) ;
#213 = PRESENTATION_LAYER_ASSIGNMENT (  '', '', ( #1849 ) ) ;
#214 = LINE ( 'NONE', #1549, #1090 ) ;
#215 = DIRECTION ( 'NONE',  ( 1.000000000000000000, 0.000000000000000000, 0.000000000000000000 ) ) ;
#216 = ORIENTED_EDGE ( 'NONE', *, *, #1355, .T. ) ;
#217 = VECTOR ( 'NONE', #1468, 1000.000000000000000 ) ;
#218 = EDGE_CURVE ( 'NONE', #348, #2109, #3234, .T. ) ;
#219 = LINE ( 'NONE', #3439, #1596 ) ;
#220 = ORIENTED_EDGE ( 'NONE', *, *, #1882, .F. ) ;
#221 = LINE ( 'NONE', #3423, #3185 ) ;
#222 = PLANE ( 'NONE',  #856 ) ;
#223 = DIRECTION ( 'NONE',  ( -1.000000000000000000, 0.000000000000000000, 0.000000000000000000 ) ) ;
#224 = CARTESIAN_POINT ( 'NONE',  ( 4.094239300777680057, 11.09999999999999432, -2.186235798088041360 ) ) ;
#225 = ORIENTED_EDGE ( 'NONE', *, *, #437, .F. ) ;
#226 = FACE_OUTER_BOUND ( 'NONE', #3017, .T. ) ;
#227 = CARTESIAN_POINT ( 'NONE',  ( -2.050000000000004263, 10.90000000000000036, 0.2500000000000000000 ) ) ;
#228 = ADVANCED_FACE ( 'NONE', ( #291 ), #2170, .F. ) ;
#229 = ORIENTED_EDGE ( 'NONE', *, *, #1933, .T. ) ;
#230 = CARTESIAN_POINT ( 'NONE',  ( 3.375000000000000000, 24.78707656525732261, 1.524999999999999911 ) ) ;
#231 = DIRECTION ( 'NONE',  ( 0.000000000000000000, -0.000000000000000000, 1.000000000000000000 ) ) ;
#232 = DIRECTION ( 'NONE',  ( -0.000000000000000000, 1.000000000000000000, -0.000000000000000000 ) ) ;
#233 = SURFACE_STYLE_FILL_AREA ( #1004 ) ;
#234 = ORIENTED_EDGE ( 'NONE', *, *, #3122, .T. ) ;
#235 = UNCERTAINTY_MEASURE_WITH_UNIT (LENGTH_MEASURE( 1.000000000000000082E-05 ), #3028, 'distance_accuracy_value', 'NONE');
#236 = DIRECTION ( 'NONE',  ( 0.000000000000000000, 0.000000000000000000, -1.000000000000000000 ) ) ;
#237 = ORIENTED_EDGE ( 'NONE', *, *, #2799, .T. ) ;
#238 = PLANE ( 'NONE',  #2280 ) ;
#239 = CARTESIAN_POINT ( 'NONE',  ( -3.587179487179488202, 11.09999999999999964, 1.546153846153845990 ) ) ;
#240 = LINE ( 'NONE', #975, #935 ) ;
#241 = LINE ( 'NONE', #30, #2455 ) ;
#242 = AXIS2_PLACEMENT_3D ( 'NONE', #146, #2301, #3373 ) ;
#243 = ORIENTED_EDGE ( 'NONE', *, *, #2882, .T. ) ;
#244 = FACE_OUTER_BOUND ( 'NONE', #248, .T. ) ;
#245 = CARTESIAN_POINT ( 'NONE',  ( 2.812820512820512153, 11.09999999999999964, -2.469230769230769784 ) ) ;
#246 = AXIS2_PLACEMENT_3D ( 'NONE', #853, #319, #3216 ) ;
#247 = EDGE_CURVE ( 'NONE', #3120, #673, #2294, .T. ) ;
#248 = EDGE_LOOP ( 'NONE', ( #53, #2627, #3384, #43 ) ) ;
#249 = DIRECTION ( 'NONE',  ( 0.000000000000000000, 0.000000000000000000, -1.000000000000000000 ) ) ;
#250 = CARTESIAN_POINT ( 'NONE',  ( 3.742501825154680439, 10.90000000000000391, -1.123724997849970819 ) ) ;
#251 = ORIENTED_EDGE ( 'NONE', *, *, #3025, .F. ) ;
#252 = LINE ( 'NONE', #3225, #2909 ) ;
#253 = CARTESIAN_POINT ( 'NONE',  ( -4.950000000000001066, 10.90000000000000036, 3.149999999999999911 ) ) ;
#254 = ORIENTED_EDGE ( 'NONE', *, *, #2419, .T. ) ;
#255 = CARTESIAN_POINT ( 'NONE',  ( 3.534926834352096314, 10.90000000000000036, -2.678473068307235749 ) ) ;
#256 = DIRECTION ( 'NONE',  ( -0.000000000000000000, -1.000000000000000000, -0.000000000000000000 ) ) ;
#257 = CARTESIAN_POINT ( 'NONE',  ( 3.600000000000000089, -7.799999999999999822, -1.044999999999998819 ) ) ;
#258 = PRESENTATION_LAYER_ASSIGNMENT (  '', '', ( #73 ) ) ;
#259 = DIRECTION ( 'NONE',  ( 0.000000000000000000, -0.000000000000000000, -1.000000000000000000 ) ) ;
#260 = DIRECTION ( 'NONE',  ( 0.000000000000000000, -0.000000000000000000, 1.000000000000000000 ) ) ;
#261 = AXIS2_PLACEMENT_3D ( 'NONE', #370, #1182, #618 ) ;
#262 = EDGE_CURVE ( 'NONE', #1859, #2730, #1954, .T. ) ;
#263 = VERTEX_POINT ( 'NONE', #367 ) ;
#264 = PLANE ( 'NONE',  #1504 ) ;
#265 = CARTESIAN_POINT ( 'NONE',  ( 3.780247165281269695, 10.90000000000000036, -1.184271728614435304 ) ) ;
#266 = ORIENTED_EDGE ( 'NONE', *, *, #2799, .F. ) ;
#267 = DIRECTION ( 'NONE',  ( -0.000000000000000000, -1.000000000000000000, -0.000000000000000000 ) ) ;
#268 = EDGE_CURVE ( 'NONE', #3155, #3139, #3291, .T. ) ;
#269 = VECTOR ( 'NONE', #3238, 1000.000000000000000 ) ;
#270 = CARTESIAN_POINT ( 'NONE',  ( 3.218269230769230216, 11.09999999999999964, -2.469230769230769784 ) ) ;
#271 = VECTOR ( 'NONE', #3212, 1000.000000000000000 ) ;
#272 = AXIS2_PLACEMENT_3D ( 'NONE', #1755, #1453, #129 ) ;
#273 = EDGE_CURVE ( 'NONE', #2784, #2572, #62, .T. ) ;
#274 = CARTESIAN_POINT ( 'NONE',  ( 3.712190597147766002, 11.09999999999999964, -1.089066397686375698 ) ) ;
#275 = DIRECTION ( 'NONE',  ( 0.000000000000000000, 0.000000000000000000, -1.000000000000000000 ) ) ;
#276 = FACE_OUTER_BOUND ( 'NONE', #1242, .T. ) ;
#277 = ORIENTED_EDGE ( 'NONE', *, *, #1197, .T. ) ;
#278 = CARTESIAN_POINT ( 'NONE',  ( 4.091912122772559002, 11.10000000000000142, -1.224439025304374651 ) ) ;
#279 = VECTOR ( 'NONE', #932, 1000.000000000000000 ) ;
#280 = DIRECTION ( 'NONE',  ( 1.000000000000000000, 0.000000000000000000, -0.000000000000000000 ) ) ;
#281 =( NAMED_UNIT ( * ) PLANE_ANGLE_UNIT ( ) SI_UNIT ( $, .RADIAN. ) );
#282 = B_SPLINE_CURVE_WITH_KNOTS ( 'NONE', 3,
 ( #2259, #3096, #120, #1221, #693, #3334, #3080, #917, #1731, #1200, #2044 ),
 .UNSPECIFIED., .F., .F.,
 ( 4, 1, 1, 1, 1, 1, 1, 1, 4 ),
 ( 0.000000000000000000, 0.1779561529988028523, 0.3366533929852479901, 0.4761215267521702876, 0.5973339179829275647, 0.7070072996841240132, 0.8099296584364101825, 0.9070877517711414262, 1.000000000000000000 ),
 .UNSPECIFIED. ) ;
#283 = ORIENTED_EDGE ( 'NONE', *, *, #83, .F. ) ;
#284 = LINE ( 'NONE', #1813, #321 ) ;
#285 = LINE ( 'NONE', #3471, #27 ) ;
#286 = ORIENTED_EDGE ( 'NONE', *, *, #3174, .T. ) ;
#287 = CARTESIAN_POINT ( 'NONE',  ( 3.488501682428630346, 11.10000000000000675, -2.446474469422813325 ) ) ;
#288 = EDGE_CURVE ( 'NONE', #2195, #2101, #127, .T. ) ;
#289 = CARTESIAN_POINT ( 'NONE',  ( 3.557362988371942869, 10.90000000000000213, -2.673512185671993446 ) ) ;
#290 = CARTESIAN_POINT ( 'NONE',  ( 1.550000000000000266, -7.516648189186458495, 2.649999999999994138 ) ) ;
#291 = FACE_OUTER_BOUND ( 'NONE', #3071, .T. ) ;
#292 = VERTEX_POINT ( 'NONE', #1690 ) ;
#293 = DIRECTION ( 'NONE',  ( 0.000000000000000000, -0.000000000000000000, 1.000000000000000000 ) ) ;
#294 = LINE ( 'NONE', #2898, #1847 ) ;
#295 = EDGE_CURVE ( 'NONE', #3059, #328, #1421, .T. ) ;
#296 = VERTEX_POINT ( 'NONE', #81 ) ;
#297 = FACE_OUTER_BOUND ( 'NONE', #1100, .T. ) ;
#298 = CARTESIAN_POINT ( 'NONE',  ( -1.550000000000000266, 7.100000000000000533, -2.650000000000000355 ) ) ;
#299 = VERTEX_POINT ( 'NONE', #1160 ) ;
#300 = CARTESIAN_POINT ( 'NONE',  ( 3.370475651358566083, 11.09999999999999964, -2.464127135101726651 ) ) ;
#301 = CARTESIAN_POINT ( 'NONE',  ( -3.587179487179488646, 11.09999999999999964, 0.9307692307692306821 ) ) ;
#302 = FACE_OUTER_BOUND ( 'NONE', #1146, .T. ) ;
#303 = DIRECTION ( 'NONE',  ( 1.000000000000000000, -0.000000000000000000, 0.000000000000000000 ) ) ;
#304 = AXIS2_PLACEMENT_3D ( 'NONE', #1573, #3402, #2582 ) ;
#305 = ADVANCED_FACE ( 'NONE', ( #634 ), #3230, .T. ) ;
#306 = FACE_OUTER_BOUND ( 'NONE', #3311, .T. ) ;
#307 = CARTESIAN_POINT ( 'NONE',  ( 3.413711495051569234, 10.90000000000000213, -2.459076149520702526 ) ) ;
#308 = EDGE_CURVE ( 'NONE', #292, #2949, #986, .T. ) ;
#309 = EDGE_LOOP ( 'NONE', ( #1348, #2324, #1810, #2268 ) ) ;
#310 = CARTESIAN_POINT ( 'NONE',  ( -1.549999999999998934, 10.90000000000000036, 2.649999999999994582 ) ) ;
#311 = EDGE_LOOP ( 'NONE', ( #2024, #1550, #314, #3472, #2988, #520, #1724, #1899, #3011, #1385, #2356, #3315 ) ) ;
#312 = VECTOR ( 'NONE', #1963, 1000.000000000000000 ) ;
#313 = ORIENTED_EDGE ( 'NONE', *, *, #2102, .F. ) ;
#314 = ORIENTED_EDGE ( 'NONE', *, *, #331, .T. ) ;
#315 = CARTESIAN_POINT ( 'NONE',  ( 3.520205464316288335, 11.10000000000000675, -2.438428403222760998 ) ) ;
#316 = CARTESIAN_POINT ( 'NONE',  ( 3.965818093465092620, 11.09999999999999964, -2.417296721754277122 ) ) ;
#317 = B_SPLINE_CURVE_WITH_KNOTS ( 'NONE', 3,
 ( #1238, #2855, #176, #2603, #200, #3115, #2043, #713, #2642, #3160, #1593 ),
 .UNSPECIFIED., .F., .F.,
 ( 4, 1, 1, 1, 1, 1, 1, 1, 4 ),
 ( 0.000000000000000000, 0.1779561529988028523, 0.3366533929852479901, 0.4761215267521702876, 0.5973339179829275647, 0.7070072996841240132, 0.8099296584364101825, 0.9070877517711414262, 1.000000000000000000 ),
 .UNSPECIFIED. ) ;
#318 = VECTOR ( 'NONE', #180, 1000.000000000000000 ) ;
#319 = DIRECTION ( 'NONE',  ( 0.000000000000000000, 0.000000000000000000, -1.000000000000000000 ) ) ;
#320 = MECHANICAL_DESIGN_GEOMETRIC_PRESENTATION_REPRESENTATION (  '', ( #1849 ), #724 ) ;
#321 = VECTOR ( 'NONE', #2428, 1000.000000000000000 ) ;
#322 = LINE ( 'NONE', #1113, #967 ) ;
#323 = CARTESIAN_POINT ( 'NONE',  ( 3.858894230769230216, 11.09999999999999787, -2.528125000000000178 ) ) ;
#324 = EDGE_CURVE ( 'NONE', #3145, #2502, #219, .T. ) ;
#325 = ORIENTED_EDGE ( 'NONE', *, *, #2055, .T. ) ;
#326 = DIRECTION ( 'NONE',  ( 0.000000000000000000, 0.000000000000000000, 1.000000000000000000 ) ) ;
#327 = LINE ( 'NONE', #1697, #2066 ) ;
#328 = VERTEX_POINT ( 'NONE', #2062 ) ;
#329 = B_SPLINE_SURFACE_WITH_KNOTS ( 'NONE', 3, 1, ( 
 ( #7, #1897 ),
 ( #1565, #21 ),
 ( #1615, #561 ),
 ( #2439, #2391 ),
 ( #2687, #1052 ),
 ( #1867, #1083 ),
 ( #3219, #2144 ) ),
 .UNSPECIFIED., .F., .F., .F.,
 ( 4, 1, 1, 1, 4 ),
 ( 2, 2 ),
 ( 0.000000000000000000, 0.2611948526140106530, 0.5131428079415674137, 0.7578093024478966822, 1.000000000000000000 ),
 ( 0.000000000000000000, 1.000000000000000000 ),
 .UNSPECIFIED. ) ;
#330 = VERTEX_POINT ( 'NONE', #1778 ) ;
#331 = EDGE_CURVE ( 'NONE', #3041, #2549, #752, .T. ) ;
#332 = CARTESIAN_POINT ( 'NONE',  ( -1.550000000000000266, 3.100000000000000533, -2.650000000000000355 ) ) ;
#333 = LINE ( 'NONE', #58, #422 ) ;
#334 = DIRECTION ( 'NONE',  ( 9.637352644315592778E-16, 0.000000000000000000, 1.000000000000000000 ) ) ;
#335 = CARTESIAN_POINT ( 'NONE',  ( 4.171257627318910366, 11.09999999999999432, -1.673932400105177631 ) ) ;
#336 = ORIENTED_EDGE ( 'NONE', *, *, #3292, .T. ) ;
#337 = PLANE ( 'NONE',  #3220 ) ;
#338 = CARTESIAN_POINT ( 'NONE',  ( 3.710701364758572929, 10.90000000000001101, -2.312229867812418238 ) ) ;
#339 = ORIENTED_EDGE ( 'NONE', *, *, #80, .T. ) ;
#340 = LINE ( 'NONE', #920, #2407 ) ;
#341 = CARTESIAN_POINT ( 'NONE',  ( 1.550000000000000266, -7.516648189186458495, 0.2499999999999997780 ) ) ;
#342 = EDGE_LOOP ( 'NONE', ( #3264, #1741, #3449, #237 ) ) ;
#343 = VECTOR ( 'NONE', #2825, 1000.000000000000114 ) ;
#344 = EDGE_CURVE ( 'NONE', #3459, #2918, #423, .T. ) ;
#345 = CARTESIAN_POINT ( 'NONE',  ( 3.889743589743589247, 11.09999999999999787, -1.715224358974358987 ) ) ;
#346 = CARTESIAN_POINT ( 'NONE',  ( -5.950000000000001066, 0.000000000000000000, -3.149999999999999911 ) ) ;
#347 = CARTESIAN_POINT ( 'NONE',  ( -3.869230769230770584, 10.90000000000000036, 0.7000000000000000666 ) ) ;
#348 = VERTEX_POINT ( 'NONE', #1518 ) ;
#349 = AXIS2_PLACEMENT_3D ( 'NONE', #572, #1643, #1110 ) ;
#350 = CARTESIAN_POINT ( 'NONE',  ( 3.803558654875301315, 11.09999999999999964, -0.8331766423787501097 ) ) ;
#351 = SURFACE_SIDE_STYLE ('',( #2240 ) ) ;
#352 = CARTESIAN_POINT ( 'NONE',  ( 3.492439648125018614, 10.90000000000000036, -0.7181953472586874998 ) ) ;
#353 = ORIENTED_EDGE ( 'NONE', *, *, #956, .F. ) ;
#354 = CARTESIAN_POINT ( 'NONE',  ( 3.965818093465092620, 10.90000000000000746, -2.417296721754277122 ) ) ;
#355 = CARTESIAN_POINT ( 'NONE',  ( 3.765554737200912605, 10.90000000000000746, -2.240882783988970672 ) ) ;
#356 = VECTOR ( 'NONE', #1669, 1000.000000000000000 ) ;
#357 = ORIENTED_EDGE ( 'NONE', *, *, #2673, .F. ) ;
#358 = DIRECTION ( 'NONE',  ( 0.000000000000000000, 0.000000000000000000, 1.000000000000000000 ) ) ;
#359 = SURFACE_STYLE_USAGE ( .BOTH. , #3266 ) ;
#360 = EDGE_CURVE ( 'NONE', #581, #1449, #3176, .T. ) ;
#361 = ORIENTED_EDGE ( 'NONE', *, *, #3175, .T. ) ;
#362 = FACE_BOUND ( 'NONE', #392, .T. ) ;
#363 = VERTEX_POINT ( 'NONE', #1291 ) ;
#364 = DIRECTION ( 'NONE',  ( -1.000000000000000000, -0.000000000000000000, -0.000000000000000000 ) ) ;
#365 = DIRECTION ( 'NONE',  ( 0.000000000000000000, 0.000000000000000000, -1.000000000000000000 ) ) ;
#366 = ORIENTED_EDGE ( 'NONE', *, *, #2001, .T. ) ;
#367 = CARTESIAN_POINT ( 'NONE',  ( -3.600000000000001421, 0.000000000000000000, 1.495000000000000329 ) ) ;
#368 = ADVANCED_FACE ( 'NONE', ( #2384 ), #732, .T. ) ;
#369 = VERTEX_POINT ( 'NONE', #2640 ) ;
#370 = CARTESIAN_POINT ( 'NONE',  ( -4.000000000000001776, -7.799999999999999822, 1.495000000000000329 ) ) ;
#371 = EDGE_LOOP ( 'NONE', ( #1908, #1188, #2203, #2895 ) ) ;
#372 = CARTESIAN_POINT ( 'NONE',  ( 3.600000000000000533, -7.799999999999999822, -1.494999999999998774 ) ) ;
#373 = CARTESIAN_POINT ( 'NONE',  ( 3.649803556244812341, 11.09999999999999432, -2.649699295179892111 ) ) ;
#374 = VECTOR ( 'NONE', #3448, 1000.000000000000000 ) ;
#375 = EDGE_LOOP ( 'NONE', ( #3098, #234, #1230, #1766 ) ) ;
#376 = DIRECTION ( 'NONE',  ( -0.000000000000000000, 1.000000000000000000, -0.000000000000000000 ) ) ;
#377 = FILL_AREA_STYLE ('',( #2031 ) ) ;
#378 = CARTESIAN_POINT ( 'NONE',  ( -3.869230769230770584, 11.09999999999999964, 2.700000000000000178 ) ) ;
#379 = ORIENTED_EDGE ( 'NONE', *, *, #2581, .F. ) ;
#380 = LINE ( 'NONE', #2252, #2542 ) ;
#381 = DIRECTION ( 'NONE',  ( 0.000000000000000000, -0.000000000000000000, 1.000000000000000000 ) ) ;
#382 = ORIENTED_EDGE ( 'NONE', *, *, #2023, .F. ) ;
#383 = EDGE_CURVE ( 'NONE', #3452, #2479, #443, .T. ) ;
#384 = CARTESIAN_POINT ( 'NONE',  ( 3.415251350497024774, 11.09999999999999964, -0.7074662044155022311 ) ) ;
#385 = SHAPE_DEFINITION_REPRESENTATION ( #2742, #837 ) ;
#386 = LINE ( 'NONE', #403, #3310 ) ;
#387 = EDGE_LOOP ( 'NONE', ( #101, #1050, #1592, #1495, #379, #2739, #441, #653, #2117, #1483 ) ) ;
#388 = CARTESIAN_POINT ( 'NONE',  ( 3.599999999999973888, -7.799999999999999822, 1.045000000000000373 ) ) ;
#389 = ORIENTED_EDGE ( 'NONE', *, *, #1301, .T. ) ;
#390 = CARTESIAN_POINT ( 'NONE',  ( 4.167391212398433353, 10.90000000000000391, -1.840448326642499133 ) ) ;
#391 = CARTESIAN_POINT ( 'NONE',  ( 3.548798076923076472, 11.09999999999999787, -2.427964743589743346 ) ) ;
#392 = EDGE_LOOP ( 'NONE', ( #2351, #766, #603, #1129, #113, #867, #1706 ) ) ;
#393 = LINE ( 'NONE', #696, #1780 ) ;
#394 = DIRECTION ( 'NONE',  ( 1.000000000000000000, -0.000000000000000000, 0.000000000000000000 ) ) ;
#395 = LINE ( 'NONE', #2575, #2849 ) ;
#396 = CARTESIAN_POINT ( 'NONE',  ( 3.599999999999973888, 0.000000000000000000, 1.495000000000000551 ) ) ;
#397 = ORIENTED_EDGE ( 'NONE', *, *, #360, .T. ) ;
#398 = FACE_OUTER_BOUND ( 'NONE', #387, .T. ) ;
#399 = CARTESIAN_POINT ( 'NONE',  ( 1.550000000000000266, 7.100000000000000533, 0.2500000000000000000 ) ) ;
#400 = VECTOR ( 'NONE', #408, 1000.000000000000000 ) ;
#401 = EDGE_LOOP ( 'NONE', ( #40, #277, #593, #389, #418, #1318, #845, #773, #47, #1622, #2065, #2994 ) ) ;
#402 = CARTESIAN_POINT ( 'NONE',  ( 3.548798076923076472, 10.90000000000000036, -2.427964743589743346 ) ) ;
#403 = CARTESIAN_POINT ( 'NONE',  ( -3.025000000000000355, 10.90000000000000036, -1.874999999999999556 ) ) ;
#404 = EDGE_CURVE ( 'NONE', #964, #2274, #1023, .T. ) ;
#405 = ORIENTED_EDGE ( 'NONE', *, *, #308, .T. ) ;
#406 = CARTESIAN_POINT ( 'NONE',  ( 3.371875137137758660, 11.09999999999999787, -2.696182417864171121 ) ) ;
#407 = ORIENTED_EDGE ( 'NONE', *, *, #152, .T. ) ;
#408 = DIRECTION ( 'NONE',  ( -0.000000000000000000, 1.000000000000000000, -0.000000000000000000 ) ) ;
#409 = CARTESIAN_POINT ( 'NONE',  ( 3.680852044684721935, 10.90000000000000391, -2.342270004954176255 ) ) ;
#410 = EDGE_LOOP ( 'NONE', ( #141, #1478, #3061, #1236 ) ) ;
#411 = EDGE_CURVE ( 'NONE', #2667, #2755, #2872, .T. ) ;
#412 = ORIENTED_EDGE ( 'NONE', *, *, #1745, .F. ) ;
#413 = ADVANCED_FACE ( 'NONE', ( #772 ), #2908, .F. ) ;
#414 = PLANE ( 'NONE',  #1335 ) ;
#415 = PLANE ( 'NONE',  #1466 ) ;
#416 = CARTESIAN_POINT ( 'NONE',  ( 3.557362988371942869, 11.10000000000000675, -2.673512185671993446 ) ) ;
#417 = DIRECTION ( 'NONE',  ( -1.000000000000000000, 0.000000000000000000, -0.000000000000000000 ) ) ;
#418 = ORIENTED_EDGE ( 'NONE', *, *, #2531, .T. ) ;
#419 = PLANE ( 'NONE',  #1725 ) ;
#420 = CARTESIAN_POINT ( 'NONE',  ( -4.100000000000001421, 24.78707656525732261, -1.524999999999999467 ) ) ;
#421 = VERTEX_POINT ( 'NONE', #484 ) ;
#422 = VECTOR ( 'NONE', #3288, 1000.000000000000114 ) ;
#423 = LINE ( 'NONE', #3457, #1698 ) ;
#424 = AXIS2_PLACEMENT_3D ( 'NONE', #1174, #1, #2404 ) ;
#425 = DIRECTION ( 'NONE',  ( 0.000000000000000000, 0.000000000000000000, -1.000000000000000000 ) ) ;
#426 = VERTEX_POINT ( 'NONE', #2565 ) ;
#427 = CARTESIAN_POINT ( 'NONE',  ( 4.171257627318910366, 10.89999999999999858, -1.673932400105177631 ) ) ;
#428 = CARTESIAN_POINT ( 'NONE',  ( 4.094239300777680057, 10.90000000000000036, -2.186235798088041360 ) ) ;
#429 = PLANE ( 'NONE',  #34 ) ;
#430 = EDGE_LOOP ( 'NONE', ( #3463, #3283, #286, #2337 ) ) ;
#431 = VECTOR ( 'NONE', #723, 1000.000000000000000 ) ;
#432 = DIRECTION ( 'NONE',  ( 9.637352644315598694E-16, -0.000000000000000000, -1.000000000000000000 ) ) ;
#433 = CARTESIAN_POINT ( 'NONE',  ( -3.375000000000000000, 11.09999999999999964, -1.874999999999999556 ) ) ;
#434 = LINE ( 'NONE', #1283, #431 ) ;
#435 = AXIS2_PLACEMENT_3D ( 'NONE', #1595, #2045, #991 ) ;
#436 = AXIS2_PLACEMENT_3D ( 'NONE', #3188, #1319, #249 ) ;
#437 = EDGE_CURVE ( 'NONE', #1644, #3120, #3196, .T. ) ;
#438 = CARTESIAN_POINT ( 'NONE',  ( 3.865940089664395618, 11.09999999999999964, -1.993302204411798062 ) ) ;
#439 = ORIENTED_EDGE ( 'NONE', *, *, #344, .T. ) ;
#440 = DIRECTION ( 'NONE',  ( -1.000000000000000000, 0.000000000000000000, 0.000000000000000000 ) ) ;
#441 = ORIENTED_EDGE ( 'NONE', *, *, #268, .T. ) ;
#442 = EDGE_CURVE ( 'NONE', #1825, #2029, #1390, .T. ) ;
#443 = LINE ( 'NONE', #2832, #770 ) ;
#444 = EDGE_CURVE ( 'NONE', #2884, #2123, #3421, .T. ) ;
#445 = B_SPLINE_CURVE_WITH_KNOTS ( 'NONE', 3,
 ( #907, #1720, #555, #2232, #877, #2432, #1135, #1892, #255, #289, #1358 ),
 .UNSPECIFIED., .F., .F.,
 ( 4, 1, 1, 1, 1, 1, 1, 1, 4 ),
 ( 0.000000000000000000, 0.1578909745123445452, 0.3067942516334780656, 0.4456741526256970398, 0.5756804356331876038, 0.6946314639267257007, 0.8059778052059954900, 0.9077643550505538617, 1.000000000000000000 ),
 .UNSPECIFIED. ) ;
#446 = DIRECTION ( 'NONE',  ( 0.000000000000000000, -0.000000000000000000, 1.000000000000000000 ) ) ;
#447 = ORIENTED_EDGE ( 'NONE', *, *, #652, .T. ) ;
#448 = DIRECTION ( 'NONE',  ( 0.000000000000000000, 1.000000000000000000, 0.000000000000000000 ) ) ;
#449 = CARTESIAN_POINT ( 'NONE',  ( 4.171574467036808009, 11.09999999999999787, -1.732858143927160421 ) ) ;
#450 = CARTESIAN_POINT ( 'NONE',  ( 3.835307874093122127, 10.90000000000000213, -2.105925594649833865 ) ) ;
#451 = CARTESIAN_POINT ( 'NONE',  ( 4.094239300777680057, 10.89999999999999858, -2.186235798088041360 ) ) ;
#452 = EDGE_CURVE ( 'NONE', #3224, #2488, #3110, .T. ) ;
#453 = ORIENTED_EDGE ( 'NONE', *, *, #670, .T. ) ;
#454 = EDGE_LOOP ( 'NONE', ( #254, #2906, #614, #1249 ) ) ;
#455 = LINE ( 'NONE', #2590, #2621 ) ;
#456 = CARTESIAN_POINT ( 'NONE',  ( -3.999999999999973355, -7.799999999999999822, -1.494999999999998996 ) ) ;
#457 = CARTESIAN_POINT ( 'NONE',  ( 3.392242315915160678, 10.90000000000000746, -0.9386084911663927777 ) ) ;
#458 = CARTESIAN_POINT ( 'NONE',  ( 3.884590883498195257, 11.09999999999999964, -1.862579463491075504 ) ) ;
#459 = VERTEX_POINT ( 'NONE', #1552 ) ;
#460 = CARTESIAN_POINT ( 'NONE',  ( 5.950000000000001066, 0.000000000000000000, 3.149999999999999911 ) ) ;
#461 = LINE ( 'NONE', #2616, #2220 ) ;
#462 = ORIENTED_EDGE ( 'NONE', *, *, #273, .F. ) ;
#463 = EDGE_CURVE ( 'NONE', #2080, #1426, #2365, .T. ) ;
#464 = EDGE_CURVE ( 'NONE', #1398, #1579, #1639, .T. ) ;
#465 = DIRECTION ( 'NONE',  ( -0.000000000000000000, -1.000000000000000000, -0.000000000000000000 ) ) ;
#466 = CARTESIAN_POINT ( 'NONE',  ( 3.999999999999999112, -7.799999999999999822, -1.494999999999998996 ) ) ;
#467 = ORIENTED_EDGE ( 'NONE', *, *, #652, .F. ) ;
#468 = DIRECTION ( 'NONE',  ( -1.000000000000000000, 0.000000000000000000, -0.000000000000000000 ) ) ;
#469 = DIRECTION ( 'NONE',  ( -1.000000000000000000, -0.000000000000000000, -0.000000000000000000 ) ) ;
#470 = CARTESIAN_POINT ( 'NONE',  ( 3.600000000000000089, -7.799999999999999822, -1.044999999999998819 ) ) ;
#471 = CARTESIAN_POINT ( 'NONE',  ( 3.997094304411905163, 10.90000000000000213, -2.376129967985270763 ) ) ;
#472 = ORIENTED_EDGE ( 'NONE', *, *, #994, .F. ) ;
#473 = EDGE_LOOP ( 'NONE', ( #243, #535, #3485, #3396 ) ) ;
#474 = CARTESIAN_POINT ( 'NONE',  ( 3.985114489552512129, 11.09999999999999787, -1.016175804648706826 ) ) ;
#475 = DIRECTION ( 'NONE',  ( -0.000000000000000000, 1.000000000000000000, -0.000000000000000000 ) ) ;
#476 = EDGE_CURVE ( 'NONE', #608, #1868, #1591, .T. ) ;
#477 = ADVANCED_FACE ( 'NONE', ( #521 ), #1074, .T. ) ;
#478 = CARTESIAN_POINT ( 'NONE',  ( -3.587179487179488202, 10.90000000000000036, 2.469230769230769784 ) ) ;
#479 = VERTEX_POINT ( 'NONE', #3213 ) ;
#480 = CARTESIAN_POINT ( 'NONE',  ( -4.000000000000001776, -7.799999999999999822, 1.045000000000000373 ) ) ;
#481 = LINE ( 'NONE', #3378, #2398 ) ;
#482 = ORIENTED_EDGE ( 'NONE', *, *, #2983, .T. ) ;
#483 = VECTOR ( 'NONE', #2506, 1000.000000000000000 ) ;
#484 = CARTESIAN_POINT ( 'NONE',  ( -2.535897435897436658, 10.90000000000000036, 1.546153846153846212 ) ) ;
#485 = VERTEX_POINT ( 'NONE', #2959 ) ;
#486 = CARTESIAN_POINT ( 'NONE',  ( 3.024999999999999911, 24.78707656525732261, 1.875000000000000000 ) ) ;
#487 = LINE ( 'NONE', #2624, #2449 ) ;
#488 = CARTESIAN_POINT ( 'NONE',  ( -3.025000000000000355, 11.09999999999999964, -0.7999999999999994893 ) ) ;
#489 = VECTOR ( 'NONE', #3349, 1000.000000000000000 ) ;
#490 = LINE ( 'NONE', #45, #2000 ) ;
#491 = ORIENTED_EDGE ( 'NONE', *, *, #2182, .T. ) ;
#492 = CARTESIAN_POINT ( 'NONE',  ( 3.564698562715235663, 10.90000000000000391, -0.7327961543174151826 ) ) ;
#493 = CARTESIAN_POINT ( 'NONE',  ( 3.025000000000000355, 24.78707656525732261, 1.524999999999999911 ) ) ;
#494 = VECTOR ( 'NONE', #1317, 1000.000000000000000 ) ;
#495 = ORIENTED_EDGE ( 'NONE', *, *, #3292, .F. ) ;
#496 = LINE ( 'NONE', #1017, #1850 ) ;
#497 = CARTESIAN_POINT ( 'NONE',  ( 3.697435897435897179, 10.90000000000000036, -1.072195512820512731 ) ) ;
#498 = VERTEX_POINT ( 'NONE', #3257 ) ;
#499 = VECTOR ( 'NONE', #267, 1000.000000000000000 ) ;
#500 = CARTESIAN_POINT ( 'NONE',  ( -3.600000000000001421, -7.799999999999999822, 1.495000000000000329 ) ) ;
#501 = EDGE_LOOP ( 'NONE', ( #2671, #2213, #3170, #336, #2647, #3327, #181, #1136, #1409, #1224, #5, #3182 ) ) ;
#502 = AXIS2_PLACEMENT_3D ( 'NONE', #3271, #2089, #1915 ) ;
#503 = CARTESIAN_POINT ( 'NONE',  ( 3.840678656782087863, 10.90000000000000213, -1.328830244128766935 ) ) ;
#504 = EDGE_CURVE ( 'NONE', #2549, #479, #803, .T. ) ;
#505 = B_SPLINE_SURFACE_WITH_KNOTS ( 'NONE', 3, 1, ( 
 ( #2321, #3394 ),
 ( #3126, #1792 ),
 ( #187, #1264 ),
 ( #2863, #457 ),
 ( #3413, #126 ),
 ( #3356, #2076 ),
 ( #944, #681 ),
 ( #798, #3207 ),
 ( #1598, #761 ),
 ( #2111, #2967 ),
 ( #1363, #547 ) ),
 .UNSPECIFIED., .F., .F., .F.,
 ( 4, 1, 1, 1, 1, 1, 1, 1, 4 ),
 ( 2, 2 ),
 ( 0.000000000000000000, 0.1779561529988028523, 0.3366533929852479901, 0.4761215267521702876, 0.5973339179829275647, 0.7070072996841240132, 0.8099296584364101825, 0.9070877517711414262, 1.000000000000000000 ),
 ( 0.000000000000000000, 1.000000000000000000 ),
 .UNSPECIFIED. ) ;
#506 = ORIENTED_EDGE ( 'NONE', *, *, #3253, .F. ) ;
#507 = DIRECTION ( 'NONE',  ( -0.000000000000000000, -1.000000000000000000, -0.000000000000000000 ) ) ;
#508 = CARTESIAN_POINT ( 'NONE',  ( 4.171794871794872073, 24.78707656525732261, -1.710817307692307665 ) ) ;
#509 = DIRECTION ( 'NONE',  ( 0.000000000000000000, 1.000000000000000000, 0.000000000000000000 ) ) ;
#510 = CARTESIAN_POINT ( 'NONE',  ( 4.161613426813869587, 11.09999999999999787, -1.902782837035592145 ) ) ;
#511 = EDGE_CURVE ( 'NONE', #929, #2667, #633, .T. ) ;
#512 = ORIENTED_EDGE ( 'NONE', *, *, #2866, .T. ) ;
#513 = CARTESIAN_POINT ( 'NONE',  ( 3.415251350497024774, 10.90000000000000746, -0.7074662044155022311 ) ) ;
#514 = CARTESIAN_POINT ( 'NONE',  ( -2.407692307692308464, 24.78707656525732261, 2.700000000000000178 ) ) ;
#515 = ORIENTED_EDGE ( 'NONE', *, *, #2942, .T. ) ;
#516 = CARTESIAN_POINT ( 'NONE',  ( -2.407692307692308464, 10.90000000000000036, 2.469230769230769784 ) ) ;
#517 = FACE_OUTER_BOUND ( 'NONE', #895, .T. ) ;
#518 = ORIENTED_EDGE ( 'NONE', *, *, #3036, .F. ) ;
#519 = CARTESIAN_POINT ( 'NONE',  ( -3.375000000000000000, 11.09999999999999964, -2.599999999999999201 ) ) ;
#520 = ORIENTED_EDGE ( 'NONE', *, *, #2941, .T. ) ;
#521 = FACE_OUTER_BOUND ( 'NONE', #2609, .T. ) ;
#522 = EDGE_LOOP ( 'NONE', ( #2538, #1895, #2846, #3208 ) ) ;
#523 = CARTESIAN_POINT ( 'NONE',  ( 2.300000000000000266, 10.90000000000000036, 1.524999999999999689 ) ) ;
#524 = CARTESIAN_POINT ( 'NONE',  ( 3.697435897435897179, 11.10000000000000320, -1.072195512820512731 ) ) ;
#525 = FACE_OUTER_BOUND ( 'NONE', #631, .T. ) ;
#526 = VECTOR ( 'NONE', #256, 1000.000000000000000 ) ;
#527 = EDGE_CURVE ( 'NONE', #1499, #1025, #2972, .T. ) ;
#528 = CARTESIAN_POINT ( 'NONE',  ( 3.694040606428656837, 11.10000000000000142, -0.7745657103940014609 ) ) ;
#529 = CARTESIAN_POINT ( 'NONE',  ( 3.024999999999999911, 24.78707656525732261, 2.599999999999999645 ) ) ;
#530 = AXIS2_PLACEMENT_3D ( 'NONE', #558, #2155, #1671 ) ;
#531 = EDGE_CURVE ( 'NONE', #328, #1820, #849, .T. ) ;
#532 = ORIENTED_EDGE ( 'NONE', *, *, #2693, .F. ) ;
#533 = DIRECTION ( 'NONE',  ( 0.000000000000000000, -0.000000000000000000, 1.000000000000000000 ) ) ;
#534 = CARTESIAN_POINT ( 'NONE',  ( 3.247115384615384404, 10.90000000000000036, -0.6999999999999999556 ) ) ;
#535 = ORIENTED_EDGE ( 'NONE', *, *, #3380, .F. ) ;
#536 = CARTESIAN_POINT ( 'NONE',  ( -3.025000000000000355, 24.78707656525732261, -0.7999999999999994893 ) ) ;
#537 = EDGE_CURVE ( 'NONE', #2667, #2484, #2659, .T. ) ;
#538 = DIRECTION ( 'NONE',  ( -1.000000000000000000, 0.000000000000000000, 0.000000000000000000 ) ) ;
#539 = VECTOR ( 'NONE', #1686, 1000.000000000000000 ) ;
#540 = DIRECTION ( 'NONE',  ( 0.000000000000000000, 0.000000000000000000, 1.000000000000000000 ) ) ;
#541 = FACE_OUTER_BOUND ( 'NONE', #2164, .T. ) ;
#542 = DIRECTION ( 'NONE',  ( 0.000000000000000000, -0.000000000000000000, 1.000000000000000000 ) ) ;
#543 = CARTESIAN_POINT ( 'NONE',  ( -5.950000000000001066, 9.899999999999998579, 3.149999999999999911 ) ) ;
#544 = VECTOR ( 'NONE', #2272, 1000.000000000000000 ) ;
#545 = EDGE_LOOP ( 'NONE', ( #3304, #788, #2622, #812 ) ) ;
#546 = CARTESIAN_POINT ( 'NONE',  ( 3.942788349660764968, 11.10000000000000142, -0.9614050155283653254 ) ) ;
#547 = CARTESIAN_POINT ( 'NONE',  ( 3.697435897435897179, 10.90000000000000391, -1.072195512820512731 ) ) ;
#548 = ORIENTED_EDGE ( 'NONE', *, *, #1801, .F. ) ;
#549 = DIRECTION ( 'NONE',  ( -0.000000000000000000, -1.000000000000000000, -0.000000000000000000 ) ) ;
#550 = DIRECTION ( 'NONE',  ( -0.000000000000000000, 1.000000000000000000, -0.000000000000000000 ) ) ;
#551 = EDGE_CURVE ( 'NONE', #1439, #90, #13, .T. ) ;
#552 = AXIS2_PLACEMENT_3D ( 'NONE', #2184, #3258, #850 ) ;
#553 = DIRECTION ( 'NONE',  ( 1.000000000000000000, 0.000000000000000000, 0.000000000000000000 ) ) ;
#554 = VECTOR ( 'NONE', #757, 1000.000000000000000 ) ;
#555 = CARTESIAN_POINT ( 'NONE',  ( 3.269689446589604476, 10.89999999999999858, -2.699751413951198664 ) ) ;
#556 = EDGE_CURVE ( 'NONE', #2551, #2965, #1652, .T. ) ;
#557 = DIRECTION ( 'NONE',  ( 1.000000000000000000, 0.000000000000000000, 0.000000000000000000 ) ) ;
#558 = CARTESIAN_POINT ( 'NONE',  ( 0.000000000000000000, 7.100000000000000533, 0.000000000000000000 ) ) ;
#559 = ORIENTED_EDGE ( 'NONE', *, *, #1091, .F. ) ;
#560 = CARTESIAN_POINT ( 'NONE',  ( 1.550000000000000266, 10.90000000000000036, -0.2500000000000000000 ) ) ;
#561 = CARTESIAN_POINT ( 'NONE',  ( 3.649803556244812341, 10.89999999999999680, -2.649699295179892111 ) ) ;
#562 = VERTEX_POINT ( 'NONE', #1607 ) ;
#563 = CARTESIAN_POINT ( 'NONE',  ( -3.025000000000000799, 10.90000000000000036, -1.524999999999999467 ) ) ;
#564 = DIRECTION ( 'NONE',  ( 1.000000000000000000, 0.000000000000000000, -5.421010862427537947E-16 ) ) ;
#565 = ORIENTED_EDGE ( 'NONE', *, *, #2159, .T. ) ;
#566 = DIRECTION ( 'NONE',  ( 0.000000000000000000, 0.000000000000000000, -1.000000000000000000 ) ) ;
#567 = LINE ( 'NONE', #1640, #2064 ) ;
#568 = EDGE_CURVE ( 'NONE', #1728, #1733, #1088, .T. ) ;
#569 = ADVANCED_FACE ( 'NONE', ( #2724 ), #2676, .F. ) ;
#570 = EDGE_CURVE ( 'NONE', #2057, #2886, #2196, .T. ) ;
#571 = PLANE ( 'NONE',  #1272 ) ;
#572 = CARTESIAN_POINT ( 'NONE',  ( -3.599999999999973443, -7.799999999999999822, -1.494999999999998996 ) ) ;
#573 = ORIENTED_EDGE ( 'NONE', *, *, #64, .F. ) ;
#574 = CARTESIAN_POINT ( 'NONE',  ( 4.050751250384249325, 10.90000000000000746, -2.285802609063395163 ) ) ;
#575 = VECTOR ( 'NONE', #3262, 1000.000000000000000 ) ;
#576 = CARTESIAN_POINT ( 'NONE',  ( 3.889401510046925026, 10.90000000000000391, -1.740736054152178802 ) ) ;
#577 = ORIENTED_EDGE ( 'NONE', *, *, #2860, .T. ) ;
#578 = DIRECTION ( 'NONE',  ( 1.239088197126290669E-15, 0.000000000000000000, -1.000000000000000000 ) ) ;
#579 = ORIENTED_EDGE ( 'NONE', *, *, #2291, .F. ) ;
#580 = EDGE_CURVE ( 'NONE', #958, #2188, #3228, .T. ) ;
#581 = VERTEX_POINT ( 'NONE', #3477 ) ;
#582 = CARTESIAN_POINT ( 'NONE',  ( -2.050000000000004263, 7.100000000000000533, 0.2500000000000000000 ) ) ;
#583 = CARTESIAN_POINT ( 'NONE',  ( 4.167391212398433353, 11.09999999999999787, -1.840448326642499133 ) ) ;
#584 = CARTESIAN_POINT ( 'NONE',  ( -4.000000000000001776, -7.799999999999999822, 1.495000000000000329 ) ) ;
#585 = EDGE_CURVE ( 'NONE', #1836, #1087, #1060, .T. ) ;
#586 = VECTOR ( 'NONE', #2039, 1000.000000000000000 ) ;
#587 = ORIENTED_EDGE ( 'NONE', *, *, #2349, .F. ) ;
#588 = CARTESIAN_POINT ( 'NONE',  ( -2.049999999999999822, 10.90000000000000036, 3.149999999999999023 ) ) ;
#589 = DIRECTION ( 'NONE',  ( -1.000000000000000000, 0.000000000000000000, 0.000000000000000000 ) ) ;
#590 =( GEOMETRIC_REPRESENTATION_CONTEXT ( 3 ) GLOBAL_UNCERTAINTY_ASSIGNED_CONTEXT ( ( #2870 ) ) GLOBAL_UNIT_ASSIGNED_CONTEXT ( ( #2364, #3438, #2905 ) ) REPRESENTATION_CONTEXT ( 'NONE', 'WORKASPACE' ) );
#591 = EDGE_LOOP ( 'NONE', ( #130, #2423, #447, #2338 ) ) ;
#592 = DIRECTION ( 'NONE',  ( -1.000000000000000000, 0.000000000000000000, 0.000000000000000000 ) ) ;
#593 = ORIENTED_EDGE ( 'NONE', *, *, #1325, .T. ) ;
#594 = VECTOR ( 'NONE', #2961, 1000.000000000000000 ) ;
#595 = EDGE_LOOP ( 'NONE', ( #1308, #1533, #2838, #1472, #1150, #2758, #2038, #3294, #1574, #3205, #2380, #72 ) ) ;
#596 = VERTEX_POINT ( 'NONE', #2811 ) ;
#597 = FACE_BOUND ( 'NONE', #501, .T. ) ;
#598 = CARTESIAN_POINT ( 'NONE',  ( 4.112809654072365539, 11.09999999999999964, -2.133340274862339569 ) ) ;
#599 = VECTOR ( 'NONE', #2158, 1000.000000000000000 ) ;
#600 = DIRECTION ( 'NONE',  ( -0.000000000000000000, 1.000000000000000000, -0.000000000000000000 ) ) ;
#601 = VECTOR ( 'NONE', #202, 1000.000000000000000 ) ;
#602 = VECTOR ( 'NONE', #702, 1000.000000000000000 ) ;
#603 = ORIENTED_EDGE ( 'NONE', *, *, #511, .F. ) ;
#604 = PLANE ( 'NONE',  #2476 ) ;
#605 = CARTESIAN_POINT ( 'NONE',  ( 3.738737573734651320, 11.09999999999999432, -2.278273079237739918 ) ) ;
#606 = EDGE_CURVE ( 'NONE', #1398, #1439, #2287, .T. ) ;
#607 = CARTESIAN_POINT ( 'NONE',  ( 3.375000000000000000, 24.78707656525732261, 0.7999999999999999334 ) ) ;
#608 = VERTEX_POINT ( 'NONE', #1965 ) ;
#609 = ORIENTED_EDGE ( 'NONE', *, *, #1172, .F. ) ;
#610 = CARTESIAN_POINT ( 'NONE',  ( 3.878288943335041150, 11.10000000000000675, -1.506590620034811145 ) ) ;
#611 = ORIENTED_EDGE ( 'NONE', *, *, #3299, .T. ) ;
#612 = PLANE ( 'NONE',  #1884 ) ;
#613 = DIRECTION ( 'NONE',  ( 1.000000000000000000, 0.000000000000000000, 0.000000000000000000 ) ) ;
#614 = ORIENTED_EDGE ( 'NONE', *, *, #926, .F. ) ;
#615 = CARTESIAN_POINT ( 'NONE',  ( 3.332830314730303556, 11.09999999999999787, -0.7009781573292647172 ) ) ;
#616 = PRODUCT_CONTEXT ( 'NONE', #1216, 'mechanical' ) ;
#617 = EDGE_CURVE ( 'NONE', #1019, #759, #380, .T. ) ;
#618 = DIRECTION ( 'NONE',  ( -1.000000000000000000, 0.000000000000000000, -0.000000000000000000 ) ) ;
#619 = CARTESIAN_POINT ( 'NONE',  ( 3.649803556244812341, 10.89999999999999858, -2.649699295179892111 ) ) ;
#620 = CARTESIAN_POINT ( 'NONE',  ( 3.889401510046925026, 11.09999999999999432, -1.740736054152178802 ) ) ;
#621 = ORIENTED_EDGE ( 'NONE', *, *, #2778, .T. ) ;
#622 = DIRECTION ( 'NONE',  ( 0.000000000000000000, 0.000000000000000000, -1.000000000000000000 ) ) ;
#623 = CARTESIAN_POINT ( 'NONE',  ( 3.650086919159338805, 10.90000000000000568, -2.369281844343416488 ) ) ;
#624 = ORIENTED_EDGE ( 'NONE', *, *, #1260, .F. ) ;
#625 = EDGE_CURVE ( 'NONE', #3364, #2109, #1402, .T. ) ;
#626 = PRESENTATION_LAYER_ASSIGNMENT (  '', '', ( #2707 ) ) ;
#627 = CARTESIAN_POINT ( 'NONE',  ( -3.587179487179488202, 24.78707656525732261, 0.9307692307692306821 ) ) ;
#628 = ORIENTED_EDGE ( 'NONE', *, *, #1969, .F. ) ;
#629 = CARTESIAN_POINT ( 'NONE',  ( -2.458974358974360008, 10.90000000000000036, 0.9307692307692306821 ) ) ;
#630 = CARTESIAN_POINT ( 'NONE',  ( 3.214663461538461053, 10.90000000000000036, -2.700000000000000178 ) ) ;
#631 = EDGE_LOOP ( 'NONE', ( #2900, #1711, #2936, #133 ) ) ;
#632 = EDGE_CURVE ( 'NONE', #3032, #958, #1929, .T. ) ;
#633 = B_SPLINE_CURVE_WITH_KNOTS ( 'NONE', 3,
 ( #2694, #1387, #315, #287, #1874, #3245, #300, #2927, #1366, #835, #1903 ),
 .UNSPECIFIED., .F., .F.,
 ( 4, 1, 1, 1, 1, 1, 1, 1, 4 ),
 ( 0.000000000000000000, 0.08742501092859791822, 0.1852478649797583699, 0.2927383539894217179, 0.4112061016770249267, 0.5412455942323234348, 0.6827809385249523633, 0.8360339502048005356, 1.000000000000000000 ),
 .UNSPECIFIED. ) ;
#634 = FACE_OUTER_BOUND ( 'NONE', #861, .T. ) ;
#635 =( NAMED_UNIT ( * ) SI_UNIT ( $, .STERADIAN. ) SOLID_ANGLE_UNIT ( ) );
#636 = CARTESIAN_POINT ( 'NONE',  ( 3.534926834352096314, 10.89999999999999680, -2.678473068307235749 ) ) ;
#637 = CARTESIAN_POINT ( 'NONE',  ( 4.094239300777680057, 11.09999999999999787, -2.186235798088041360 ) ) ;
#638 = CARTESIAN_POINT ( 'NONE',  ( 3.876406785409833855, 10.90000000000000746, -1.930197961723172373 ) ) ;
#639 = VECTOR ( 'NONE', #2327, 1000.000000000000000 ) ;
#640 = VERTEX_POINT ( 'NONE', #2793 ) ;
#641 = LINE ( 'NONE', #3083, #2503 ) ;
#642 = CARTESIAN_POINT ( 'NONE',  ( 3.584178876948545867, 10.90000000000000391, -2.412554360892305017 ) ) ;
#643 = EDGE_CURVE ( 'NONE', #953, #2784, #897, .T. ) ;
#644 = VECTOR ( 'NONE', #3132, 1000.000000000000000 ) ;
#646 = VECTOR ( 'NONE', #3189, 1000.000000000000000 ) ;
#645 = CARTESIAN_POINT ( 'NONE',  ( 3.375000000000000000, 10.90000000000000036, 0.7999999999999999334 ) ) ;
#647 = ORIENTED_EDGE ( 'NONE', *, *, #726, .T. ) ;
#648 = FACE_OUTER_BOUND ( 'NONE', #1302, .T. ) ;
#649 = FACE_OUTER_BOUND ( 'NONE', #2452, .T. ) ;
#650 = ORIENTED_EDGE ( 'NONE', *, *, #888, .F. ) ;
#651 = CARTESIAN_POINT ( 'NONE',  ( 3.488501682428630346, 11.10000000000000675, -2.446474469422813325 ) ) ;
#652 = EDGE_CURVE ( 'NONE', #2484, #1261, #3342, .T. ) ;
#653 = ORIENTED_EDGE ( 'NONE', *, *, #2684, .F. ) ;
#654 = STYLED_ITEM ( 'NONE', ( #1433 ), #1167 ) ;
#655 = CARTESIAN_POINT ( 'NONE',  ( 3.985114489552512129, 10.90000000000000036, -1.016175804648706826 ) ) ;
#656 = ORIENTED_EDGE ( 'NONE', *, *, #2941, .F. ) ;
#657 = CARTESIAN_POINT ( 'NONE',  ( 4.167391212398433353, 11.09999999999999964, -1.840448326642499133 ) ) ;
#658 = CARTESIAN_POINT ( 'NONE',  ( -2.407692307692308464, 11.09999999999999964, 2.700000000000000178 ) ) ;
#659 = VECTOR ( 'NONE', #3066, 1000.000000000000000 ) ;
#660 = ORIENTED_EDGE ( 'NONE', *, *, #1344, .T. ) ;
#661 = CARTESIAN_POINT ( 'NONE',  ( -1.550000000000000266, -7.516648189186458495, -2.650000000000000355 ) ) ;
#662 = CARTESIAN_POINT ( 'NONE',  ( -4.100000000000001421, 24.78707656525732261, -1.524999999999999467 ) ) ;
#663 = CARTESIAN_POINT ( 'NONE',  ( 3.218269230769230216, 10.90000000000000036, -2.469230769230769784 ) ) ;
#664 = CARTESIAN_POINT ( 'NONE',  ( -3.999999999999973355, -7.799999999999999822, -1.044999999999998819 ) ) ;
#665 = ORIENTED_EDGE ( 'NONE', *, *, #643, .T. ) ;
#666 = DIRECTION ( 'NONE',  ( 1.000000000000000000, 0.000000000000000000, 0.000000000000000000 ) ) ;
#667 = LINE ( 'NONE', #685, #1149 ) ;
#668 = ORIENTED_EDGE ( 'NONE', *, *, #987, .F. ) ;
#669 = CARTESIAN_POINT ( 'NONE',  ( 4.159872910394391887, 11.09999999999999964, -1.497756692729727002 ) ) ;
#670 = EDGE_CURVE ( 'NONE', #2546, #3364, #909, .T. ) ;
#671 = LINE ( 'NONE', #3347, #279 ) ;
#672 = EDGE_CURVE ( 'NONE', #3012, #2765, #3287, .T. ) ;
#673 = VERTEX_POINT ( 'NONE', #1176 ) ;
#674 = CARTESIAN_POINT ( 'NONE',  ( 2.812820512820512153, 10.90000000000000036, -0.9307692307692306821 ) ) ;
#675 = EDGE_LOOP ( 'NONE', ( #1945, #2980, #1996, #993 ) ) ;
#676 = DIRECTION ( 'NONE',  ( -0.000000000000000000, 0.000000000000000000, 1.000000000000000000 ) ) ;
#677 = FACE_OUTER_BOUND ( 'NONE', #35, .T. ) ;
#678 = ORIENTED_EDGE ( 'NONE', *, *, #2371, .F. ) ;
#679 = DIRECTION ( 'NONE',  ( -0.7071067811865472397, -0.7071067811865479058, -0.000000000000000000 ) ) ;
#680 =( LENGTH_UNIT ( ) NAMED_UNIT ( * ) SI_UNIT ( .MILLI., .METRE. ) );
#681 = CARTESIAN_POINT ( 'NONE',  ( 3.575433909083865380, 10.90000000000000391, -0.9866775805419494283 ) ) ;
#682 = DIRECTION ( 'NONE',  ( -1.000000000000000000, 0.000000000000000000, -0.000000000000000000 ) ) ;
#683 = ORIENTED_EDGE ( 'NONE', *, *, #3433, .T. ) ;
#684 = DIRECTION ( 'NONE',  ( -0.000000000000000000, -0.000000000000000000, -1.000000000000000000 ) ) ;
#685 = CARTESIAN_POINT ( 'NONE',  ( -4.100000000000001421, 10.90000000000000036, -1.524999999999999467 ) ) ;
#686 = VECTOR ( 'NONE', #826, 1000.000000000000000 ) ;
#687 = ORIENTED_EDGE ( 'NONE', *, *, #2248, .F. ) ;
#688 = CARTESIAN_POINT ( 'NONE',  ( 3.370475651358566083, 11.09999999999999964, -2.464127135101726651 ) ) ;
#689 = AXIS2_PLACEMENT_3D ( 'NONE', #46, #2947, #1124 ) ;
#690 = CARTESIAN_POINT ( 'NONE',  ( -2.407692307692308464, 11.09999999999999964, 2.469230769230769784 ) ) ;
#691 = ORIENTED_EDGE ( 'NONE', *, *, #670, .F. ) ;
#692 = CARTESIAN_POINT ( 'NONE',  ( 3.499240873925709039, 10.89999999999999325, -2.684441503409919161 ) ) ;
#693 = CARTESIAN_POINT ( 'NONE',  ( 3.462266912523560780, 10.90000000000000213, -0.9498855950119002856 ) ) ;
#694 = CARTESIAN_POINT ( 'NONE',  ( 3.375000000000000000, 11.09999999999999964, 0.7999999999999999334 ) ) ;
#695 = ADVANCED_FACE ( 'NONE', ( #862 ), #1997, .F. ) ;
#696 = CARTESIAN_POINT ( 'NONE',  ( -2.535897435897436658, 11.09999999999999964, 1.776923076923077049 ) ) ;
#697 = DIRECTION ( 'NONE',  ( -0.000000000000000000, 1.000000000000000000, -0.000000000000000000 ) ) ;
#698 = DIRECTION ( 'NONE',  ( -0.000000000000000000, -1.000000000000000000, -0.000000000000000000 ) ) ;
#699 = VECTOR ( 'NONE', #1722, 1000.000000000000000 ) ;
#700 = EDGE_CURVE ( 'NONE', #2458, #26, #2266, .T. ) ;
#701 = EDGE_CURVE ( 'NONE', #2479, #1439, #2740, .T. ) ;
#702 = DIRECTION ( 'NONE',  ( -0.000000000000000000, -1.000000000000000000, -0.000000000000000000 ) ) ;
#703 = EDGE_LOOP ( 'NONE', ( #1097, #3348, #1572, #2771 ) ) ;
#704 = CARTESIAN_POINT ( 'NONE',  ( 0.000000000000000000, -7.799999999999999822, 0.000000000000000000 ) ) ;
#705 = CARTESIAN_POINT ( 'NONE',  ( -3.587179487179488202, 11.09999999999999964, 1.546153846153846212 ) ) ;
#706 = ORIENTED_EDGE ( 'NONE', *, *, #527, .F. ) ;
#707 = VECTOR ( 'NONE', #1687, 1000.000000000000000 ) ;
#708 = CARTESIAN_POINT ( 'NONE',  ( 2.050000000000004707, 7.100000000000000533, 0.2500000000000000000 ) ) ;
#709 = VECTOR ( 'NONE', #2754, 1000.000000000000000 ) ;
#710 = B_SPLINE_CURVE_WITH_KNOTS ( 'NONE', 3,
 ( #2411, #3484, #1068, #2246, #2481, #307, #1958, #3252, #3024, #1148, #67 ),
 .UNSPECIFIED., .F., .F.,
 ( 4, 1, 1, 1, 1, 1, 1, 1, 4 ),
 ( 0.000000000000000000, 0.08742501092859791822, 0.1852478649797583699, 0.2927383539894217179, 0.4112061016770249267, 0.5412455942323234348, 0.6827809385249523633, 0.8360339502048005356, 1.000000000000000000 ),
 .UNSPECIFIED. ) ;
#711 = LINE ( 'NONE', #2853, #3144 ) ;
#712 = ORIENTED_EDGE ( 'NONE', *, *, #1685, .F. ) ;
#713 = CARTESIAN_POINT ( 'NONE',  ( 3.621725517846816178, 11.09999999999999787, -1.011206330709000456 ) ) ;
#714 = CARTESIAN_POINT ( 'NONE',  ( 4.161613426813869587, 11.09999999999999964, -1.902782837035592145 ) ) ;
#715 = DIRECTION ( 'NONE',  ( -0.000000000000000000, 1.000000000000000000, -0.000000000000000000 ) ) ;
#716 = DIRECTION ( 'NONE',  ( 1.000000000000000000, 0.000000000000000000, 9.637352644315598694E-16 ) ) ;
#717 = ORIENTED_EDGE ( 'NONE', *, *, #994, .T. ) ;
#718 = VECTOR ( 'NONE', #2804, 1000.000000000000000 ) ;
#719 = ORIENTED_EDGE ( 'NONE', *, *, #2728, .F. ) ;
#720 = ADVANCED_FACE ( 'NONE', ( #398, #597, #3015 ), #612, .F. ) ;
#721 = LINE ( 'NONE', #1790, #659 ) ;
#722 =( NAMED_UNIT ( * ) PLANE_ANGLE_UNIT ( ) SI_UNIT ( $, .RADIAN. ) );
#723 = DIRECTION ( 'NONE',  ( -0.000000000000000000, 1.000000000000000000, -0.000000000000000000 ) ) ;
#724 =( GEOMETRIC_REPRESENTATION_CONTEXT ( 3 ) GLOBAL_UNCERTAINTY_ASSIGNED_CONTEXT ( ( #235 ) ) GLOBAL_UNIT_ASSIGNED_CONTEXT ( ( #3028, #1663, #3281 ) ) REPRESENTATION_CONTEXT ( 'NONE', 'WORKASPACE' ) );
#725 = AXIS2_PLACEMENT_3D ( 'NONE', #607, #592, #326 ) ;
#726 = EDGE_CURVE ( 'NONE', #348, #1218, #3052, .T. ) ;
#727 = CARTESIAN_POINT ( 'NONE',  ( 2.812820512820512153, 24.78707656525732261, -0.9307692307692307931 ) ) ;
#728 = VERTEX_POINT ( 'NONE', #629 ) ;
#729 = DIRECTION ( 'NONE',  ( -0.000000000000000000, -1.000000000000000000, -0.000000000000000000 ) ) ;
#730 = LINE ( 'NONE', #2306, #3403 ) ;
#731 = ORIENTED_EDGE ( 'NONE', *, *, #1559, .F. ) ;
#732 = PLANE ( 'NONE',  #2270 ) ;
#733 = FACE_OUTER_BOUND ( 'NONE', #1195, .T. ) ;
#734 = ORIENTED_EDGE ( 'NONE', *, *, #8, .F. ) ;
#735 = CARTESIAN_POINT ( 'NONE',  ( 3.548798076923076472, 24.78707656525732261, -2.427964743589743346 ) ) ;
#736 = EDGE_CURVE ( 'NONE', #769, #2460, #131, .T. ) ;
#737 = FACE_OUTER_BOUND ( 'NONE', #1233, .T. ) ;
#738 = LINE ( 'NONE', #3425, #554 ) ;
#739 = CARTESIAN_POINT ( 'NONE',  ( 2.530769230769230660, 24.78707656525732261, -2.700000000000000178 ) ) ;
#740 = ORIENTED_EDGE ( 'NONE', *, *, #568, .F. ) ;
#741 = EDGE_CURVE ( 'NONE', #1449, #1281, #1704, .T. ) ;
#742 = VERTEX_POINT ( 'NONE', #332 ) ;
#743 = CARTESIAN_POINT ( 'NONE',  ( 3.214663461538461053, 11.09999999999999964, -2.700000000000000178 ) ) ;
#744 = CARTESIAN_POINT ( 'NONE',  ( 3.492439648125018614, 11.09999999999999787, -0.7181953472586874998 ) ) ;
#745 = CARTESIAN_POINT ( 'NONE',  ( -3.999999999999973355, -7.799999999999999822, -1.494999999999998996 ) ) ;
#746 = PLANE ( 'NONE',  #3136 ) ;
#747 = ORIENTED_EDGE ( 'NONE', *, *, #3319, .T. ) ;
#748 = DIRECTION ( 'NONE',  ( -1.239088197126290669E-15, 0.000000000000000000, 1.000000000000000000 ) ) ;
#749 = LINE ( 'NONE', #2637, #644 ) ;
#750 = ORIENTED_EDGE ( 'NONE', *, *, #2916, .T. ) ;
#751 = AXIS2_PLACEMENT_3D ( 'NONE', #662, #394, #1469 ) ;
#752 = LINE ( 'NONE', #2103, #1412 ) ;
#753 = EDGE_CURVE ( 'NONE', #2362, #2717, #2775, .T. ) ;
#754 = ORIENTED_EDGE ( 'NONE', *, *, #1534, .F. ) ;
#755 = PLANE ( 'NONE',  #1153 ) ;
#756 = CARTESIAN_POINT ( 'NONE',  ( 2.530769230769230660, 10.90000000000000036, -0.6999999999999999556 ) ) ;
#757 = DIRECTION ( 'NONE',  ( 1.000000000000000000, -0.000000000000000000, 0.000000000000000000 ) ) ;
#758 = DIRECTION ( 'NONE',  ( -1.000000000000000000, 0.000000000000000000, 2.454797371665295086E-16 ) ) ;
#759 = VERTEX_POINT ( 'NONE', #1137 ) ;
#760 = CARTESIAN_POINT ( 'NONE',  ( 4.091912122772559002, 10.90000000000000746, -1.224439025304374651 ) ) ;
#761 = CARTESIAN_POINT ( 'NONE',  ( 3.662902481860432768, 10.90000000000000746, -1.039040948922438146 ) ) ;
#762 = ADVANCED_FACE ( 'NONE', ( #648 ), #879, .F. ) ;
#763 = ORIENTED_EDGE ( 'NONE', *, *, #273, .T. ) ;
#764 = CARTESIAN_POINT ( 'NONE',  ( 0.000000000000000000, 11.09999999999999964, 0.000000000000000000 ) ) ;
#765 = CARTESIAN_POINT ( 'NONE',  ( -2.049999999999999822, 3.100000000000000533, 3.149999999999999023 ) ) ;
#766 = ORIENTED_EDGE ( 'NONE', *, *, #537, .F. ) ;
#767 = DIRECTION ( 'NONE',  ( 0.000000000000000000, -0.000000000000000000, 1.000000000000000000 ) ) ;
#768 = DIRECTION ( 'NONE',  ( -0.000000000000000000, 1.000000000000000000, -0.000000000000000000 ) ) ;
#769 = VERTEX_POINT ( 'NONE', #3153 ) ;
#770 = VECTOR ( 'NONE', #1496, 1000.000000000000000 ) ;
#771 = ADVANCED_FACE ( 'NONE', ( #947 ), #1775, .F. ) ;
#772 = FACE_OUTER_BOUND ( 'NONE', #105, .T. ) ;
#773 = ORIENTED_EDGE ( 'NONE', *, *, #585, .T. ) ;
#774 = FACE_OUTER_BOUND ( 'NONE', #1913, .T. ) ;
#775 = PLANE ( 'NONE',  #2935 ) ;
#776 = PLANE ( 'NONE',  #1500 ) ;
#777 = VECTOR ( 'NONE', #1555, 1000.000000000000000 ) ;
#778 = CARTESIAN_POINT ( 'NONE',  ( 4.024790217835583661, 11.09999999999999964, -2.331873995308379133 ) ) ;
#779 = CARTESIAN_POINT ( 'NONE',  ( 4.171257627318910366, 10.90000000000000036, -1.673932400105177631 ) ) ;
#780 = DIRECTION ( 'NONE',  ( 0.000000000000000000, 0.000000000000000000, 1.000000000000000000 ) ) ;
#781 = AXIS2_PLACEMENT_3D ( 'NONE', #3103, #1470, #1769 ) ;
#782 = ORIENTED_EDGE ( 'NONE', *, *, #404, .F. ) ;
#783 = LINE ( 'NONE', #516, #1223 ) ;
#784 = FACE_OUTER_BOUND ( 'NONE', #92, .T. ) ;
#785 = EDGE_LOOP ( 'NONE', ( #2071, #1774, #2254, #1781 ) ) ;
#786 = CARTESIAN_POINT ( 'NONE',  ( 3.548798076923076472, 11.10000000000000320, -2.427964743589743346 ) ) ;
#787 = FILL_AREA_STYLE_COLOUR ( '', #3119 ) ;
#788 = ORIENTED_EDGE ( 'NONE', *, *, #2728, .T. ) ;
#789 = VECTOR ( 'NONE', #2360, 1000.000000000000000 ) ;
#790 = EDGE_CURVE ( 'NONE', #640, #2057, #214, .T. ) ;
#791 = DIRECTION ( 'NONE',  ( 1.000000000000000000, -0.000000000000000000, 0.000000000000000000 ) ) ;
#792 = ORIENTED_EDGE ( 'NONE', *, *, #1745, .T. ) ;
#793 = CARTESIAN_POINT ( 'NONE',  ( 3.375000000000000000, 24.78707656525732261, 0.7999999999999999334 ) ) ;
#794 = PLANE ( 'NONE',  #2221 ) ;
#795 = CARTESIAN_POINT ( 'NONE',  ( 3.888736520970563770, 10.89999999999999680, -1.790329756374474446 ) ) ;
#796 = EDGE_CURVE ( 'NONE', #459, #3350, #2615, .T. ) ;
#797 = DIRECTION ( 'NONE',  ( 0.000000000000000000, 0.000000000000000000, -1.000000000000000000 ) ) ;
#798 = CARTESIAN_POINT ( 'NONE',  ( 3.621725517846816178, 11.09999999999999787, -1.011206330709000456 ) ) ;
#799 = ORIENTED_EDGE ( 'NONE', *, *, #3127, .T. ) ;
#800 = DIRECTION ( 'NONE',  ( 0.000000000000000000, 0.000000000000000000, 1.000000000000000000 ) ) ;
#801 = LINE ( 'NONE', #2097, #2612 ) ;
#802 = CARTESIAN_POINT ( 'NONE',  ( -3.869230769230770584, 24.78707656525732261, 2.700000000000000178 ) ) ;
#803 = LINE ( 'NONE', #29, #819 ) ;
#804 = LINE ( 'NONE', #1345, #1838 ) ;
#805 = CARTESIAN_POINT ( 'NONE',  ( 3.999999999999973355, -7.799999999999999822, 1.045000000000000373 ) ) ;
#806 = CARTESIAN_POINT ( 'NONE',  ( -5.950000000000001066, 0.000000000000000000, 3.149999999999999911 ) ) ;
#807 = AXIS2_PLACEMENT_3D ( 'NONE', #456, #1451, #2516 ) ;
#808 = CARTESIAN_POINT ( 'NONE',  ( 3.247115384615384404, 11.09999999999999787, -0.6999999999999999556 ) ) ;
#809 = FACE_OUTER_BOUND ( 'NONE', #1796, .T. ) ;
#810 = EDGE_CURVE ( 'NONE', #978, #263, #3377, .T. ) ;
#811 = VECTOR ( 'NONE', #2218, 1000.000000000000000 ) ;
#812 = ORIENTED_EDGE ( 'NONE', *, *, #2137, .F. ) ;
#813 = DIRECTION ( 'NONE',  ( 3.854941057726239478E-15, 0.000000000000000000, 1.000000000000000000 ) ) ;
#814 = FACE_OUTER_BOUND ( 'NONE', #1788, .T. ) ;
#815 = CARTESIAN_POINT ( 'NONE',  ( -3.025000000000000355, 11.09999999999999964, -1.874999999999999556 ) ) ;
#816 = EDGE_CURVE ( 'NONE', #2502, #421, #1288, .T. ) ;
#817 = EDGE_CURVE ( 'NONE', #296, #3108, #170, .T. ) ;
#818 = CARTESIAN_POINT ( 'NONE',  ( -2.407692307692308464, 10.90000000000000036, 2.700000000000000178 ) ) ;
#819 = VECTOR ( 'NONE', #2166, 1000.000000000000000 ) ;
#820 = EDGE_CURVE ( 'NONE', #1999, #1975, #1757, .T. ) ;
#821 = CARTESIAN_POINT ( 'NONE',  ( 3.863240832694839977, 11.09999999999999964, -1.413308757677984584 ) ) ;
#822 = DIRECTION ( 'NONE',  ( -5.421010862427508365E-16, 0.000000000000000000, -1.000000000000000000 ) ) ;
#823 = CARTESIAN_POINT ( 'NONE',  ( -3.599999999999972999, -7.799999999999999822, -1.044999999999998819 ) ) ;
#824 =( GEOMETRIC_REPRESENTATION_CONTEXT ( 3 ) GLOBAL_UNCERTAINTY_ASSIGNED_CONTEXT ( ( #3194 ) ) GLOBAL_UNIT_ASSIGNED_CONTEXT ( ( #2495, #281, #635 ) ) REPRESENTATION_CONTEXT ( 'NONE', 'WORKASPACE' ) );
#825 = ORIENTED_EDGE ( 'NONE', *, *, #288, .F. ) ;
#826 = DIRECTION ( 'NONE',  ( -0.000000000000000000, -0.000000000000000000, 1.000000000000000000 ) ) ;
#827 = CARTESIAN_POINT ( 'NONE',  ( -3.999999999999973355, 0.000000000000000000, -1.044999999999998819 ) ) ;
#828 = EDGE_CURVE ( 'NONE', #3129, #673, #3437, .T. ) ;
#829 = ORIENTED_EDGE ( 'NONE', *, *, #42, .F. ) ;
#830 = CARTESIAN_POINT ( 'NONE',  ( 1.550000000000000266, 3.100000000000000533, -2.650000000000000799 ) ) ;
#831 = CARTESIAN_POINT ( 'NONE',  ( 3.863240832694839977, 10.90000000000000036, -1.413308757677984584 ) ) ;
#832 = UNCERTAINTY_MEASURE_WITH_UNIT (LENGTH_MEASURE( 1.000000000000000082E-05 ), #3057, 'distance_accuracy_value', 'NONE');
#833 = EDGE_CURVE ( 'NONE', #65, #876, #2578, .T. ) ;
#834 = AXIS2_PLACEMENT_3D ( 'NONE', #1510, #2053, #1205 ) ;
#835 = CARTESIAN_POINT ( 'NONE',  ( 3.236565885942086496, 11.10000000000000320, -2.469011564095961120 ) ) ;
#836 = PLANE ( 'NONE',  #87 ) ;
#837 = ADVANCED_BREP_SHAPE_REPRESENTATION ( 'TCST1202', ( #1139, #3458, #3474, #1212, #1167, #1372 ), #824 ) ;
#838 = B_SPLINE_CURVE_WITH_KNOTS ( 'NONE', 3,
 ( #1659, #2498, #619, #2700, #1675, #1921, #2480 ),
 .UNSPECIFIED., .F., .F.,
 ( 4, 1, 1, 1, 4 ),
 ( 0.000000000000000000, 0.2611948526140106530, 0.5131428079415674137, 0.7578093024478966822, 1.000000000000000000 ),
 .UNSPECIFIED. ) ;
#839 = CARTESIAN_POINT ( 'NONE',  ( 3.697435897435897179, 11.10000000000000142, -1.072195512820512731 ) ) ;
#840 = DIRECTION ( 'NONE',  ( -0.000000000000000000, 1.000000000000000000, -0.000000000000000000 ) ) ;
#841 = ADVANCED_FACE ( 'NONE', ( #2829 ), #2847, .T. ) ;
#842 = ORIENTED_EDGE ( 'NONE', *, *, #1424, .T. ) ;
#843 = CARTESIAN_POINT ( 'NONE',  ( 4.073395557355613761, 10.90000000000000391, -2.236990633932058437 ) ) ;
#844 = CARTESIAN_POINT ( 'NONE',  ( -3.375000000000000000, 24.78707656525732261, -0.7999999999999994893 ) ) ;
#845 = ORIENTED_EDGE ( 'NONE', *, *, #883, .T. ) ;
#846 = CARTESIAN_POINT ( 'NONE',  ( 2.299999999999999822, 24.78707656525732261, 1.524999999999999689 ) ) ;
#847 = VERTEX_POINT ( 'NONE', #2885 ) ;
#848 = ORIENTED_EDGE ( 'NONE', *, *, #2238, .T. ) ;
#849 = LINE ( 'NONE', #2462, #3109 ) ;
#850 = DIRECTION ( 'NONE',  ( 0.000000000000000000, 0.000000000000000000, -1.000000000000000000 ) ) ;
#851 = ADVANCED_FACE ( 'NONE', ( #1306 ), #2363, .F. ) ;
#852 = CARTESIAN_POINT ( 'NONE',  ( -3.999999999999973355, 0.000000000000000000, -1.494999999999998996 ) ) ;
#853 = CARTESIAN_POINT ( 'NONE',  ( -3.375000000000000000, 24.78707656525732261, -0.7999999999999994893 ) ) ;
#854 = ORIENTED_EDGE ( 'NONE', *, *, #93, .F. ) ;
#855 = FACE_OUTER_BOUND ( 'NONE', #1553, .T. ) ;
#856 = AXIS2_PLACEMENT_3D ( 'NONE', #805, #3141, #2930 ) ;
#857 = CARTESIAN_POINT ( 'NONE',  ( 3.835307874093122127, 10.90000000000001101, -2.105925594649833865 ) ) ;
#858 = FACE_OUTER_BOUND ( 'NONE', #2194, .T. ) ;
#859 = DIRECTION ( 'NONE',  ( 0.000000000000000000, -1.000000000000000000, 0.000000000000000000 ) ) ;
#860 = EDGE_LOOP ( 'NONE', ( #2752, #1154, #2831, #934 ) ) ;
#861 = EDGE_LOOP ( 'NONE', ( #1292, #2879, #2295, #2444 ) ) ;
#862 = FACE_OUTER_BOUND ( 'NONE', #2461, .T. ) ;
#863 = CARTESIAN_POINT ( 'NONE',  ( 4.142086077599018701, 11.09999999999999432, -2.021803997042377787 ) ) ;
#864 = B_SPLINE_SURFACE_WITH_KNOTS ( 'NONE', 3, 1, ( 
 ( #839, #1076 ),
 ( #2154, #1109 ),
 ( #3233, #250 ),
 ( #2971, #265 ),
 ( #1035, #3241 ),
 ( #1304, #1086 ),
 ( #2379, #831 ),
 ( #3451, #2691 ),
 ( #2361, #11 ),
 ( #1901, #1603 ),
 ( #1621, #2116 ) ),
 .UNSPECIFIED., .F., .F., .F.,
 ( 4, 1, 1, 1, 1, 1, 1, 1, 4 ),
 ( 2, 2 ),
 ( 0.000000000000000000, 0.09777309142787116159, 0.2008595583159924758, 0.3104413856836797381, 0.4278160755510520552, 0.5551683857438871605, 0.6918337433922822077, 0.8400887298374510870, 1.000000000000000000 ),
 ( 0.000000000000000000, 1.000000000000000000 ),
 .UNSPECIFIED. ) ;
#865 = EDGE_CURVE ( 'NONE', #2346, #1536, #3362, .T. ) ;
#866 = FACE_OUTER_BOUND ( 'NONE', #2130, .T. ) ;
#867 = ORIENTED_EDGE ( 'NONE', *, *, #2019, .F. ) ;
#868 = CARTESIAN_POINT ( 'NONE',  ( 3.897544611418270577, 10.90000000000000746, -2.494183693459658624 ) ) ;
#869 = LINE ( 'NONE', #1910, #3249 ) ;
#870 = STYLED_ITEM ( 'NONE', ( #2037 ), #3458 ) ;
#871 = VERTEX_POINT ( 'NONE', #1020 ) ;
#872 = CARTESIAN_POINT ( 'NONE',  ( -4.100000000000001421, 11.09999999999999964, -1.874999999999999556 ) ) ;
#873 = DIRECTION ( 'NONE',  ( -1.000000000000000000, 0.000000000000000000, 0.000000000000000000 ) ) ;
#874 = VERTEX_POINT ( 'NONE', #984 ) ;
#875 = VECTOR ( 'NONE', #2623, 1000.000000000000114 ) ;
#876 = VERTEX_POINT ( 'NONE', #2867 ) ;
#877 = CARTESIAN_POINT ( 'NONE',  ( 3.371875137137758660, 10.89999999999999680, -2.696182417864171121 ) ) ;
#878 = ORIENTED_EDGE ( 'NONE', *, *, #2531, .F. ) ;
#879 = PLANE ( 'NONE',  #981 ) ;
#880 = LINE ( 'NONE', #1952, #707 ) ;
#881 = ORIENTED_EDGE ( 'NONE', *, *, #2677, .F. ) ;
#882 = VECTOR ( 'NONE', #3101, 1000.000000000000000 ) ;
#883 = EDGE_CURVE ( 'NONE', #2714, #1836, #2058, .T. ) ;
#884 = DIRECTION ( 'NONE',  ( -1.000000000000000000, -0.000000000000000000, -0.000000000000000000 ) ) ;
#885 =( NAMED_UNIT ( * ) SI_UNIT ( $, .STERADIAN. ) SOLID_ANGLE_UNIT ( ) );
#886 = AXIS2_PLACEMENT_3D ( 'NONE', #894, #3265, #358 ) ;
#887 = CARTESIAN_POINT ( 'NONE',  ( 3.322461343529464983, 10.90000000000000036, -2.698705397854765931 ) ) ;
#888 = EDGE_CURVE ( 'NONE', #3350, #953, #1797, .T. ) ;
#889 = EDGE_LOOP ( 'NONE', ( #559, #1940, #660, #1928 ) ) ;
#890 = DIRECTION ( 'NONE',  ( -1.000000000000000000, 0.000000000000000000, 3.854941057726239478E-15 ) ) ;
#891 = CARTESIAN_POINT ( 'NONE',  ( 3.851649458239699619, 10.90000000000000391, -2.051691603631510485 ) ) ;
#892 = ORIENTED_EDGE ( 'NONE', *, *, #2054, .T. ) ;
#893 = ADVANCED_FACE ( 'NONE', ( #3417 ), #419, .F. ) ;
#894 = CARTESIAN_POINT ( 'NONE',  ( -3.025000000000000355, 24.78707656525732261, -1.874999999999999556 ) ) ;
#895 = EDGE_LOOP ( 'NONE', ( #3152, #647, #2632, #842 ) ) ;
#896 = PLANE ( 'NONE',  #2399 ) ;
#897 = LINE ( 'NONE', #3325, #539 ) ;
#898 = CARTESIAN_POINT ( 'NONE',  ( -3.587179487179488646, 11.09999999999999964, 1.776923076923077049 ) ) ;
#899 = ORIENTED_EDGE ( 'NONE', *, *, #1145, .T. ) ;
#900 = CARTESIAN_POINT ( 'NONE',  ( 3.323143657395597028, 11.10000000000000675, -2.467196514113906058 ) ) ;
#901 = LINE ( 'NONE', #1461, #2726 ) ;
#902 = CARTESIAN_POINT ( 'NONE',  ( 4.112809654072365539, 11.10000000000000320, -2.133340274862339569 ) ) ;
#903 = CARTESIAN_POINT ( 'NONE',  ( -4.100000000000001421, 10.90000000000000036, -1.524999999999999467 ) ) ;
#904 = EDGE_CURVE ( 'NONE', #2101, #59, #1493, .T. ) ;
#905 = ORIENTED_EDGE ( 'NONE', *, *, #3232, .F. ) ;
#906 = CARTESIAN_POINT ( 'NONE',  ( 3.375000000000000000, 11.09999999999999964, 0.7999999999999999334 ) ) ;
#907 = CARTESIAN_POINT ( 'NONE',  ( 3.214663461538461053, 10.90000000000000036, -2.700000000000000178 ) ) ;
#908 = VERTEX_POINT ( 'NONE', #1531 ) ;
#909 = LINE ( 'NONE', #2489, #699 ) ;
#910 = LINE ( 'NONE', #1177, #1440 ) ;
#911 = ORIENTED_EDGE ( 'NONE', *, *, #1933, .F. ) ;
#912 = EDGE_CURVE ( 'NONE', #163, #2730, #3473, .T. ) ;
#913 = CARTESIAN_POINT ( 'NONE',  ( 3.539630647044698541, 10.90000000000000036, -2.431319626449735871 ) ) ;
#914 = ORIENTED_EDGE ( 'NONE', *, *, #247, .T. ) ;
#915 = CARTESIAN_POINT ( 'NONE',  ( 4.159872910394391887, 10.90000000000000391, -1.497756692729727002 ) ) ;
#916 = ORIENTED_EDGE ( 'NONE', *, *, #2023, .T. ) ;
#917 = CARTESIAN_POINT ( 'NONE',  ( 3.621725517846816178, 10.89999999999999680, -1.011206330709000456 ) ) ;
#918 = CARTESIAN_POINT ( 'NONE',  ( 4.171794871794872073, 10.90000000000000036, -1.710817307692307665 ) ) ;
#919 = VECTOR ( 'NONE', #2183, 1000.000000000000000 ) ;
#920 = CARTESIAN_POINT ( 'NONE',  ( -1.550000000000000266, 10.90000000000000036, -2.650000000000000355 ) ) ;
#921 = FACE_OUTER_BOUND ( 'NONE', #2598, .T. ) ;
#922 =( GEOMETRIC_REPRESENTATION_CONTEXT ( 3 ) GLOBAL_UNCERTAINTY_ASSIGNED_CONTEXT ( ( #1039 ) ) GLOBAL_UNIT_ASSIGNED_CONTEXT ( ( #1144, #1672, #1709 ) ) REPRESENTATION_CONTEXT ( 'NONE', 'WORKASPACE' ) );
#924 = AXIS2_PLACEMENT_3D ( 'NONE', #2696, #2139, #3480 ) ;
#923 = PLANE ( 'NONE',  #3479 ) ;
#925 = EDGE_LOOP ( 'NONE', ( #1213, #577, #1413, #2072 ) ) ;
#926 = EDGE_CURVE ( 'NONE', #1218, #608, #2381, .T. ) ;
#927 = DIRECTION ( 'NONE',  ( 9.637352644315592778E-16, 0.000000000000000000, 1.000000000000000000 ) ) ;
#928 = DIRECTION ( 'NONE',  ( 0.000000000000000000, -0.000000000000000000, 1.000000000000000000 ) ) ;
#929 = VERTEX_POINT ( 'NONE', #786 ) ;
#930 = EDGE_CURVE ( 'NONE', #977, #2869, #1857, .T. ) ;
#931 = DIRECTION ( 'NONE',  ( -1.000000000000000000, -0.000000000000000000, -0.000000000000000000 ) ) ;
#932 = DIRECTION ( 'NONE',  ( 1.000000000000000000, 0.000000000000000000, 0.000000000000000000 ) ) ;
#933 = VECTOR ( 'NONE', #698, 1000.000000000000000 ) ;
#934 = ORIENTED_EDGE ( 'NONE', *, *, #1801, .T. ) ;
#935 = VECTOR ( 'NONE', #3117, 1000.000000000000000 ) ;
#936 = CARTESIAN_POINT ( 'NONE',  ( -3.587179487179488202, 10.90000000000000036, 1.776923076923077049 ) ) ;
#937 = ORIENTED_EDGE ( 'NONE', *, *, #1120, .T. ) ;
#938 = CARTESIAN_POINT ( 'NONE',  ( -2.407692307692308464, 10.90000000000000036, 2.469230769230769784 ) ) ;
#939 = LINE ( 'NONE', #2548, #3134 ) ;
#940 = VECTOR ( 'NONE', #3415, 1000.000000000000000 ) ;
#941 = EDGE_LOOP ( 'NONE', ( #3371, #1125, #3044, #1381 ) ) ;
#942 = LINE ( 'NONE', #3045, #2003 ) ;
#943 = CARTESIAN_POINT ( 'NONE',  ( -5.950000000000001066, 0.000000000000000000, -3.149999999999999911 ) ) ;
#944 = CARTESIAN_POINT ( 'NONE',  ( 3.575433909083865380, 11.10000000000000142, -0.9866775805419494283 ) ) ;
#945 = CARTESIAN_POINT ( 'NONE',  ( -2.050000000000004263, 7.100000000000000533, -0.2500000000000000000 ) ) ;
#946 = ORIENTED_EDGE ( 'NONE', *, *, #464, .F. ) ;
#947 = FACE_OUTER_BOUND ( 'NONE', #2859, .T. ) ;
#948 = PLANE ( 'NONE',  #2779 ) ;
#949 = ORIENTED_EDGE ( 'NONE', *, *, #2238, .F. ) ;
#950 = EDGE_CURVE ( 'NONE', #1644, #3129, #252, .T. ) ;
#951 = CARTESIAN_POINT ( 'NONE',  ( 3.898446693500821958, 11.09999999999999964, -0.9128443052572430272 ) ) ;
#952 = ORIENTED_EDGE ( 'NONE', *, *, #865, .T. ) ;
#953 = VERTEX_POINT ( 'NONE', #2149 ) ;
#954 = CARTESIAN_POINT ( 'NONE',  ( 4.171794871794872073, 10.90000000000000036, -1.710817307692307665 ) ) ;
#955 = DIRECTION ( 'NONE',  ( -1.000000000000000000, 0.000000000000000000, -2.990902544787597606E-16 ) ) ;
#956 = EDGE_CURVE ( 'NONE', #1972, #3279, #2118, .T. ) ;
#957 = CARTESIAN_POINT ( 'NONE',  ( 4.050751250384249325, 10.90000000000000391, -2.285802609063395163 ) ) ;
#958 = VERTEX_POINT ( 'NONE', #2670 ) ;
#959 = ORIENTED_EDGE ( 'NONE', *, *, #2871, .F. ) ;
#960 = DIRECTION ( 'NONE',  ( 0.000000000000000000, -1.000000000000000000, 0.000000000000000000 ) ) ;
#961 = LINE ( 'NONE', #3102, #1590 ) ;
#962 = CARTESIAN_POINT ( 'NONE',  ( 3.374999999999999556, 10.90000000000000036, 2.599999999999999645 ) ) ;
#963 = DIRECTION ( 'NONE',  ( 0.000000000000000000, 0.000000000000000000, -1.000000000000000000 ) ) ;
#964 = VERTEX_POINT ( 'NONE', #2136 ) ;
#965 = CARTESIAN_POINT ( 'NONE',  ( 2.299999999999999822, 10.90000000000000036, 1.524999999999999689 ) ) ;
#966 = DIRECTION ( 'NONE',  ( 1.000000000000000000, 0.000000000000000000, 0.000000000000000000 ) ) ;
#967 = VECTOR ( 'NONE', #2453, 1000.000000000000000 ) ;
#968 = EDGE_LOOP ( 'NONE', ( #905, #472, #2366, #1871, #1378, #3094, #763, #2981, #1382, #1563 ) ) ;
#969 = CARTESIAN_POINT ( 'NONE',  ( 3.889191486603338355, 10.90000000000000036, -1.678607053205012800 ) ) ;
#970 = VECTOR ( 'NONE', #3038, 1000.000000000000000 ) ;
#971 = ADVANCED_FACE ( 'NONE', ( #3191 ), #1888, .T. ) ;
#972 = EDGE_LOOP ( 'NONE', ( #2993, #1391, #1516, #668 ) ) ;
#973 = CARTESIAN_POINT ( 'NONE',  ( 3.374999999999999556, 24.78707656525732261, 1.875000000000000000 ) ) ;
#974 = LINE ( 'NONE', #3116, #2375 ) ;
#975 = CARTESIAN_POINT ( 'NONE',  ( 2.530769230769230660, 24.78707656525732261, -0.6999999999999999556 ) ) ;
#976 = FACE_OUTER_BOUND ( 'NONE', #2114, .T. ) ;
#977 = VERTEX_POINT ( 'NONE', #519 ) ;
#978 = VERTEX_POINT ( 'NONE', #1322 ) ;
#979 = DIRECTION ( 'NONE',  ( -1.000000000000000000, 0.000000000000000000, 0.000000000000000000 ) ) ;
#980 = FACE_OUTER_BOUND ( 'NONE', #889, .T. ) ;
#981 = AXIS2_PLACEMENT_3D ( 'NONE', #96, #2904, #2305 ) ;
#982 = CARTESIAN_POINT ( 'NONE',  ( -4.000000000000001776, 0.000000000000000000, 1.495000000000000329 ) ) ;
#983 = ORIENTED_EDGE ( 'NONE', *, *, #2968, .F. ) ;
#984 = CARTESIAN_POINT ( 'NONE',  ( -4.100000000000001421, 10.90000000000000036, -1.524999999999999467 ) ) ;
#985 = CARTESIAN_POINT ( 'NONE',  ( 5.950000000000001066, 0.000000000000000000, 3.149999999999999911 ) ) ;
#986 = LINE ( 'NONE', #2309, #3099 ) ;
#987 = EDGE_CURVE ( 'NONE', #1116, #2146, #1872, .T. ) ;
#988 = ORIENTED_EDGE ( 'NONE', *, *, #3409, .T. ) ;
#989 = DIRECTION ( 'NONE',  ( 1.000000000000000000, 0.000000000000000000, 3.097720492815731110E-16 ) ) ;
#990 = DIRECTION ( 'NONE',  ( -0.000000000000000000, -0.000000000000000000, -1.000000000000000000 ) ) ;
#991 = DIRECTION ( 'NONE',  ( 1.000000000000000000, 0.000000000000000000, 0.000000000000000000 ) ) ;
#992 = LINE ( 'NONE', #1503, #318 ) ;
#993 = ORIENTED_EDGE ( 'NONE', *, *, #865, .F. ) ;
#994 = EDGE_CURVE ( 'NONE', #2717, #1237, #2940, .T. ) ;
#995 = AXIS2_PLACEMENT_3D ( 'NONE', #514, #260, #1581 ) ;
#996 = ORIENTED_EDGE ( 'NONE', *, *, #1465, .T. ) ;
#997 = CARTESIAN_POINT ( 'NONE',  ( 3.233360217782009549, 11.10000000000000320, -2.699915535310168924 ) ) ;
#998 = DIRECTION ( 'NONE',  ( -1.239088197126290669E-15, 0.000000000000000000, 1.000000000000000000 ) ) ;
#999 = LINE ( 'NONE', #1244, #1562 ) ;
#1000 = EDGE_CURVE ( 'NONE', #2008, #65, #3489, .T. ) ;
#1001 = CARTESIAN_POINT ( 'NONE',  ( 3.858894230769230216, 24.78707656525732261, -2.528125000000000178 ) ) ;
#1002 = ORIENTED_EDGE ( 'NONE', *, *, #2317, .T. ) ;
#1003 = DIRECTION ( 'NONE',  ( 1.000000000000000000, 0.000000000000000000, 0.000000000000000000 ) ) ;
#1004 = FILL_AREA_STYLE ('',( #1021 ) ) ;
#1005 = ORIENTED_EDGE ( 'NONE', *, *, #1377, .T. ) ;
#1006 = DIRECTION ( 'NONE',  ( -0.000000000000000000, -1.000000000000000000, -0.000000000000000000 ) ) ;
#1007 = ORIENTED_EDGE ( 'NONE', *, *, #3431, .T. ) ;
#1008 = DIRECTION ( 'NONE',  ( -3.097720492815731110E-16, 0.000000000000000000, 1.000000000000000000 ) ) ;
#1009 = LINE ( 'NONE', #3161, #1491 ) ;
#1010 = LINE ( 'NONE', #3180, #2174 ) ;
#1011 = CARTESIAN_POINT ( 'NONE',  ( 4.050751250384249325, 11.09999999999999964, -2.285802609063395163 ) ) ;
#1012 = ORIENTED_EDGE ( 'NONE', *, *, #2958, .F. ) ;
#1013 = ADVANCED_FACE ( 'NONE', ( #1295 ), #3142, .F. ) ;
#1014 = VERTEX_POINT ( 'NONE', #1539 ) ;
#1015 = CARTESIAN_POINT ( 'NONE',  ( 4.143873796072822913, 10.90000000000000036, -1.399625478182307647 ) ) ;
#1016 = FACE_OUTER_BOUND ( 'NONE', #1173, .T. ) ;
#1017 = CARTESIAN_POINT ( 'NONE',  ( -3.025000000000000355, 10.90000000000000036, -1.874999999999999556 ) ) ;
#1018 = CARTESIAN_POINT ( 'NONE',  ( 1.550000000000000266, -7.516648189186458495, -0.2499999999999997780 ) ) ;
#1019 = VERTEX_POINT ( 'NONE', #2069 ) ;
#1020 = CARTESIAN_POINT ( 'NONE',  ( -2.535897435897436658, 11.09999999999999964, 1.546153846153846212 ) ) ;
#1021 = FILL_AREA_STYLE_COLOUR ( '', #1606 ) ;
#1022 = VECTOR ( 'NONE', #1632, 1000.000000000000000 ) ;
#1023 = LINE ( 'NONE', #708, #1142 ) ;
#1024 = ADVANCED_FACE ( 'NONE', ( #525 ), #178, .F. ) ;
#1025 = VERTEX_POINT ( 'NONE', #1577 ) ;
#1026 = CARTESIAN_POINT ( 'NONE',  ( 2.299999999999998934, 10.90000000000000036, 1.874999999999999778 ) ) ;
#1027 = FACE_OUTER_BOUND ( 'NONE', #2210, .T. ) ;
#1028 = CARTESIAN_POINT ( 'NONE',  ( -3.375000000000000000, 11.09999999999999964, -0.7999999999999994893 ) ) ;
#1029 = DIRECTION ( 'NONE',  ( 0.000000000000000000, 0.000000000000000000, 1.000000000000000000 ) ) ;
#1030 = ORIENTED_EDGE ( 'NONE', *, *, #3122, .F. ) ;
#1031 = CARTESIAN_POINT ( 'NONE',  ( 4.171794871794872073, 10.90000000000000391, -1.710817307692307665 ) ) ;
#1032 = LINE ( 'NONE', #493, #269 ) ;
#1033 = EDGE_LOOP ( 'NONE', ( #1637, #1131, #1274, #1178 ) ) ;
#1034 = PLANE ( 'NONE',  #2851 ) ;
#1035 = CARTESIAN_POINT ( 'NONE',  ( 3.813162939718458766, 11.10000000000000497, -1.252398394000925563 ) ) ;
#1036 = ORIENTED_EDGE ( 'NONE', *, *, #1066, .T. ) ;
#1037 = DIRECTION ( 'NONE',  ( 0.000000000000000000, 0.000000000000000000, 1.000000000000000000 ) ) ;
#1038 = CARTESIAN_POINT ( 'NONE',  ( 3.697435897435897179, 24.78707656525732261, -1.072195512820512731 ) ) ;
#1039 = UNCERTAINTY_MEASURE_WITH_UNIT (LENGTH_MEASURE( 1.000000000000000082E-05 ), #1144, 'distance_accuracy_value', 'NONE');
#1040 = VECTOR ( 'NONE', #927, 1000.000000000000000 ) ;
#1041 = EDGE_CURVE ( 'NONE', #2884, #169, #2354, .T. ) ;
#1042 = EDGE_CURVE ( 'NONE', #3224, #964, #2387, .T. ) ;
#1043 = DIRECTION ( 'NONE',  ( 0.000000000000000000, 0.000000000000000000, 1.000000000000000000 ) ) ;
#1044 = AXIS2_PLACEMENT_3D ( 'NONE', #2236, #613, #365 ) ;
#1045 = ORIENTED_EDGE ( 'NONE', *, *, #2248, .T. ) ;
#1046 = CARTESIAN_POINT ( 'NONE',  ( 5.950000000000001066, 0.000000000000000000, 3.149999999999999911 ) ) ;
#1047 = DIRECTION ( 'NONE',  ( 0.000000000000000000, 0.000000000000000000, -1.000000000000000000 ) ) ;
#1048 = LINE ( 'NONE', #470, #1384 ) ;
#1049 = VECTOR ( 'NONE', #2251, 1000.000000000000000 ) ;
#1050 = ORIENTED_EDGE ( 'NONE', *, *, #3431, .F. ) ;
#1051 = CARTESIAN_POINT ( 'NONE',  ( 4.024617230478386709, 10.90000000000000391, -1.077978688153306663 ) ) ;
#1052 = CARTESIAN_POINT ( 'NONE',  ( 3.796526684985857436, 10.90000000000000036, -2.577604581025331409 ) ) ;
#1053 = VECTOR ( 'NONE', #2978, 1000.000000000000000 ) ;
#1054 = ORIENTED_EDGE ( 'NONE', *, *, #912, .T. ) ;
#1055 = LINE ( 'NONE', #478, #2293 ) ;
#1056 = LINE ( 'NONE', #1018, #646 ) ;
#1057 = ORIENTED_EDGE ( 'NONE', *, *, #3253, .T. ) ;
#1058 = DIRECTION ( 'NONE',  ( -0.000000000000000000, -1.000000000000000000, -0.000000000000000000 ) ) ;
#1059 = VECTOR ( 'NONE', #2594, 1000.000000000000000 ) ;
#1060 = LINE ( 'NONE', #2418, #1829 ) ;
#1061 = EDGE_CURVE ( 'NONE', #59, #1209, #240, .T. ) ;
#1062 = ORIENTED_EDGE ( 'NONE', *, *, #904, .T. ) ;
#1063 = CARTESIAN_POINT ( 'NONE',  ( 3.889191486603338355, 11.10000000000000320, -1.678607053205012800 ) ) ;
#1064 = LINE ( 'NONE', #1576, #526 ) ;
#1065 = CARTESIAN_POINT ( 'NONE',  ( -3.600000000000001421, -7.799999999999999822, 1.045000000000000373 ) ) ;
#1066 = EDGE_CURVE ( 'NONE', #2015, #1809, #3462, .T. ) ;
#1067 = CARTESIAN_POINT ( 'NONE',  ( -3.375000000000000000, 11.09999999999999964, -2.599999999999999201 ) ) ;
#1068 = CARTESIAN_POINT ( 'NONE',  ( 3.520205464316288335, 10.90000000000000213, -2.438428403222760998 ) ) ;
#1069 = EDGE_CURVE ( 'NONE', #1972, #2884, #738, .T. ) ;
#1070 = ORIENTED_EDGE ( 'NONE', *, *, #3051, .T. ) ;
#1071 = CARTESIAN_POINT ( 'NONE',  ( -4.000000000000001776, -7.799999999999999822, 1.045000000000000373 ) ) ;
#1072 = DIRECTION ( 'NONE',  ( -0.000000000000000000, 0.000000000000000000, 1.000000000000000000 ) ) ;
#1073 = DIRECTION ( 'NONE',  ( -0.000000000000000000, -1.000000000000000000, -0.000000000000000000 ) ) ;
#1074 = PLANE ( 'NONE',  #1202 ) ;
#1075 = CARTESIAN_POINT ( 'NONE',  ( 3.247115384615384404, 11.09999999999999787, -0.6999999999999999556 ) ) ;
#1076 = CARTESIAN_POINT ( 'NONE',  ( 3.697435897435897179, 10.90000000000000391, -1.072195512820512731 ) ) ;
#1077 = LINE ( 'NONE', #543, #2202 ) ;
#1078 = MECHANICAL_DESIGN_GEOMETRIC_PRESENTATION_REPRESENTATION (  '', ( #2707 ), #1309 ) ;
#1079 = EDGE_CURVE ( 'NONE', #2188, #3279, #2586, .T. ) ;
#1080 = EDGE_CURVE ( 'NONE', #2886, #299, #1277, .T. ) ;
#1081 = EDGE_LOOP ( 'NONE', ( #2567, #2926, #1651, #2377 ) ) ;
#1082 = CARTESIAN_POINT ( 'NONE',  ( 3.803558654875301315, 11.10000000000000142, -0.8331766423787501097 ) ) ;
#1083 = CARTESIAN_POINT ( 'NONE',  ( 3.838175647486647080, 10.90000000000000391, -2.544562183913272158 ) ) ;
#1084 = ORIENTED_EDGE ( 'NONE', *, *, #1041, .F. ) ;
#1085 = CARTESIAN_POINT ( 'NONE',  ( 3.548798076923076472, 11.10000000000000320, -2.427964743589743346 ) ) ;
#1086 = CARTESIAN_POINT ( 'NONE',  ( 3.840678656782087863, 10.90000000000000746, -1.328830244128766935 ) ) ;
#1087 = VERTEX_POINT ( 'NONE', #1028 ) ;
#1088 = LINE ( 'NONE', #2984, #1265 ) ;
#1089 = DIRECTION ( 'NONE',  ( 0.000000000000000000, 0.000000000000000000, -1.000000000000000000 ) ) ;
#1090 = VECTOR ( 'NONE', #729, 1000.000000000000000 ) ;
#1091 = EDGE_CURVE ( 'NONE', #1116, #769, #1010, .T. ) ;
#1092 = EDGE_CURVE ( 'NONE', #2557, #2015, #1048, .T. ) ;
#1093 = LINE ( 'NONE', #1629, #1551 ) ;
#1094 = LINE ( 'NONE', #1347, #2323 ) ;
#1095 = VECTOR ( 'NONE', #2830, 1000.000000000000000 ) ;
#1096 = VECTOR ( 'NONE', #2124, 1000.000000000000000 ) ;
#1097 = ORIENTED_EDGE ( 'NONE', *, *, #625, .F. ) ;
#1098 = CARTESIAN_POINT ( 'NONE',  ( 3.932961983091989300, 11.09999999999999432, -2.456875088399585572 ) ) ;
#1099 = DIRECTION ( 'NONE',  ( -0.000000000000000000, 1.000000000000000000, -0.000000000000000000 ) ) ;
#1100 = EDGE_LOOP ( 'NONE', ( #199, #3054, #2635, #1279 ) ) ;
#1101 = DIRECTION ( 'NONE',  ( -1.000000000000000000, 0.000000000000000000, -0.000000000000000000 ) ) ;
#1102 = CARTESIAN_POINT ( 'NONE',  ( 3.680852044684721935, 10.89999999999999858, -2.342270004954176255 ) ) ;
#1103 = ORIENTED_EDGE ( 'NONE', *, *, #1069, .F. ) ;
#1104 = ADVANCED_FACE ( 'NONE', ( #2126 ), #776, .F. ) ;
#1105 = VECTOR ( 'NONE', #859, 1000.000000000000000 ) ;
#1106 = AXIS2_PLACEMENT_3D ( 'NONE', #739, #2877, #2530 ) ;
#1107 = DIRECTION ( 'NONE',  ( -0.000000000000000000, -0.000000000000000000, -1.000000000000000000 ) ) ;
#1108 = PLANE ( 'NONE',  #552 ) ;
#1109 = CARTESIAN_POINT ( 'NONE',  ( 3.712190597147766002, 10.90000000000000036, -1.089066397686375698 ) ) ;
#1110 = DIRECTION ( 'NONE',  ( 9.637352644315592778E-16, 0.000000000000000000, 1.000000000000000000 ) ) ;
#1111 = B_SPLINE_CURVE_WITH_KNOTS ( 'NONE', 3,
 ( #954, #427, #160, #915, #1710, #1986, #2497, #3293, #1955, #655, #3021, #2545, #1971, #3079, #1729, #3040, #2764, #1479, #352, #2025, #84, #1163, #2802 ),
 .UNSPECIFIED., .F., .F.,
 ( 4, 1, 1, 1, 1, 1, 1, 1, 1, 1, 1, 1, 1, 1, 1, 1, 1, 1, 1, 1, 4 ),
 ( 0.000000000000000000, 0.07053769134858835221, 0.1372646867459543230, 0.2004717800514642656, 0.2605726507386386115, 0.3172033328322663159, 0.3700059665960386268, 0.4198240769487198709, 0.4662405666681539440, 0.5101335732312353155, 0.5520810507302985615, 0.5918629642582051709, 0.6303363934104363464, 0.6687155633051179437, 0.7087060924827753849, 0.7508955766676818078, 0.7952853503774168775, 0.8419800983167449182, 0.8917647923814723265, 0.9442941902680852539, 1.000000000000000000 ),
 .UNSPECIFIED. ) ;
#1112 = ORIENTED_EDGE ( 'NONE', *, *, #80, .F. ) ;
#1113 = CARTESIAN_POINT ( 'NONE',  ( 4.100000000000001421, 10.90000000000000036, 1.875000000000000000 ) ) ;
#1114 = CARTESIAN_POINT ( 'NONE',  ( 3.835307874093122127, 11.09999999999999964, -2.105925594649833865 ) ) ;
#1115 = ADVANCED_FACE ( 'NONE', ( #3407 ), #1823, .T. ) ;
#1116 = VERTEX_POINT ( 'NONE', #488 ) ;
#1117 = DIRECTION ( 'NONE',  ( -0.000000000000000000, -1.000000000000000000, -0.000000000000000000 ) ) ;
#1118 = SURFACE_STYLE_FILL_AREA ( #1380 ) ;
#1119 = ORIENTED_EDGE ( 'NONE', *, *, #1424, .F. ) ;
#1120 = EDGE_CURVE ( 'NONE', #2029, #2160, #1848, .T. ) ;
#1121 = EDGE_LOOP ( 'NONE', ( #3087, #946, #3344, #706, #1600, #382, #1923, #1861 ) ) ;
#1122 = CARTESIAN_POINT ( 'NONE',  ( -2.050000000000004263, 10.90000000000000036, -0.2500000000000000000 ) ) ;
#1123 = CARTESIAN_POINT ( 'NONE',  ( 3.932961983091989300, 11.09999999999999076, -2.456875088399585572 ) ) ;
#1124 = DIRECTION ( 'NONE',  ( 0.000000000000000000, 0.000000000000000000, 1.000000000000000000 ) ) ;
#1125 = ORIENTED_EDGE ( 'NONE', *, *, #2593, .T. ) ;
#1126 = DIRECTION ( 'NONE',  ( 0.000000000000000000, 0.000000000000000000, -1.000000000000000000 ) ) ;
#1127 = AXIS2_PLACEMENT_3D ( 'NONE', #1294, #1594, #542 ) ;
#1128 = CARTESIAN_POINT ( 'NONE',  ( 1.550000000000000266, -7.516648189186458495, -2.650000000000000799 ) ) ;
#1129 = ORIENTED_EDGE ( 'NONE', *, *, #2308, .F. ) ;
#1130 = CARTESIAN_POINT ( 'NONE',  ( -3.587179487179488202, 11.09999999999999964, 2.469230769230769784 ) ) ;
#1131 = ORIENTED_EDGE ( 'NONE', *, *, #1678, .T. ) ;
#1132 = VECTOR ( 'NONE', #840, 1000.000000000000000 ) ;
#1133 = ORIENTED_EDGE ( 'NONE', *, *, #1742, .F. ) ;
#1134 = EDGE_CURVE ( 'NONE', #421, #2949, #3322, .T. ) ;
#1135 = CARTESIAN_POINT ( 'NONE',  ( 3.460176467659835886, 10.89999999999999858, -2.689017228444448460 ) ) ;
#1136 = ORIENTED_EDGE ( 'NONE', *, *, #1134, .T. ) ;
#1137 = CARTESIAN_POINT ( 'NONE',  ( -1.549999999999999600, 7.100000000000000533, 0.2499999999999997780 ) ) ;
#1138 = CARTESIAN_POINT ( 'NONE',  ( 2.050000000000004707, 10.90000000000000036, 0.2500000000000000000 ) ) ;
#1139 = MANIFOLD_SOLID_BREP ( 'Boss-Extrude3', #1840 ) ;
#1140 = VERTEX_POINT ( 'NONE', #2704 ) ;
#1141 = EDGE_CURVE ( 'NONE', #871, #292, #327, .T. ) ;
#1142 = VECTOR ( 'NONE', #236, 1000.000000000000000 ) ;
#1143 = CARTESIAN_POINT ( 'NONE',  ( 3.370475651358566083, 10.89999999999999680, -2.464127135101726651 ) ) ;
#1144 =( LENGTH_UNIT ( ) NAMED_UNIT ( * ) SI_UNIT ( .MILLI., .METRE. ) );
#1145 = EDGE_CURVE ( 'NONE', #296, #759, #1171, .T. ) ;
#1146 = EDGE_LOOP ( 'NONE', ( #353, #1543, #1484, #712 ) ) ;
#1147 = CARTESIAN_POINT ( 'NONE',  ( 3.999999999999999112, -7.799999999999999822, -1.494999999999998996 ) ) ;
#1148 = CARTESIAN_POINT ( 'NONE',  ( 3.236565885942086496, 10.90000000000000036, -2.469011564095961120 ) ) ;
#1149 = VECTOR ( 'NONE', #1740, 1000.000000000000000 ) ;
#1150 = ORIENTED_EDGE ( 'NONE', *, *, #1369, .F. ) ;
#1151 = CARTESIAN_POINT ( 'NONE',  ( -3.375000000000000000, 24.78707656525732261, -0.7999999999999994893 ) ) ;
#1152 = CARTESIAN_POINT ( 'NONE',  ( -2.535897435897436658, 10.90000000000000036, 1.546153846153846212 ) ) ;
#1153 = AXIS2_PLACEMENT_3D ( 'NONE', #486, #1554, #2367 ) ;
#1154 = ORIENTED_EDGE ( 'NONE', *, *, #1092, .T. ) ;
#1155 = CARTESIAN_POINT ( 'NONE',  ( 0.000000000000000000, 11.09999999999999964, 0.000000000000000000 ) ) ;
#1156 = DIRECTION ( 'NONE',  ( -0.000000000000000000, -1.000000000000000000, -0.000000000000000000 ) ) ;
#1157 = DIRECTION ( 'NONE',  ( 1.000000000000000000, 0.000000000000000000, -0.000000000000000000 ) ) ;
#1158 = ORIENTED_EDGE ( 'NONE', *, *, #570, .T. ) ;
#1159 = AXIS2_PLACEMENT_3D ( 'NONE', #3148, #2283, #2013 ) ;
#1160 = CARTESIAN_POINT ( 'NONE',  ( 3.374999999999999556, 10.90000000000000036, 1.524999999999999911 ) ) ;
#1161 = AXIS2_PLACEMENT_3D ( 'NONE', #1432, #2249, #1635 ) ;
#1162 = PRODUCT_RELATED_PRODUCT_CATEGORY ( 'part', '', ( #2417 ) ) ;
#1163 = CARTESIAN_POINT ( 'NONE',  ( 3.276240613098987620, 10.89999999999999858, -0.7003323698178314238 ) ) ;
#1164 = ORIENTED_EDGE ( 'NONE', *, *, #1141, .T. ) ;
#1165 = CARTESIAN_POINT ( 'NONE',  ( 3.871758280727901624, 11.10000000000000320, -2.516828276509429418 ) ) ;
#1166 = DIRECTION ( 'NONE',  ( 0.7071067811865503483, 0.000000000000000000, -0.7071067811865446862 ) ) ;
#1167 = MANIFOLD_SOLID_BREP ( 'Boss-Extrude4[4]', #1214 ) ;
#1168 = AXIS2_PLACEMENT_3D ( 'NONE', #1779, #2040, #3111 ) ;
#1169 = ORIENTED_EDGE ( 'NONE', *, *, #1719, .T. ) ;
#1170 = PLANE ( 'NONE',  #149 ) ;
#1171 = LINE ( 'NONE', #298, #2562 ) ;
#1172 = EDGE_CURVE ( 'NONE', #2717, #3224, #2443, .T. ) ;
#1173 = EDGE_LOOP ( 'NONE', ( #678, #1911, #988, #2491 ) ) ;
#1174 = CARTESIAN_POINT ( 'NONE',  ( 3.599999999999973888, -7.799999999999999822, 1.045000000000000373 ) ) ;
#1175 = ORIENTED_EDGE ( 'NONE', *, *, #753, .T. ) ;
#1176 = CARTESIAN_POINT ( 'NONE',  ( 3.999999999999974243, 0.000000000000000000, 1.495000000000000551 ) ) ;
#1177 = CARTESIAN_POINT ( 'NONE',  ( 3.599999999999973888, 0.000000000000000000, 1.045000000000000373 ) ) ;
#1178 = ORIENTED_EDGE ( 'NONE', *, *, #2866, .F. ) ;
#1179 = CARTESIAN_POINT ( 'NONE',  ( -4.100000000000001421, 24.78707656525732261, -1.874999999999999556 ) ) ;
#1180 = DIRECTION ( 'NONE',  ( 1.000000000000000000, 0.000000000000000000, 0.000000000000000000 ) ) ;
#1181 = ORIENTED_EDGE ( 'NONE', *, *, #3414, .T. ) ;
#1182 = DIRECTION ( 'NONE',  ( 0.000000000000000000, 0.000000000000000000, -1.000000000000000000 ) ) ;
#1183 = DIRECTION ( 'NONE',  ( -0.000000000000000000, -1.000000000000000000, -0.000000000000000000 ) ) ;
#1184 = CARTESIAN_POINT ( 'NONE',  ( 4.112809654072365539, 10.90000000000000213, -2.133340274862339569 ) ) ;
#1185 = EDGE_CURVE ( 'NONE', #2123, #3123, #51, .T. ) ;
#1186 = ADVANCED_FACE ( 'NONE', ( #1942 ), #3010, .F. ) ;
#1187 = VECTOR ( 'NONE', #85, 1000.000000000000000 ) ;
#1188 = ORIENTED_EDGE ( 'NONE', *, *, #2628, .T. ) ;
#1189 = DIRECTION ( 'NONE',  ( 0.000000000000000000, 0.000000000000000000, 1.000000000000000000 ) ) ;
#1190 = FACE_OUTER_BOUND ( 'NONE', #155, .T. ) ;
#1191 = CARTESIAN_POINT ( 'NONE',  ( -4.000000000000001776, 0.000000000000000000, 1.495000000000000329 ) ) ;
#1192 = ORIENTED_EDGE ( 'NONE', *, *, #1939, .T. ) ;
#1193 = DIRECTION ( 'NONE',  ( 0.000000000000000000, 0.000000000000000000, -1.000000000000000000 ) ) ;
#1194 = LINE ( 'NONE', #3034, #1837 ) ;
#1195 = EDGE_LOOP ( 'NONE', ( #3035, #1431, #216, #1619 ) ) ;
#1196 = CARTESIAN_POINT ( 'NONE',  ( 4.171794871794872073, 11.09999999999999787, -1.710817307692307665 ) ) ;
#1197 = EDGE_CURVE ( 'NONE', #65, #2346, #186, .T. ) ;
#1198 = VERTEX_POINT ( 'NONE', #1263 ) ;
#1199 = CARTESIAN_POINT ( 'NONE',  ( 3.999999999999999112, -7.799999999999999822, -1.494999999999998996 ) ) ;
#1200 = CARTESIAN_POINT ( 'NONE',  ( 3.686097470988915159, 10.90000000000000036, -1.061309807544167816 ) ) ;
#1201 = CARTESIAN_POINT ( 'NONE',  ( -3.375000000000000000, 24.78707656525732261, -1.874999999999999556 ) ) ;
#1202 = AXIS2_PLACEMENT_3D ( 'NONE', #1357, #553, #566 ) ;
#1203 = LINE ( 'NONE', #1262, #2907 ) ;
#1204 = DIRECTION ( 'NONE',  ( 0.000000000000000000, 0.000000000000000000, 1.000000000000000000 ) ) ;
#1205 = DIRECTION ( 'NONE',  ( -0.7071067811865451302, 0.000000000000000000, -0.7071067811865500152 ) ) ;
#1206 = EDGE_CURVE ( 'NONE', #3410, #596, #1753, .T. ) ;
#1208 = VECTOR ( 'NONE', #557, 1000.000000000000000 ) ;
#1207 = FACE_OUTER_BOUND ( 'NONE', #2427, .T. ) ;
#1209 = VERTEX_POINT ( 'NONE', #2807 ) ;
#1210 = DIRECTION ( 'NONE',  ( -0.000000000000000000, -1.000000000000000000, -0.000000000000000000 ) ) ;
#1211 = PLANE ( 'NONE',  #3055 ) ;
#1212 = MANIFOLD_SOLID_BREP ( 'Boss-Extrude4[3]', #3186 ) ;
#1213 = ORIENTED_EDGE ( 'NONE', *, *, #3476, .F. ) ;
#1214 = CLOSED_SHELL ( 'NONE', ( #228, #2286, #2759, #1250, #1818, #3318 ) ) ;
#1215 = CARTESIAN_POINT ( 'NONE',  ( 3.218269230769230216, 11.10000000000000320, -2.469230769230769784 ) ) ;
#1216 = APPLICATION_CONTEXT ( 'automotive_design' ) ;
#1217 = VECTOR ( 'NONE', #2861, 1000.000000000000000 ) ;
#1218 = VERTEX_POINT ( 'NONE', #3067 ) ;
#1219 = VECTOR ( 'NONE', #1058, 1000.000000000000000 ) ;
#1220 = CARTESIAN_POINT ( 'NONE',  ( 3.499240873925709039, 11.09999999999999787, -2.684441503409919161 ) ) ;
#1221 = CARTESIAN_POINT ( 'NONE',  ( 3.392242315915160678, 10.90000000000000213, -0.9386084911663927777 ) ) ;
#1222 = LINE ( 'NONE', #1540, #2230 ) ;
#1223 = VECTOR ( 'NONE', #1869, 1000.000000000000000 ) ;
#1224 = ORIENTED_EDGE ( 'NONE', *, *, #2563, .T. ) ;
#1225 = ORIENTED_EDGE ( 'NONE', *, *, #2055, .F. ) ;
#1226 = LINE ( 'NONE', #1243, #1666 ) ;
#1227 = DIRECTION ( 'NONE',  ( 1.000000000000000000, 0.000000000000000000, 2.990902544787597606E-16 ) ) ;
#1228 = PLANE ( 'NONE',  #1159 ) ;
#1229 = DIRECTION ( 'NONE',  ( 0.000000000000000000, 0.000000000000000000, -1.000000000000000000 ) ) ;
#1230 = ORIENTED_EDGE ( 'NONE', *, *, #1661, .T. ) ;
#1231 = CARTESIAN_POINT ( 'NONE',  ( -5.950000000000001066, 0.000000000000000000, 3.149999999999999911 ) ) ;
#1232 = CARTESIAN_POINT ( 'NONE',  ( -3.599999999999973443, 0.000000000000000000, -1.494999999999998996 ) ) ;
#1233 = EDGE_LOOP ( 'NONE', ( #3404, #3026, #532, #95 ) ) ;
#1234 = EDGE_CURVE ( 'NONE', #1140, #2362, #2340, .T. ) ;
#1235 = CARTESIAN_POINT ( 'NONE',  ( 3.878288943335041150, 10.90000000000000213, -1.506590620034811145 ) ) ;
#1236 = ORIENTED_EDGE ( 'NONE', *, *, #580, .F. ) ;
#1237 = VERTEX_POINT ( 'NONE', #1791 ) ;
#1238 = CARTESIAN_POINT ( 'NONE',  ( 3.225080128205128016, 11.09999999999999964, -0.9307692307692307931 ) ) ;
#1239 = CARTESIAN_POINT ( 'NONE',  ( -4.100000000000001421, 11.09999999999999964, -1.524999999999999467 ) ) ;
#1240 = CARTESIAN_POINT ( 'NONE',  ( 3.548798076923076472, 10.90000000000000746, -2.427964743589743346 ) ) ;
#1241 = ORIENTED_EDGE ( 'NONE', *, *, #1627, .T. ) ;
#1242 = EDGE_LOOP ( 'NONE', ( #2403, #366, #2171, #357 ) ) ;
#1243 = CARTESIAN_POINT ( 'NONE',  ( 4.100000000000001421, 24.78707656525732261, 1.524999999999999911 ) ) ;
#1244 = CARTESIAN_POINT ( 'NONE',  ( 3.599999999999973888, -7.799999999999999822, 1.495000000000000551 ) ) ;
#1245 = ADVANCED_FACE ( 'NONE', ( #2075 ), #415, .T. ) ;
#1246 = LINE ( 'NONE', #982, #2910 ) ;
#1247 = ORIENTED_EDGE ( 'NONE', *, *, #790, .T. ) ;
#1248 = DIRECTION ( 'NONE',  ( -1.000000000000000000, -0.000000000000000000, -0.000000000000000000 ) ) ;
#1249 = ORIENTED_EDGE ( 'NONE', *, *, #3380, .T. ) ;
#1250 = ADVANCED_FACE ( 'NONE', ( #1190 ), #2263, .F. ) ;
#1251 = CARTESIAN_POINT ( 'NONE',  ( -2.458974358974360008, 11.09999999999999964, 0.7000000000000000666 ) ) ;
#1252 = VECTOR ( 'NONE', #2814, 1000.000000000000000 ) ;
#1253 = ADVANCED_FACE ( 'NONE', ( #921 ), #3393, .F. ) ;
#1254 = VERTEX_POINT ( 'NONE', #2535 ) ;
#1255 = CARTESIAN_POINT ( 'NONE',  ( 2.299999999999999822, 24.78707656525732261, 1.524999999999999689 ) ) ;
#1256 = LINE ( 'NONE', #1805, #2588 ) ;
#1257 = DIRECTION ( 'NONE',  ( -0.000000000000000000, -1.000000000000000000, -0.000000000000000000 ) ) ;
#1258 = DIRECTION ( 'NONE',  ( 1.000000000000000000, -0.000000000000000000, 2.990902544787597113E-16 ) ) ;
#1259 = EDGE_LOOP ( 'NONE', ( #916, #750, #799, #1364 ) ) ;
#1260 = EDGE_CURVE ( 'NONE', #3242, #2458, #125, .T. ) ;
#1261 = VERTEX_POINT ( 'NONE', #166 ) ;
#1262 = CARTESIAN_POINT ( 'NONE',  ( 2.530769230769230660, 11.09999999999999964, -0.6999999999999999556 ) ) ;
#1263 = CARTESIAN_POINT ( 'NONE',  ( -4.000000000000001776, 0.000000000000000000, 1.045000000000000373 ) ) ;
#1264 = CARTESIAN_POINT ( 'NONE',  ( 3.312009685268636261, 10.90000000000000391, -0.9320705310053478687 ) ) ;
#1265 = VECTOR ( 'NONE', #1343, 1000.000000000000000 ) ;
#1266 = LINE ( 'NONE', #396, #1624 ) ;
#1267 = ORIENTED_EDGE ( 'NONE', *, *, #1120, .F. ) ;
#1268 = DIRECTION ( 'NONE',  ( 0.000000000000000000, 1.000000000000000000, 0.000000000000000000 ) ) ;
#1269 = CARTESIAN_POINT ( 'NONE',  ( -4.950000000000001066, 10.90000000000000036, 3.149999999999999911 ) ) ;
#1270 = ORIENTED_EDGE ( 'NONE', *, *, #93, .T. ) ;
#1271 = VECTOR ( 'NONE', #966, 1000.000000000000000 ) ;
#1272 = AXIS2_PLACEMENT_3D ( 'NONE', #1370, #275, #3259 ) ;
#1273 = CARTESIAN_POINT ( 'NONE',  ( 3.863240832694839977, 10.89999999999999858, -1.413308757677984584 ) ) ;
#1274 = ORIENTED_EDGE ( 'NONE', *, *, #1369, .T. ) ;
#1275 = FACE_OUTER_BOUND ( 'NONE', #2991, .T. ) ;
#1276 = CARTESIAN_POINT ( 'NONE',  ( 3.024999999999999911, 10.90000000000000036, 1.875000000000000000 ) ) ;
#1277 = LINE ( 'NONE', #2369, #2292 ) ;
#1278 = DIRECTION ( 'NONE',  ( -1.000000000000000000, -0.000000000000000000, -0.000000000000000000 ) ) ;
#1279 = ORIENTED_EDGE ( 'NONE', *, *, #2781, .F. ) ;
#1280 = VECTOR ( 'NONE', #2320, 1000.000000000000000 ) ;
#1281 = VERTEX_POINT ( 'NONE', #943 ) ;
#1282 = CARTESIAN_POINT ( 'NONE',  ( 3.631636808582659803, 11.09999999999999609, -0.7522853112251951524 ) ) ;
#1283 = CARTESIAN_POINT ( 'NONE',  ( 4.000000000000000888, -7.799999999999999822, -1.044999999999999041 ) ) ;
#1284 = ADVANCED_FACE ( 'NONE', ( #2282 ), #3084, .F. ) ;
#1285 = CARTESIAN_POINT ( 'NONE',  ( 1.550000000000000266, 10.90000000000000036, 2.649999999999994138 ) ) ;
#1286 = CARTESIAN_POINT ( 'NONE',  ( -2.050000000000004263, 7.100000000000000533, 0.2500000000000000000 ) ) ;
#1287 = ORIENTED_EDGE ( 'NONE', *, *, #8, .T. ) ;
#1288 = LINE ( 'NONE', #1570, #194 ) ;
#1289 = LINE ( 'NONE', #420, #3112 ) ;
#1290 = ORIENTED_EDGE ( 'NONE', *, *, #1344, .F. ) ;
#1291 = CARTESIAN_POINT ( 'NONE',  ( 3.374999999999999556, 10.90000000000000036, 2.599999999999999645 ) ) ;
#1292 = ORIENTED_EDGE ( 'NONE', *, *, #2061, .F. ) ;
#1293 = DIRECTION ( 'NONE',  ( -0.000000000000000000, -1.000000000000000000, -0.000000000000000000 ) ) ;
#1294 = CARTESIAN_POINT ( 'NONE',  ( 0.000000000000000000, 11.09999999999999964, 0.000000000000000000 ) ) ;
#1295 = FACE_OUTER_BOUND ( 'NONE', #785, .T. ) ;
#1296 = CARTESIAN_POINT ( 'NONE',  ( 4.152512072541798105, 11.09999999999999964, -1.963119612482168819 ) ) ;
#1297 = ORIENTED_EDGE ( 'NONE', *, *, #2061, .T. ) ;
#1298 = CARTESIAN_POINT ( 'NONE',  ( 4.024617230478386709, 11.09999999999999787, -1.077978688153306663 ) ) ;
#1299 = PLANE ( 'NONE',  #2175 ) ;
#1300 = EDGE_CURVE ( 'NONE', #2310, #1198, #961, .T. ) ;
#1301 = EDGE_CURVE ( 'NONE', #977, #1415, #2842, .T. ) ;
#1302 = EDGE_LOOP ( 'NONE', ( #2299, #628, #782, #2331 ) ) ;
#1303 = CARTESIAN_POINT ( 'NONE',  ( 3.584178876948545867, 11.09999999999999964, -2.412554360892305017 ) ) ;
#1304 = CARTESIAN_POINT ( 'NONE',  ( 3.840678656782087863, 11.10000000000000497, -1.328830244128766935 ) ) ;
#1305 = ORIENTED_EDGE ( 'NONE', *, *, #2916, .F. ) ;
#1306 = FACE_OUTER_BOUND ( 'NONE', #2519, .T. ) ;
#1307 = CARTESIAN_POINT ( 'NONE',  ( -5.950000000000001066, 9.899999999999998579, 3.149999999999999911 ) ) ;
#1308 = ORIENTED_EDGE ( 'NONE', *, *, #3001, .F. ) ;
#1309 =( GEOMETRIC_REPRESENTATION_CONTEXT ( 3 ) GLOBAL_UNCERTAINTY_ASSIGNED_CONTEXT ( ( #3156 ) ) GLOBAL_UNIT_ASSIGNED_CONTEXT ( ( #680, #722, #2862 ) ) REPRESENTATION_CONTEXT ( 'NONE', 'WORKASPACE' ) );
#1310 = DIRECTION ( 'NONE',  ( 1.000000000000000000, 0.000000000000000000, 0.000000000000000000 ) ) ;
#1311 = LINE ( 'NONE', #2661, #1990 ) ;
#1312 = LINE ( 'NONE', #3461, #3290 ) ;
#1313 = DIRECTION ( 'NONE',  ( -1.000000000000000000, 0.000000000000000000, 0.000000000000000000 ) ) ;
#1314 = PLANE ( 'NONE',  #2963 ) ;
#1315 = ORIENTED_EDGE ( 'NONE', *, *, #527, .T. ) ;
#1316 = DIRECTION ( 'NONE',  ( 0.000000000000000000, -1.000000000000000000, 0.000000000000000000 ) ) ;
#1317 = DIRECTION ( 'NONE',  ( 0.000000000000000000, 0.000000000000000000, 1.000000000000000000 ) ) ;
#1318 = ORIENTED_EDGE ( 'NONE', *, *, #1517, .T. ) ;
#1319 = DIRECTION ( 'NONE',  ( 1.000000000000000000, -0.000000000000000000, 0.000000000000000000 ) ) ;
#1320 = CARTESIAN_POINT ( 'NONE',  ( 3.999999999999999112, 0.000000000000000000, -1.494999999999998996 ) ) ;
#1321 = ORIENTED_EDGE ( 'NONE', *, *, #3338, .T. ) ;
#1322 = CARTESIAN_POINT ( 'NONE',  ( -3.600000000000001421, -7.799999999999999822, 1.495000000000000329 ) ) ;
#1323 = PRODUCT_DEFINITION ( 'UNKNOWN', '', #2723, #3226 ) ;
#1324 = DIRECTION ( 'NONE',  ( -1.000000000000000000, 0.000000000000000000, 0.000000000000000000 ) ) ;
#1325 = EDGE_CURVE ( 'NONE', #2346, #977, #6, .T. ) ;
#1326 = VECTOR ( 'NONE', #2507, 1000.000000000000000 ) ;
#1327 = ORIENTED_EDGE ( 'NONE', *, *, #617, .F. ) ;
#1328 = PLANE ( 'NONE',  #424 ) ;
#1329 = ADVANCED_FACE ( 'NONE', ( #226 ), #2185, .T. ) ;
#1330 = LINE ( 'NONE', #3481, #3092 ) ;
#1331 = PLANE ( 'NONE',  #689 ) ;
#1332 = VECTOR ( 'NONE', #211, 1000.000000000000114 ) ;
#1333 = DIRECTION ( 'NONE',  ( 1.000000000000000000, -0.000000000000000000, 0.000000000000000000 ) ) ;
#1334 = CARTESIAN_POINT ( 'NONE',  ( -2.535897435897436658, 10.90000000000000036, 1.776923076923077049 ) ) ;
#1335 = AXIS2_PLACEMENT_3D ( 'NONE', #1486, #960, #2552 ) ;
#1336 = ORIENTED_EDGE ( 'NONE', *, *, #1625, .T. ) ;
#1337 = CARTESIAN_POINT ( 'NONE',  ( -2.050000000000004263, 7.100000000000000533, 0.2500000000000000000 ) ) ;
#1338 = CARTESIAN_POINT ( 'NONE',  ( -1.549999999999998934, -7.516648189186458495, 2.649999999999994582 ) ) ;
#1339 = ORIENTED_EDGE ( 'NONE', *, *, #1905, .T. ) ;
#1340 = CARTESIAN_POINT ( 'NONE',  ( -2.050000000000004263, 10.90000000000000036, 0.2500000000000000000 ) ) ;
#1341 = AXIS2_PLACEMENT_3D ( 'NONE', #764, #2922, #533 ) ;
#1342 = ADVANCED_FACE ( 'NONE', ( #244 ), #1811, .F. ) ;
#1343 = DIRECTION ( 'NONE',  ( -0.000000000000000000, -1.000000000000000000, -0.000000000000000000 ) ) ;
#1344 = EDGE_CURVE ( 'NONE', #2146, #2460, #2131, .T. ) ;
#1345 = CARTESIAN_POINT ( 'NONE',  ( -1.549999999999999600, -7.516648189186458495, 0.2500000000000002220 ) ) ;
#1346 = CARTESIAN_POINT ( 'NONE',  ( 2.530769230769230660, 10.90000000000000036, -2.700000000000000178 ) ) ;
#1347 = CARTESIAN_POINT ( 'NONE',  ( -4.000000000000001776, -7.799999999999999822, 1.045000000000000373 ) ) ;
#1348 = ORIENTED_EDGE ( 'NONE', *, *, #1000, .F. ) ;
#1349 = CARTESIAN_POINT ( 'NONE',  ( 3.898446693500821958, 10.90000000000000746, -0.9128443052572430272 ) ) ;
#1350 = FACE_OUTER_BOUND ( 'NONE', #1081, .T. ) ;
#1351 = ORIENTED_EDGE ( 'NONE', *, *, #2652, .F. ) ;
#1352 = DIRECTION ( 'NONE',  ( 0.000000000000000000, 1.000000000000000000, 0.000000000000000000 ) ) ;
#1353 = CARTESIAN_POINT ( 'NONE',  ( 3.600000000000000089, 0.000000000000000000, -1.044999999999998819 ) ) ;
#1354 = ORIENTED_EDGE ( 'NONE', *, *, #741, .T. ) ;
#1355 = EDGE_CURVE ( 'NONE', #3123, #3145, #1614, .T. ) ;
#1356 = EDGE_CURVE ( 'NONE', #143, #3289, #3429, .T. ) ;
#1357 = CARTESIAN_POINT ( 'NONE',  ( 2.812820512820512153, 24.78707656525732261, -2.469230769230769784 ) ) ;
#1358 = CARTESIAN_POINT ( 'NONE',  ( 3.568028846153845635, 10.90000000000000036, -2.671153846153846434 ) ) ;
#1359 = DIRECTION ( 'NONE',  ( -0.000000000000000000, -1.000000000000000000, -0.000000000000000000 ) ) ;
#1360 = DIRECTION ( 'NONE',  ( 0.000000000000000000, 1.000000000000000000, 0.000000000000000000 ) ) ;
#1361 = ORIENTED_EDGE ( 'NONE', *, *, #4, .F. ) ;
#1362 = LINE ( 'NONE', #3023, #686 ) ;
#1363 = CARTESIAN_POINT ( 'NONE',  ( 3.697435897435897179, 11.10000000000000142, -1.072195512820512731 ) ) ;
#1364 = ORIENTED_EDGE ( 'NONE', *, *, #3338, .F. ) ;
#1365 = PLANE ( 'NONE',  #1787 ) ;
#1366 = CARTESIAN_POINT ( 'NONE',  ( 3.271963749032132718, 11.10000000000000675, -2.468587476016621096 ) ) ;
#1367 = DIRECTION ( 'NONE',  ( -1.000000000000000000, -0.000000000000000000, -0.000000000000000000 ) ) ;
#1368 = VECTOR ( 'NONE', #2325, 1000.000000000000000 ) ;
#1369 = EDGE_CURVE ( 'NONE', #1434, #2508, #2189, .T. ) ;
#1370 = CARTESIAN_POINT ( 'NONE',  ( -3.869230769230770584, 24.78707656525732261, 0.7000000000000000666 ) ) ;
#1371 = CARTESIAN_POINT ( 'NONE',  ( 3.568028846153845635, 24.78707656525732261, -2.671153846153846434 ) ) ;
#1372 = AXIS2_PLACEMENT_3D ( 'NONE', #2762, #2219, #1180 ) ;
#1373 = VECTOR ( 'NONE', #3178, 1000.000000000000000 ) ;
#1374 = ORIENTED_EDGE ( 'NONE', *, *, #1542, .F. ) ;
#1375 = LINE ( 'NONE', #1392, #575 ) ;
#1376 = CARTESIAN_POINT ( 'NONE',  ( 3.876406785409833855, 11.09999999999999787, -1.930197961723172373 ) ) ;
#1377 = EDGE_CURVE ( 'NONE', #1664, #1674, #1375, .T. ) ;
#1378 = ORIENTED_EDGE ( 'NONE', *, *, #1465, .F. ) ;
#1379 = PLANE ( 'NONE',  #886 ) ;
#1380 = FILL_AREA_STYLE ('',( #2193 ) ) ;
#1381 = ORIENTED_EDGE ( 'NONE', *, *, #2964, .F. ) ;
#1382 = ORIENTED_EDGE ( 'NONE', *, *, #1830, .F. ) ;
#1383 = VECTOR ( 'NONE', #2205, 1000.000000000000000 ) ;
#1384 = VECTOR ( 'NONE', #1785, 1000.000000000000000 ) ;
#1385 = ORIENTED_EDGE ( 'NONE', *, *, #1944, .T. ) ;
#1386 = AXIS2_PLACEMENT_3D ( 'NONE', #945, #963, #2033 ) ;
#1387 = CARTESIAN_POINT ( 'NONE',  ( 3.539630647044698541, 11.10000000000000320, -2.431319626449735871 ) ) ;
#1388 = LINE ( 'NONE', #3246, #1618 ) ;
#1389 = DIRECTION ( 'NONE',  ( -0.7071067811865472397, -0.7071067811865479058, -0.000000000000000000 ) ) ;
#1390 = B_SPLINE_CURVE_WITH_KNOTS ( 'NONE', 3,
 ( #157, #1535, #2599, #173, #195, #503, #1273, #1235, #3381, #969, #2618 ),
 .UNSPECIFIED., .F., .F.,
 ( 4, 1, 1, 1, 1, 1, 1, 1, 4 ),
 ( 0.000000000000000000, 0.09777309142787116159, 0.2008595583159924758, 0.3104413856836797381, 0.4278160755510520552, 0.5551683857438871605, 0.6918337433922822077, 0.8400887298374510870, 1.000000000000000000 ),
 .UNSPECIFIED. ) ;
#1391 = ORIENTED_EDGE ( 'NONE', *, *, #2998, .T. ) ;
#1392 = CARTESIAN_POINT ( 'NONE',  ( -2.050000000000002931, 3.100000000000000533, -3.150000000000003020 ) ) ;
#1393 = LINE ( 'NONE', #2990, #3005 ) ;
#1394 = ADVANCED_FACE ( 'NONE', ( #855 ), #604, .F. ) ;
#1395 = ORIENTED_EDGE ( 'NONE', *, *, #437, .T. ) ;
#1396 = LINE ( 'NONE', #2469, #1946 ) ;
#1397 = DIRECTION ( 'NONE',  ( 2.454797371665295086E-16, 0.000000000000000000, 1.000000000000000000 ) ) ;
#1398 = VERTEX_POINT ( 'NONE', #36 ) ;
#1399 = ORIENTED_EDGE ( 'NONE', *, *, #2753, .F. ) ;
#1400 = EDGE_CURVE ( 'NONE', #171, #2310, #2746, .T. ) ;
#1401 = EDGE_CURVE ( 'NONE', #1789, #908, #838, .T. ) ;
#1402 = LINE ( 'NONE', #1951, #1040 ) ;
#1403 = DIRECTION ( 'NONE',  ( -0.000000000000000000, -1.000000000000000000, -0.000000000000000000 ) ) ;
#1404 = CARTESIAN_POINT ( 'NONE',  ( 3.631636808582659803, 11.09999999999999432, -0.7522853112251951524 ) ) ;
#1405 = ORIENTED_EDGE ( 'NONE', *, *, #2113, .T. ) ;
#1406 = CARTESIAN_POINT ( 'NONE',  ( 3.025000000000000355, 10.90000000000000036, 0.7999999999999998224 ) ) ;
#1407 = VECTOR ( 'NONE', #1047, 1000.000000000000000 ) ;
#1408 = CARTESIAN_POINT ( 'NONE',  ( 3.680852044684721935, 11.09999999999999432, -2.342270004954176255 ) ) ;
#1409 = ORIENTED_EDGE ( 'NONE', *, *, #2964, .T. ) ;
#1410 = LINE ( 'NONE', #39, #1668 ) ;
#1411 = DIRECTION ( 'NONE',  ( -2.990902544787597606E-16, 0.000000000000000000, 1.000000000000000000 ) ) ;
#1412 = VECTOR ( 'NONE', #791, 1000.000000000000000 ) ;
#1413 = ORIENTED_EDGE ( 'NONE', *, *, #632, .T. ) ;
#1414 = CARTESIAN_POINT ( 'NONE',  ( -2.458974358974360008, 11.09999999999999964, 0.9307692307692306821 ) ) ;
#1415 = VERTEX_POINT ( 'NONE', #66 ) ;
#1416 = CARTESIAN_POINT ( 'NONE',  ( -2.407692307692308464, 24.78707656525732261, 2.700000000000000178 ) ) ;
#1417 = CARTESIAN_POINT ( 'NONE',  ( 2.050000000000004707, -7.516648189186458495, -3.150000000000001243 ) ) ;
#1418 = ORIENTED_EDGE ( 'NONE', *, *, #3075, .F. ) ;
#1419 = EDGE_CURVE ( 'NONE', #562, #2057, #322, .T. ) ;
#1420 = VECTOR ( 'NONE', #2756, 1000.000000000000000 ) ;
#1421 = LINE ( 'NONE', #2494, #1252 ) ;
#1422 = PRESENTATION_STYLE_ASSIGNMENT (( #3275 ) ) ;
#1423 = ADVANCED_FACE ( 'NONE', ( #306 ), #337, .F. ) ;
#1424 = EDGE_CURVE ( 'NONE', #608, #2546, #2224, .T. ) ;
#1425 = CARTESIAN_POINT ( 'NONE',  ( 3.557362988371942869, 11.10000000000000320, -2.673512185671993446 ) ) ;
#1426 = VERTEX_POINT ( 'NONE', #560 ) ;
#1427 = CARTESIAN_POINT ( 'NONE',  ( 3.997094304411905163, 11.10000000000000320, -2.376129967985270763 ) ) ;
#1428 = DIRECTION ( 'NONE',  ( 0.000000000000000000, 0.000000000000000000, 1.000000000000000000 ) ) ;
#1429 = STYLED_ITEM ( 'NONE', ( #1422 ), #837 ) ;
#1430 = EDGE_CURVE ( 'NONE', #3108, #1019, #1362, .T. ) ;
#1431 = ORIENTED_EDGE ( 'NONE', *, *, #1185, .T. ) ;
#1432 = CARTESIAN_POINT ( 'NONE',  ( -2.535897435897436658, 24.78707656525732261, 1.776923076923077049 ) ) ;
#1433 = PRESENTATION_STYLE_ASSIGNMENT (( #359 ) ) ;
#1434 = VERTEX_POINT ( 'NONE', #3295 ) ;
#1435 = DIRECTION ( 'NONE',  ( 0.000000000000000000, 1.000000000000000000, 0.000000000000000000 ) ) ;
#1436 = EDGE_LOOP ( 'NONE', ( #899, #2976, #2823, #2782, #2393, #3400, #3446, #1985 ) ) ;
#1437 = DIRECTION ( 'NONE',  ( 0.000000000000000000, -1.000000000000000000, 0.000000000000000000 ) ) ;
#1438 = DIRECTION ( 'NONE',  ( 1.000000000000000000, 0.000000000000000000, 0.000000000000000000 ) ) ;
#1439 = VERTEX_POINT ( 'NONE', #588 ) ;
#1440 = VECTOR ( 'NONE', #1438, 1000.000000000000000 ) ;
#1441 = ADVANCED_FACE ( 'NONE', ( #1645 ), #2438, .T. ) ;
#1442 = CARTESIAN_POINT ( 'NONE',  ( 4.170212162216653695, 11.09999999999999432, -1.602155238295611905 ) ) ;
#1443 = CARTESIAN_POINT ( 'NONE',  ( -2.407692307692308464, 24.78707656525732261, 2.469230769230769784 ) ) ;
#1444 = ADVANCED_FACE ( 'NONE', ( #3277 ), #1927, .T. ) ;
#1445 = ORIENTED_EDGE ( 'NONE', *, *, #2492, .T. ) ;
#1446 = CARTESIAN_POINT ( 'NONE',  ( 3.371875137137758660, 10.89999999999999325, -2.696182417864171121 ) ) ;
#1447 = DIRECTION ( 'NONE',  ( 5.421010862427537947E-16, 0.000000000000000000, 1.000000000000000000 ) ) ;
#1448 = CARTESIAN_POINT ( 'NONE',  ( 3.599999999999973888, 0.000000000000000000, 1.045000000000000373 ) ) ;
#1449 = VERTEX_POINT ( 'NONE', #1463 ) ;
#1450 = CARTESIAN_POINT ( 'NONE',  ( 3.600000000000000533, 0.000000000000000000, -1.494999999999998774 ) ) ;
#1451 = DIRECTION ( 'NONE',  ( -0.000000000000000000, 0.000000000000000000, 1.000000000000000000 ) ) ;
#1452 = ADVANCED_FACE ( 'NONE', ( #2585 ), #1973, .F. ) ;
#1453 = DIRECTION ( 'NONE',  ( 1.000000000000000000, 0.000000000000000000, -0.000000000000000000 ) ) ;
#1454 = CARTESIAN_POINT ( 'NONE',  ( 3.374999999999999556, 24.78707656525732261, 2.599999999999999645 ) ) ;
#1455 = LINE ( 'NONE', #1138, #3420 ) ;
#1456 = ORIENTED_EDGE ( 'NONE', *, *, #1625, .F. ) ;
#1457 = B_SPLINE_CURVE_WITH_KNOTS ( 'NONE', 3,
 ( #1930, #2355, #2626, #1123, #316, #2985, #778, #1011, #3181, #224, #598, #2463, #863, #1296, #510, #583, #3163, #1578, #2370 ),
 .UNSPECIFIED., .F., .F.,
 ( 4, 1, 1, 1, 1, 1, 1, 1, 1, 1, 1, 1, 1, 1, 1, 1, 4 ),
 ( 0.000000000000000000, 0.05681233542270224673, 0.1138818391726265228, 0.1705330684121228735, 0.2275474391905968619, 0.2853526916966463989, 0.3437011415730503727, 0.4030002293139181568, 0.4638421051035356291, 0.5258154763422757672, 0.5889670046823934912, 0.6532705244424713564, 0.7190965893252215801, 0.7867486396200309429, 0.8557883106621368974, 0.9268358117512700556, 0.9999999999999998890 ),
 .UNSPECIFIED. ) ;
#1458 = CARTESIAN_POINT ( 'NONE',  ( 3.488501682428630346, 10.90000000000000391, -2.446474469422813325 ) ) ;
#1459 = CARTESIAN_POINT ( 'NONE',  ( -2.458974358974360008, 24.78707656525732261, 0.9307692307692306821 ) ) ;
#1460 = ORIENTED_EDGE ( 'NONE', *, *, #1794, .T. ) ;
#1461 = CARTESIAN_POINT ( 'NONE',  ( 3.025000000000000355, 11.09999999999999964, 0.7999999999999998224 ) ) ;
#1462 = EDGE_LOOP ( 'NONE', ( #1351, #3100, #3133, #3411 ) ) ;
#1463 = CARTESIAN_POINT ( 'NONE',  ( -5.950000000000001066, 9.899999999999998579, -3.149999999999999911 ) ) ;
#1464 = CARTESIAN_POINT ( 'NONE',  ( 3.600000000000000533, -7.799999999999999822, -1.494999999999998774 ) ) ;
#1465 = EDGE_CURVE ( 'NONE', #1730, #1140, #177, .T. ) ;
#1466 = AXIS2_PLACEMENT_3D ( 'NONE', #2553, #3355, #2789 ) ;
#1467 = ORIENTED_EDGE ( 'NONE', *, *, #2871, .T. ) ;
#1468 = DIRECTION ( 'NONE',  ( -1.000000000000000000, 0.000000000000000000, -3.097720492815731110E-16 ) ) ;
#1469 = DIRECTION ( 'NONE',  ( 0.000000000000000000, 0.000000000000000000, -1.000000000000000000 ) ) ;
#1470 = DIRECTION ( 'NONE',  ( -1.000000000000000000, 0.000000000000000000, 0.000000000000000000 ) ) ;
#1471 = LINE ( 'NONE', #2827, #1059 ) ;
#1472 = ORIENTED_EDGE ( 'NONE', *, *, #3414, .F. ) ;
#1473 = DIRECTION ( 'NONE',  ( -0.000000000000000000, -1.000000000000000000, -0.000000000000000000 ) ) ;
#1474 = DIRECTION ( 'NONE',  ( -0.000000000000000000, 1.000000000000000000, -0.000000000000000000 ) ) ;
#1475 = VERTEX_POINT ( 'NONE', #938 ) ;
#1476 = CARTESIAN_POINT ( 'NONE',  ( 3.271963749032132718, 10.90000000000000391, -2.468587476016621096 ) ) ;
#1477 = EDGE_CURVE ( 'NONE', #2571, #2188, #3042, .T. ) ;
#1478 = ORIENTED_EDGE ( 'NONE', *, *, #2619, .T. ) ;
#1479 = CARTESIAN_POINT ( 'NONE',  ( 3.564698562715235663, 10.90000000000000036, -0.7327961543174151826 ) ) ;
#1480 = ORIENTED_EDGE ( 'NONE', *, *, #1260, .T. ) ;
#1481 = CARTESIAN_POINT ( 'NONE',  ( -3.024999999999999911, 10.90000000000000036, -2.599999999999999201 ) ) ;
#1482 = CARTESIAN_POINT ( 'NONE',  ( 3.617832443443974366, 10.90000000000000391, -2.392712362754051636 ) ) ;
#1483 = ORIENTED_EDGE ( 'NONE', *, *, #701, .F. ) ;
#1484 = ORIENTED_EDGE ( 'NONE', *, *, #1041, .T. ) ;
#1485 = ADVANCED_FACE ( 'NONE', ( #3062 ), #2513, .T. ) ;
#1486 = CARTESIAN_POINT ( 'NONE',  ( -4.950000000000001066, 10.90000000000000036, 3.149999999999999911 ) ) ;
#1487 = CARTESIAN_POINT ( 'NONE',  ( -3.587179487179488202, 11.09999999999999964, 1.776923076923077049 ) ) ;
#1488 = CARTESIAN_POINT ( 'NONE',  ( 3.375000000000000444, 10.90000000000000036, 0.7999999999999999334 ) ) ;
#1489 = AXIS2_PLACEMENT_3D ( 'NONE', #1966, #1723, #381 ) ;
#1491 = VECTOR ( 'NONE', #2643, 1000.000000000000000 ) ;
#1490 = PLANE ( 'NONE',  #89 ) ;
#1492 = ORIENTED_EDGE ( 'NONE', *, *, #476, .T. ) ;
#1493 = LINE ( 'NONE', #153, #1782 ) ;
#1494 = CARTESIAN_POINT ( 'NONE',  ( 2.299999999999999822, 11.09999999999999964, 1.524999999999999689 ) ) ;
#1495 = ORIENTED_EDGE ( 'NONE', *, *, #3389, .F. ) ;
#1496 = DIRECTION ( 'NONE',  ( 2.454797371665295086E-16, 0.000000000000000000, 1.000000000000000000 ) ) ;
#1497 = PLANE ( 'NONE',  #1793 ) ;
#1498 = VECTOR ( 'NONE', #376, 1000.000000000000000 ) ;
#1499 = VERTEX_POINT ( 'NONE', #1502 ) ;
#1500 = AXIS2_PLACEMENT_3D ( 'NONE', #1845, #2914, #2334 ) ;
#1501 = CARTESIAN_POINT ( 'NONE',  ( 3.417703134546205224, 11.10000000000000320, -2.693109094508430612 ) ) ;
#1502 = CARTESIAN_POINT ( 'NONE',  ( 1.550000000000000266, 3.100000000000000533, 2.649999999999994138 ) ) ;
#1503 = CARTESIAN_POINT ( 'NONE',  ( -2.299999999999999822, 11.09999999999999964, -1.524999999999999467 ) ) ;
#1504 = AXIS2_PLACEMENT_3D ( 'NONE', #2668, #1352, #2901 ) ;
#1505 = ORIENTED_EDGE ( 'NONE', *, *, #625, .T. ) ;
#1506 = ORIENTED_EDGE ( 'NONE', *, *, #3229, .F. ) ;
#1507 = EDGE_CURVE ( 'NONE', #1254, #1825, #282, .T. ) ;
#1508 = DIRECTION ( 'NONE',  ( -0.000000000000000000, 1.000000000000000000, -0.000000000000000000 ) ) ;
#1509 = SURFACE_STYLE_USAGE ( .BOTH. , #1527 ) ;
#1510 = CARTESIAN_POINT ( 'NONE',  ( 1.550000000000000266, -7.516648189186458495, 2.649999999999994138 ) ) ;
#1511 = CARTESIAN_POINT ( 'NONE',  ( 3.765554737200912605, 11.09999999999999787, -2.240882783988970672 ) ) ;
#1512 = ORIENTED_EDGE ( 'NONE', *, *, #2181, .F. ) ;
#1513 = ADVANCED_FACE ( 'NONE', ( #2297 ), #2803, .F. ) ;
#1514 = CARTESIAN_POINT ( 'NONE',  ( 0.000000000000000000, -7.799999999999999822, 0.000000000000000000 ) ) ;
#1515 = SURFACE_STYLE_USAGE ( .BOTH. , #1816 ) ;
#1516 = ORIENTED_EDGE ( 'NONE', *, *, #1658, .T. ) ;
#1517 = EDGE_CURVE ( 'NONE', #1859, #2714, #2835, .T. ) ;
#1518 = CARTESIAN_POINT ( 'NONE',  ( -3.599999999999972999, -7.799999999999999822, -1.044999999999998819 ) ) ;
#1519 = LINE ( 'NONE', #2005, #2241 ) ;
#1520 = EDGE_LOOP ( 'NONE', ( #1354, #1456, #412, #397 ) ) ;
#1521 = LINE ( 'NONE', #2311, #875 ) ;
#1522 = CARTESIAN_POINT ( 'NONE',  ( 4.171140033972502437, 11.10000000000000320, -1.776302160787451401 ) ) ;
#1523 = CARTESIAN_POINT ( 'NONE',  ( 3.791290091480372215, 10.90000000000000391, -2.200181570845458179 ) ) ;
#1524 = CARTESIAN_POINT ( 'NONE',  ( 3.024999999999999911, 11.09999999999999964, 2.599999999999999645 ) ) ;
#1525 = ORIENTED_EDGE ( 'NONE', *, *, #2650, .T. ) ;
#1526 = DIRECTION ( 'NONE',  ( -1.000000000000000000, 0.000000000000000000, 0.000000000000000000 ) ) ;
#1527 = SURFACE_SIDE_STYLE ('',( #3337 ) ) ;
#1528 = FACE_OUTER_BOUND ( 'NONE', #454, .T. ) ;
#1529 = CARTESIAN_POINT ( 'NONE',  ( 3.835307874093122127, 11.09999999999999964, -2.105925594649833865 ) ) ;
#1530 = EDGE_LOOP ( 'NONE', ( #518, #1480, #69, #3332 ) ) ;
#1531 = CARTESIAN_POINT ( 'NONE',  ( 3.858894230769230216, 10.90000000000000036, -2.528125000000000178 ) ) ;
#1532 = CARTESIAN_POINT ( 'NONE',  ( 2.812820512820512153, 10.90000000000000036, -0.9307692307692307931 ) ) ;
#1533 = ORIENTED_EDGE ( 'NONE', *, *, #3031, .F. ) ;
#1534 = EDGE_CURVE ( 'NONE', #1025, #1140, #3386, .T. ) ;
#1535 = CARTESIAN_POINT ( 'NONE',  ( 3.712190597147766002, 10.89999999999999858, -1.089066397686375698 ) ) ;
#1536 = VERTEX_POINT ( 'NONE', #1481 ) ;
#1537 = CARTESIAN_POINT ( 'NONE',  ( -2.050000000000002931, -7.516648189186458495, -3.150000000000003020 ) ) ;
#1538 = LINE ( 'NONE', #2604, #135 ) ;
#1539 = CARTESIAN_POINT ( 'NONE',  ( -2.299999999999999822, 11.09999999999999964, -1.524999999999999467 ) ) ;
#1540 = CARTESIAN_POINT ( 'NONE',  ( -3.587179487179488202, 24.78707656525732261, 1.776923076923077049 ) ) ;
#1541 = ORIENTED_EDGE ( 'NONE', *, *, #1542, .T. ) ;
#1542 = EDGE_CURVE ( 'NONE', #2918, #1644, #974, .T. ) ;
#1543 = ORIENTED_EDGE ( 'NONE', *, *, #1069, .T. ) ;
#1544 = CARTESIAN_POINT ( 'NONE',  ( 4.171794871794872073, 11.09999999999999787, -1.710817307692307665 ) ) ;
#1545 = CARTESIAN_POINT ( 'NONE',  ( -4.100000000000001421, 10.90000000000000036, -1.875000000000000000 ) ) ;
#1546 = VECTOR ( 'NONE', #748, 1000.000000000000000 ) ;
#1547 = LINE ( 'NONE', #1567, #2736 ) ;
#1548 = ORIENTED_EDGE ( 'NONE', *, *, #700, .T. ) ;
#1549 = CARTESIAN_POINT ( 'NONE',  ( 4.100000000000001421, 24.78707656525732261, 1.875000000000000000 ) ) ;
#1550 = ORIENTED_EDGE ( 'NONE', *, *, #1582, .T. ) ;
#1551 = VECTOR ( 'NONE', #1359, 1000.000000000000000 ) ;
#1552 = CARTESIAN_POINT ( 'NONE',  ( -5.950000000000001066, 0.000000000000000000, 3.149999999999999911 ) ) ;
#1553 = EDGE_LOOP ( 'NONE', ( #996, #754, #175, #1569, #3282, #407, #792, #3440, #325 ) ) ;
#1554 = DIRECTION ( 'NONE',  ( 1.000000000000000000, 0.000000000000000000, 0.000000000000000000 ) ) ;
#1555 = DIRECTION ( 'NONE',  ( -0.000000000000000000, -1.000000000000000000, -0.000000000000000000 ) ) ;
#1556 = CARTESIAN_POINT ( 'NONE',  ( 3.884590883498195257, 10.90000000000000391, -1.862579463491075504 ) ) ;
#1557 = CARTESIAN_POINT ( 'NONE',  ( -2.050000000000004263, 7.100000000000000533, -0.2500000000000000000 ) ) ;
#1558 = ADVANCED_FACE ( 'NONE', ( #1027 ), #222, .F. ) ;
#1559 = EDGE_CURVE ( 'NONE', #2549, #363, #1064, .T. ) ;
#1560 = VERTEX_POINT ( 'NONE', #1276 ) ;
#1561 = VECTOR ( 'NONE', #3088, 1000.000000000000000 ) ;
#1562 = VECTOR ( 'NONE', #475, 1000.000000000000000 ) ;
#1563 = ORIENTED_EDGE ( 'NONE', *, *, #463, .F. ) ;
#1564 = CARTESIAN_POINT ( 'NONE',  ( 4.120589349693074332, 11.10000000000000142, -1.308350841798080477 ) ) ;
#1565 = CARTESIAN_POINT ( 'NONE',  ( 3.595612592157415577, 11.10000000000000320, -2.663916927991399231 ) ) ;
#1566 = VERTEX_POINT ( 'NONE', #524 ) ;
#1567 = CARTESIAN_POINT ( 'NONE',  ( 3.024999999999999911, 24.78707656525732261, 1.875000000000000000 ) ) ;
#1568 = CARTESIAN_POINT ( 'NONE',  ( 0.000000000000000000, -7.799999999999999822, 0.000000000000000000 ) ) ;
#1569 = ORIENTED_EDGE ( 'NONE', *, *, #606, .T. ) ;
#1570 = CARTESIAN_POINT ( 'NONE',  ( -3.587179487179488202, 10.90000000000000036, 1.546153846153846212 ) ) ;
#1571 = LINE ( 'NONE', #705, #1770 ) ;
#1572 = ORIENTED_EDGE ( 'NONE', *, *, #2419, .F. ) ;
#1573 = CARTESIAN_POINT ( 'NONE',  ( -2.299999999999999822, 24.78707656525732261, -1.524999999999999467 ) ) ;
#1574 = ORIENTED_EDGE ( 'NONE', *, *, #570, .F. ) ;
#1575 = DIRECTION ( 'NONE',  ( -0.000000000000000000, -1.000000000000000000, -0.000000000000000000 ) ) ;
#1576 = CARTESIAN_POINT ( 'NONE',  ( 3.374999999999999556, 24.78707656525732261, 2.599999999999999645 ) ) ;
#1577 = CARTESIAN_POINT ( 'NONE',  ( 2.050000000000001599, 3.100000000000000533, 3.149999999999998579 ) ) ;
#1578 = CARTESIAN_POINT ( 'NONE',  ( 4.171574467036808009, 11.09999999999999432, -1.732858143927160421 ) ) ;
#1579 = VERTEX_POINT ( 'NONE', #2875 ) ;
#1580 = CARTESIAN_POINT ( 'NONE',  ( 3.492439648125018614, 10.90000000000000391, -0.7181953472586874998 ) ) ;
#1581 = DIRECTION ( 'NONE',  ( 1.000000000000000000, 0.000000000000000000, -0.000000000000000000 ) ) ;
#1582 = EDGE_CURVE ( 'NONE', #2689, #3041, #3179, .T. ) ;
#1583 = ORIENTED_EDGE ( 'NONE', *, *, #1767, .F. ) ;
#1584 = CARTESIAN_POINT ( 'NONE',  ( -3.999999999999973355, 0.000000000000000000, -1.044999999999998819 ) ) ;
#1585 = PLANE ( 'NONE',  #3467 ) ;
#1586 = ORIENTED_EDGE ( 'NONE', *, *, #1982, .F. ) ;
#1587 = DIRECTION ( 'NONE',  ( -1.000000000000000000, 0.000000000000000000, 0.000000000000000000 ) ) ;
#1588 = CARTESIAN_POINT ( 'NONE',  ( 3.599999999999973888, -7.799999999999999822, 1.495000000000000551 ) ) ;
#1589 = ADVANCED_FACE ( 'NONE', ( #3406 ), #1876, .F. ) ;
#1590 = VECTOR ( 'NONE', #697, 1000.000000000000000 ) ;
#1591 = LINE ( 'NONE', #1626, #2486 ) ;
#1592 = ORIENTED_EDGE ( 'NONE', *, *, #2708, .F. ) ;
#1593 = CARTESIAN_POINT ( 'NONE',  ( 3.697435897435897179, 11.10000000000000320, -1.072195512820512731 ) ) ;
#1594 = DIRECTION ( 'NONE',  ( 0.000000000000000000, 1.000000000000000000, 0.000000000000000000 ) ) ;
#1595 = CARTESIAN_POINT ( 'NONE',  ( -4.000000000000001776, -7.799999999999999822, 1.045000000000000373 ) ) ;
#1596 = VECTOR ( 'NONE', #1043, 1000.000000000000000 ) ;
#1597 = CARTESIAN_POINT ( 'NONE',  ( 4.120589349693074332, 10.90000000000000746, -1.308350841798080477 ) ) ;
#1598 = CARTESIAN_POINT ( 'NONE',  ( 3.662902481860432768, 11.10000000000000497, -1.039040948922438146 ) ) ;
#1599 = ADVANCED_FACE ( 'NONE', ( #737 ), #775, .T. ) ;
#1600 = ORIENTED_EDGE ( 'NONE', *, *, #2113, .F. ) ;
#1601 = VECTOR ( 'NONE', #1156, 1000.000000000000000 ) ;
#1602 = DIRECTION ( 'NONE',  ( 1.000000000000000000, 0.000000000000000000, 0.000000000000000000 ) ) ;
#1603 = CARTESIAN_POINT ( 'NONE',  ( 3.889191486603338355, 10.90000000000000391, -1.678607053205012800 ) ) ;
#1604 = ORIENTED_EDGE ( 'NONE', *, *, #701, .T. ) ;
#1605 = CARTESIAN_POINT ( 'NONE',  ( -4.100000000000001421, 10.90000000000000036, -1.874999999999999556 ) ) ;
#1606 = COLOUR_RGB ( '',1.000000000000000000, 0.8117647058823529438, 0.5019607843137254832 ) ;
#1607 = CARTESIAN_POINT ( 'NONE',  ( 3.374999999999999556, 10.90000000000000036, 1.875000000000000000 ) ) ;
#1608 = AXIS2_PLACEMENT_3D ( 'NONE', #2868, #3399, #2059 ) ;
#1609 = CARTESIAN_POINT ( 'NONE',  ( 3.780247165281269695, 11.09999999999999964, -1.184271728614435304 ) ) ;
#1610 = LINE ( 'NONE', #2068, #3383 ) ;
#1611 = PLANE ( 'NONE',  #246 ) ;
#1612 = VECTOR ( 'NONE', #2163, 1000.000000000000000 ) ;
#1613 = ORIENTED_EDGE ( 'NONE', *, *, #452, .T. ) ;
#1614 = LINE ( 'NONE', #1866, #2095 ) ;
#1615 = CARTESIAN_POINT ( 'NONE',  ( 3.649803556244812341, 11.09999999999999964, -2.649699295179892111 ) ) ;
#1616 = DIRECTION ( 'NONE',  ( -1.000000000000000000, 0.000000000000000000, 0.000000000000000000 ) ) ;
#1617 = ADVANCED_FACE ( 'NONE', ( #2405 ), #2946, .T. ) ;
#1618 = VECTOR ( 'NONE', #1278, 1000.000000000000000 ) ;
#1619 = ORIENTED_EDGE ( 'NONE', *, *, #2073, .F. ) ;
#1620 = LINE ( 'NONE', #2134, #3359 ) ;
#1621 = CARTESIAN_POINT ( 'NONE',  ( 3.889743589743589247, 11.10000000000000142, -1.715224358974358987 ) ) ;
#1622 = ORIENTED_EDGE ( 'NONE', *, *, #1091, .T. ) ;
#1623 =( GEOMETRIC_REPRESENTATION_CONTEXT ( 3 ) GLOBAL_UNCERTAINTY_ASSIGNED_CONTEXT ( ( #2445 ) ) GLOBAL_UNIT_ASSIGNED_CONTEXT ( ( #2501, #2470, #2720 ) ) REPRESENTATION_CONTEXT ( 'NONE', 'WORKASPACE' ) );
#1624 = VECTOR ( 'NONE', #108, 1000.000000000000000 ) ;
#1625 = EDGE_CURVE ( 'NONE', #459, #1281, #1330, .T. ) ;
#1626 = CARTESIAN_POINT ( 'NONE',  ( -3.999999999999973355, -7.799999999999999822, -1.494999999999998996 ) ) ;
#1627 = EDGE_CURVE ( 'NONE', #1209, #1733, #1822, .T. ) ;
#1628 = CARTESIAN_POINT ( 'NONE',  ( 3.813162939718458766, 11.10000000000000675, -1.252398394000925563 ) ) ;
#1629 = CARTESIAN_POINT ( 'NONE',  ( -5.950000000000001066, 0.000000000000000000, 3.149999999999999911 ) ) ;
#1630 = CARTESIAN_POINT ( 'NONE',  ( -1.550000000000000266, -7.516648189186458495, -2.650000000000000355 ) ) ;
#1631 = ORIENTED_EDGE ( 'NONE', *, *, #912, .F. ) ;
#1632 = DIRECTION ( 'NONE',  ( -0.000000000000000000, -0.000000000000000000, -1.000000000000000000 ) ) ;
#1633 = LINE ( 'NONE', #2933, #2127 ) ;
#1634 = ORIENTED_EDGE ( 'NONE', *, *, #360, .F. ) ;
#1635 = DIRECTION ( 'NONE',  ( 1.000000000000000000, 0.000000000000000000, -0.000000000000000000 ) ) ;
#1636 = LINE ( 'NONE', #1338, #79 ) ;
#1637 = ORIENTED_EDGE ( 'NONE', *, *, #1944, .F. ) ;
#1638 = EDGE_CURVE ( 'NONE', #3108, #485, #1610, .T. ) ;
#1639 = LINE ( 'NONE', #2138, #2112 ) ;
#1640 = CARTESIAN_POINT ( 'NONE',  ( -4.000000000000001776, -7.799999999999999822, 1.495000000000000329 ) ) ;
#1641 = VECTOR ( 'NONE', #3125, 1000.000000000000000 ) ;
#1642 = DIRECTION ( 'NONE',  ( -0.000000000000000000, 1.000000000000000000, -0.000000000000000000 ) ) ;
#1643 = DIRECTION ( 'NONE',  ( -1.000000000000000000, 0.000000000000000000, 9.637352644315592778E-16 ) ) ;
#1644 = VERTEX_POINT ( 'NONE', #2680 ) ;
#1645 = FACE_OUTER_BOUND ( 'NONE', #591, .T. ) ;
#1646 = CARTESIAN_POINT ( 'NONE',  ( 3.884590883498195257, 11.09999999999999964, -1.862579463491075504 ) ) ;
#1647 = EDGE_CURVE ( 'NONE', #1536, #2869, #1256, .T. ) ;
#1648 = CARTESIAN_POINT ( 'NONE',  ( -3.599999999999973443, -7.799999999999999822, -1.494999999999998996 ) ) ;
#1649 = SURFACE_STYLE_FILL_AREA ( #25 ) ;
#1650 = ORIENTED_EDGE ( 'NONE', *, *, #2952, .T. ) ;
#1651 = ORIENTED_EDGE ( 'NONE', *, *, #2243, .T. ) ;
#1652 = LINE ( 'NONE', #1914, #18 ) ;
#1653 = CARTESIAN_POINT ( 'NONE',  ( 4.100000000000001421, 24.78707656525732261, 1.875000000000000000 ) ) ;
#1654 = VECTOR ( 'NONE', #1800, 1000.000000000000000 ) ;
#1655 = CARTESIAN_POINT ( 'NONE',  ( -4.950000000000001066, 10.90000000000000036, 3.149999999999999911 ) ) ;
#1656 = AXIS2_PLACEMENT_3D ( 'NONE', #3089, #77, #2253 ) ;
#1657 = AXIS2_PLACEMENT_3D ( 'NONE', #793, #1008, #989 ) ;
#1658 = EDGE_CURVE ( 'NONE', #3341, #2146, #1538, .T. ) ;
#1659 = CARTESIAN_POINT ( 'NONE',  ( 3.568028846153845635, 10.90000000000000036, -2.671153846153846434 ) ) ;
#1660 = CARTESIAN_POINT ( 'NONE',  ( 3.726299802237352132, 11.09999999999999964, -2.617718567952123099 ) ) ;
#1661 = EDGE_CURVE ( 'NONE', #2195, #369, #2662, .T. ) ;
#1662 = CARTESIAN_POINT ( 'NONE',  ( 4.000000000000000888, -7.799999999999999822, -1.044999999999999041 ) ) ;
#1663 =( NAMED_UNIT ( * ) PLANE_ANGLE_UNIT ( ) SI_UNIT ( $, .RADIAN. ) );
#1664 = VERTEX_POINT ( 'NONE', #2087 ) ;
#1665 = EDGE_LOOP ( 'NONE', ( #207, #506, #1799, #193 ) ) ;
#1666 = VECTOR ( 'NONE', #185, 1000.000000000000000 ) ;
#1667 = VECTOR ( 'NONE', #2416, 1000.000000000000000 ) ;
#1668 = VECTOR ( 'NONE', #91, 1000.000000000000000 ) ;
#1669 = DIRECTION ( 'NONE',  ( -0.000000000000000000, -1.000000000000000000, -0.000000000000000000 ) ) ;
#1670 = PLANE ( 'NONE',  #2682 ) ;
#1671 = DIRECTION ( 'NONE',  ( 0.000000000000000000, -0.000000000000000000, -1.000000000000000000 ) ) ;
#1672 =( NAMED_UNIT ( * ) PLANE_ANGLE_UNIT ( ) SI_UNIT ( $, .RADIAN. ) );
#1673 = LINE ( 'NONE', #3, #2639 ) ;
#1674 = VERTEX_POINT ( 'NONE', #201 ) ;
#1675 = CARTESIAN_POINT ( 'NONE',  ( 3.796526684985857436, 10.90000000000000036, -2.577604581025331409 ) ) ;
#1676 = CARTESIAN_POINT ( 'NONE',  ( 3.738737573734651320, 10.90000000000000391, -2.278273079237739918 ) ) ;
#1677 = VECTOR ( 'NONE', #540, 1000.000000000000000 ) ;
#1678 = EDGE_CURVE ( 'NONE', #3324, #1434, #487, .T. ) ;
#1679 = ORIENTED_EDGE ( 'NONE', *, *, #2371, .T. ) ;
#1680 = CARTESIAN_POINT ( 'NONE',  ( 1.550000000000000266, 7.100000000000000533, -0.2499999999999997780 ) ) ;
#1681 = CARTESIAN_POINT ( 'NONE',  ( 3.025000000000000355, 24.78707656525732261, 1.524999999999999911 ) ) ;
#1682 = ORIENTED_EDGE ( 'NONE', *, *, #3476, .T. ) ;
#1683 = ORIENTED_EDGE ( 'NONE', *, *, #2436, .F. ) ;
#1684 = DIRECTION ( 'NONE',  ( -0.000000000000000000, -1.000000000000000000, -0.000000000000000000 ) ) ;
#1685 = EDGE_CURVE ( 'NONE', #3279, #169, #1009, .T. ) ;
#1686 = DIRECTION ( 'NONE',  ( 0.000000000000000000, 1.000000000000000000, 0.000000000000000000 ) ) ;
#1687 = DIRECTION ( 'NONE',  ( 1.000000000000000000, 0.000000000000000000, 0.000000000000000000 ) ) ;
#1688 = VERTEX_POINT ( 'NONE', #239 ) ;
#1689 = EDGE_CURVE ( 'NONE', #2247, #3410, #1312, .T. ) ;
#1690 = CARTESIAN_POINT ( 'NONE',  ( -2.535897435897436658, 11.09999999999999964, 1.776923076923077049 ) ) ;
#1691 = CARTESIAN_POINT ( 'NONE',  ( 3.269689446589604476, 10.89999999999999325, -2.699751413951198664 ) ) ;
#1692 = CARTESIAN_POINT ( 'NONE',  ( 3.218269230769230216, 24.78707656525732261, -2.469230769230769784 ) ) ;
#1693 = VECTOR ( 'NONE', #676, 1000.000000000000000 ) ;
#1694 = CARTESIAN_POINT ( 'NONE',  ( 3.865940089664395618, 10.90000000000001101, -1.993302204411798062 ) ) ;
#1695 = ORIENTED_EDGE ( 'NONE', *, *, #3272, .F. ) ;
#1696 = LINE ( 'NONE', #2177, #3198 ) ;
#1697 = CARTESIAN_POINT ( 'NONE',  ( -2.535897435897436658, 11.09999999999999964, 1.546153846153846212 ) ) ;
#1698 = VECTOR ( 'NONE', #1819, 1000.000000000000000 ) ;
#1699 = ORIENTED_EDGE ( 'NONE', *, *, #2593, .F. ) ;
#1700 = ADVANCED_FACE ( 'NONE', ( #3201 ), #794, .F. ) ;
#1701 = DIRECTION ( 'NONE',  ( 1.000000000000000000, 0.000000000000000000, 0.000000000000000000 ) ) ;
#1702 = ORIENTED_EDGE ( 'NONE', *, *, #2485, .F. ) ;
#1703 = EDGE_CURVE ( 'NONE', #596, #2689, #2974, .T. ) ;
#1704 = LINE ( 'NONE', #346, #2041 ) ;
#1705 = CARTESIAN_POINT ( 'NONE',  ( -2.458974358974360008, 10.90000000000000036, 0.7000000000000000666 ) ) ;
#1706 = ORIENTED_EDGE ( 'NONE', *, *, #1356, .F. ) ;
#1707 = AXIS2_PLACEMENT_3D ( 'NONE', #582, #1860, #44 ) ;
#1708 = CARTESIAN_POINT ( 'NONE',  ( 3.520205464316288335, 11.10000000000000675, -2.438428403222760998 ) ) ;
#1709 =( NAMED_UNIT ( * ) SI_UNIT ( $, .STERADIAN. ) SOLID_ANGLE_UNIT ( ) );
#1710 = CARTESIAN_POINT ( 'NONE',  ( 4.143873796072822913, 10.89999999999999680, -1.399625478182307647 ) ) ;
#1711 = ORIENTED_EDGE ( 'NONE', *, *, #1559, .T. ) ;
#1712 = DIRECTION ( 'NONE',  ( 0.000000000000000000, -0.000000000000000000, 1.000000000000000000 ) ) ;
#1713 = LINE ( 'NONE', #2786, #2561 ) ;
#1714 = VECTOR ( 'NONE', #97, 1000.000000000000000 ) ;
#1715 = ADVANCED_FACE ( 'NONE', ( #302 ), #571, .T. ) ;
#1716 = VECTOR ( 'NONE', #2923, 1000.000000000000000 ) ;
#1717 = ORIENTED_EDGE ( 'NONE', *, *, #2695, .F. ) ;
#1718 = LINE ( 'NONE', #3336, #882 ) ;
#1719 = EDGE_CURVE ( 'NONE', #1868, #3364, #2433, .T. ) ;
#1720 = CARTESIAN_POINT ( 'NONE',  ( 3.233360217782009549, 10.90000000000000036, -2.699915535310168924 ) ) ;
#1721 = ORIENTED_EDGE ( 'NONE', *, *, #2646, .F. ) ;
#1722 = DIRECTION ( 'NONE',  ( -0.000000000000000000, 1.000000000000000000, -0.000000000000000000 ) ) ;
#1723 = DIRECTION ( 'NONE',  ( 0.000000000000000000, 1.000000000000000000, 0.000000000000000000 ) ) ;
#1724 = ORIENTED_EDGE ( 'NONE', *, *, #3490, .T. ) ;
#1725 = AXIS2_PLACEMENT_3D ( 'NONE', #704, #2099, #767 ) ;
#1726 = AXIS2_PLACEMENT_3D ( 'NONE', #1464, #716, #121 ) ;
#1727 = CARTESIAN_POINT ( 'NONE',  ( 3.750734775073318428, 11.09999999999999432, -0.8022949072187418595 ) ) ;
#1728 = VERTEX_POINT ( 'NONE', #1906 ) ;
#1729 = CARTESIAN_POINT ( 'NONE',  ( 3.750734775073318428, 10.89999999999999503, -0.8022949072187418595 ) ) ;
#1730 = VERTEX_POINT ( 'NONE', #2450 ) ;
#1731 = CARTESIAN_POINT ( 'NONE',  ( 3.662902481860432768, 10.90000000000000568, -1.039040948922438146 ) ) ;
#1732 = CARTESIAN_POINT ( 'NONE',  ( 4.171574467036808009, 10.89999999999999858, -1.732858143927160421 ) ) ;
#1733 = VERTEX_POINT ( 'NONE', #1346 ) ;
#1734 = DIRECTION ( 'NONE',  ( 1.000000000000000000, -0.000000000000000000, 0.000000000000000000 ) ) ;
#1735 = CARTESIAN_POINT ( 'NONE',  ( -3.025000000000000355, 11.09999999999999964, -1.874999999999999556 ) ) ;
#1736 = CARTESIAN_POINT ( 'NONE',  ( 5.950000000000001066, 10.90000000000000036, -3.149999999999999911 ) ) ;
#1737 = CARTESIAN_POINT ( 'NONE',  ( 3.791290091480372215, 11.09999999999999964, -2.200181570845458179 ) ) ;
#1738 = ORIENTED_EDGE ( 'NONE', *, *, #1658, .F. ) ;
#1739 = DIRECTION ( 'NONE',  ( -0.7071067811865446862, 0.000000000000000000, 0.7071067811865503483 ) ) ;
#1740 = DIRECTION ( 'NONE',  ( 1.000000000000000000, 0.000000000000000000, 0.000000000000000000 ) ) ;
#1741 = ORIENTED_EDGE ( 'NONE', *, *, #1066, .F. ) ;
#1742 = EDGE_CURVE ( 'NONE', #1499, #2362, #2697, .T. ) ;
#1743 = CARTESIAN_POINT ( 'NONE',  ( 4.060627757828291884, 11.09999999999999964, -1.147204701724245934 ) ) ;
#1744 = DIRECTION ( 'NONE',  ( -1.000000000000000000, -0.000000000000000000, 5.421010862427508365E-16 ) ) ;
#1745 = EDGE_CURVE ( 'NONE', #581, #459, #1093, .T. ) ;
#1746 = ORIENTED_EDGE ( 'NONE', *, *, #3075, .T. ) ;
#1747 = CARTESIAN_POINT ( 'NONE',  ( -3.587179487179488202, 24.78707656525732261, 2.469230769230769784 ) ) ;
#1748 = ORIENTED_EDGE ( 'NONE', *, *, #3272, .T. ) ;
#1749 = CARTESIAN_POINT ( 'NONE',  ( 4.112809654072365539, 10.90000000000000746, -2.133340274862339569 ) ) ;
#1750 = DIRECTION ( 'NONE',  ( 0.000000000000000000, 0.000000000000000000, 1.000000000000000000 ) ) ;
#1751 = VECTOR ( 'NONE', #2715, 1000.000000000000000 ) ;
#1752 = FACE_OUTER_BOUND ( 'NONE', #2617, .T. ) ;
#1753 = LINE ( 'NONE', #2574, #2816 ) ;
#1754 = CARTESIAN_POINT ( 'NONE',  ( 3.460176467659835886, 11.09999999999999964, -2.689017228444448460 ) ) ;
#1755 = CARTESIAN_POINT ( 'NONE',  ( 3.599999999999973888, -7.799999999999999822, 1.045000000000000373 ) ) ;
#1756 = EDGE_LOOP ( 'NONE', ( #3193, #1164, #405, #3267 ) ) ;
#1757 = LINE ( 'NONE', #965, #1546 ) ;
#1758 = LINE ( 'NONE', #1038, #1095 ) ;
#1759 = ORIENTED_EDGE ( 'NONE', *, *, #3409, .F. ) ;
#1760 = CARTESIAN_POINT ( 'NONE',  ( 3.999999999999973355, 0.000000000000000000, 1.045000000000000373 ) ) ;
#1761 = EDGE_CURVE ( 'NONE', #2765, #1434, #2421, .T. ) ;
#1762 = EDGE_LOOP ( 'NONE', ( #3250, #109, #2092, #2738 ) ) ;
#1763 = CARTESIAN_POINT ( 'NONE',  ( 3.269689446589604476, 11.09999999999999787, -2.699751413951198664 ) ) ;
#1764 = DIRECTION ( 'NONE',  ( 2.990902544787597606E-16, 0.000000000000000000, -1.000000000000000000 ) ) ;
#1765 = CARTESIAN_POINT ( 'NONE',  ( 4.161613426813869587, 10.90000000000000036, -1.902782837035592145 ) ) ;
#1766 = ORIENTED_EDGE ( 'NONE', *, *, #3047, .F. ) ;
#1767 = EDGE_CURVE ( 'NONE', #1198, #3256, #2711, .T. ) ;
#1768 = DIRECTION ( 'NONE',  ( 0.000000000000000000, 0.000000000000000000, 1.000000000000000000 ) ) ;
#1769 = DIRECTION ( 'NONE',  ( 0.000000000000000000, 0.000000000000000000, 1.000000000000000000 ) ) ;
#1770 = VECTOR ( 'NONE', #2597, 1000.000000000000000 ) ;
#1771 = ADVANCED_FACE ( 'NONE', ( #2169 ), #864, .T. ) ;
#1773 = VECTOR ( 'NONE', #2414, 1000.000000000000000 ) ;
#1772 = CARTESIAN_POINT ( 'NONE',  ( 3.889401510046925026, 11.09999999999999432, -1.740736054152178802 ) ) ;
#1774 = ORIENTED_EDGE ( 'NONE', *, *, #156, .F. ) ;
#1775 = PLANE ( 'NONE',  #2948 ) ;
#1776 = PLANE ( 'NONE',  #3464 ) ;
#1777 = ORIENTED_EDGE ( 'NONE', *, *, #2426, .F. ) ;
#1778 = CARTESIAN_POINT ( 'NONE',  ( 4.100000000000001421, 11.09999999999999964, 1.524999999999999911 ) ) ;
#1779 = CARTESIAN_POINT ( 'NONE',  ( 0.000000000000000000, 0.000000000000000000, 0.000000000000000000 ) ) ;
#1780 = VECTOR ( 'NONE', #979, 1000.000000000000000 ) ;
#1781 = ORIENTED_EDGE ( 'NONE', *, *, #1300, .T. ) ;
#1782 = VECTOR ( 'NONE', #440, 1000.000000000000000 ) ;
#1783 = LINE ( 'NONE', #1046, #2550 ) ;
#1784 = CARTESIAN_POINT ( 'NONE',  ( 4.171140033972502437, 10.90000000000000746, -1.776302160787451401 ) ) ;
#1785 = DIRECTION ( 'NONE',  ( -1.000000000000000000, -0.000000000000000000, 5.421010862427508365E-16 ) ) ;
#1786 = CARTESIAN_POINT ( 'NONE',  ( 3.932961983091989300, 10.89999999999999325, -2.456875088399585572 ) ) ;
#1787 = AXIS2_PLACEMENT_3D ( 'NONE', #846, #24, #578 ) ;
#1788 = EDGE_LOOP ( 'NONE', ( #1045, #283, #2206, #3436 ) ) ;
#1789 = VERTEX_POINT ( 'NONE', #1886 ) ;
#1790 = CARTESIAN_POINT ( 'NONE',  ( -2.407692307692308464, 11.09999999999999964, 2.700000000000000178 ) ) ;
#1791 = CARTESIAN_POINT ( 'NONE',  ( 2.050000000000004707, 10.90000000000000036, 0.2500000000000000000 ) ) ;
#1792 = CARTESIAN_POINT ( 'NONE',  ( 3.255141073785393857, 10.90000000000000036, -0.9312192309406674973 ) ) ;
#1793 = AXIS2_PLACEMENT_3D ( 'NONE', #1459, #446, #2525 ) ;
#1794 = EDGE_CURVE ( 'NONE', #2488, #1426, #1056, .T. ) ;
#1795 = PLANE ( 'NONE',  #272 ) ;
#1796 = EDGE_LOOP ( 'NONE', ( #2774, #952, #1920, #2465 ) ) ;
#1797 = LINE ( 'NONE', #460, #2002 ) ;
#1798 = CARTESIAN_POINT ( 'NONE',  ( -3.375000000000000444, 10.90000000000000036, -0.7999999999999994893 ) ) ;
#1799 = ORIENTED_EDGE ( 'NONE', *, *, #1430, .F. ) ;
#1800 = DIRECTION ( 'NONE',  ( -0.000000000000000000, 1.000000000000000000, -0.000000000000000000 ) ) ;
#1801 = EDGE_CURVE ( 'NONE', #3059, #1949, #285, .T. ) ;
#1802 = DIRECTION ( 'NONE',  ( -0.000000000000000000, -0.000000000000000000, 1.000000000000000000 ) ) ;
#1803 = ORIENTED_EDGE ( 'NONE', *, *, #1507, .T. ) ;
#1804 = CARTESIAN_POINT ( 'NONE',  ( -2.458974358974360008, 10.90000000000000036, 0.9307692307692306821 ) ) ;
#1805 = CARTESIAN_POINT ( 'NONE',  ( -3.375000000000000000, 10.90000000000000036, -2.599999999999999201 ) ) ;
#1806 = CARTESIAN_POINT ( 'NONE',  ( 3.814749600839502097, 10.90000000000000213, -2.155295205482911758 ) ) ;
#1807 = CARTESIAN_POINT ( 'NONE',  ( 3.617832443443974366, 11.09999999999999432, -2.392712362754051636 ) ) ;
#1808 = ADVANCED_FACE ( 'NONE', ( #784 ), #3487, .F. ) ;
#1809 = VERTEX_POINT ( 'NONE', #1353 ) ;
#1810 = ORIENTED_EDGE ( 'NONE', *, *, #2349, .T. ) ;
#1811 = PLANE ( 'NONE',  #3037 ) ;
#1812 = CARTESIAN_POINT ( 'NONE',  ( 3.534926834352096314, 11.10000000000000320, -2.678473068307235749 ) ) ;
#1813 = CARTESIAN_POINT ( 'NONE',  ( 3.225080128205128016, 24.78707656525732261, -0.9307692307692307931 ) ) ;
#1814 = ORIENTED_EDGE ( 'NONE', *, *, #700, .F. ) ;
#1815 = CARTESIAN_POINT ( 'NONE',  ( 3.999999999999974243, -7.799999999999999822, 1.495000000000000551 ) ) ;
#1816 = SURFACE_SIDE_STYLE ('',( #233 ) ) ;
#1817 = EDGE_LOOP ( 'NONE', ( #3428, #2889, #2326, #2289 ) ) ;
#1818 = ADVANCED_FACE ( 'NONE', ( #517 ), #1585, .F. ) ;
#1819 = DIRECTION ( 'NONE',  ( -0.000000000000000000, -0.000000000000000000, -1.000000000000000000 ) ) ;
#1820 = VERTEX_POINT ( 'NONE', #1320 ) ;
#1821 = CARTESIAN_POINT ( 'NONE',  ( 3.600000000000000089, -7.799999999999999822, -1.044999999999998819 ) ) ;
#1822 = LINE ( 'NONE', #756, #1407 ) ;
#1823 = PLANE ( 'NONE',  #2620 ) ;
#1824 = DIRECTION ( 'NONE',  ( 2.454797371665295086E-16, 0.000000000000000000, 1.000000000000000000 ) ) ;
#1825 = VERTEX_POINT ( 'NONE', #497 ) ;
#1826 = ORIENTED_EDGE ( 'NONE', *, *, #3175, .F. ) ;
#1827 = CARTESIAN_POINT ( 'NONE',  ( 3.942788349660764968, 10.90000000000000746, -0.9614050155283653254 ) ) ;
#1828 = DIRECTION ( 'NONE',  ( -0.000000000000000000, -1.000000000000000000, -0.000000000000000000 ) ) ;
#1829 = VECTOR ( 'NONE', #1891, 1000.000000000000000 ) ;
#1830 = EDGE_CURVE ( 'NONE', #1426, #2133, #2655, .T. ) ;
#1831 = ORIENTED_EDGE ( 'NONE', *, *, #2329, .F. ) ;
#1832 = CARTESIAN_POINT ( 'NONE',  ( 3.560530731003322735, 11.09999999999999787, -2.422854494830441574 ) ) ;
#1833 = DIRECTION ( 'NONE',  ( -1.000000000000000000, 0.000000000000000000, 1.057758217059028361E-16 ) ) ;
#1834 = ORIENTED_EDGE ( 'NONE', *, *, #810, .F. ) ;
#1835 = DIRECTION ( 'NONE',  ( 1.000000000000000000, 0.000000000000000000, -0.000000000000000000 ) ) ;
#1836 = VERTEX_POINT ( 'NONE', #2395 ) ;
#1837 = VECTOR ( 'NONE', #1403, 1000.000000000000000 ) ;
#1838 = VECTOR ( 'NONE', #1435, 1000.000000000000000 ) ;
#1839 = CARTESIAN_POINT ( 'NONE',  ( -2.458974358974360008, 24.78707656525732261, 0.7000000000000000666 ) ) ;
#1840 = CLOSED_SHELL ( 'NONE', ( #2713, #720, #1589, #205, #3307, #3382, #1394, #2217, #3150, #179, #2986, #1284, #2800, #1104, #841, #144, #2269, #2347, #762, #1808, #3357, #1342, #569, #2400, #971, #1715, #368, #41, #2180, #2201, #2748, #2517, #1245, #1970, #3217, #2934, #2376, #3064, #1918, #2894, #1444, #1329, #1485, #1441, #305, #3008, #1771, #2840, #2198, #477, #2091, #3456, #2448, #2917, #2392, #3093, #1253, #2435, #2496, #123, #2798, #2086, #413, #3113, #1115, #2077, #695, #1024, #3199, #188, #3303, #2555, #2021, #3273, #1186, #2533, #1513, #1617 ) ) ;
#1841 = EDGE_CURVE ( 'NONE', #1579, #2479, #1636, .T. ) ;
#1842 = ORIENTED_EDGE ( 'NONE', *, *, #28, .F. ) ;
#1843 = PLANE ( 'NONE',  #924 ) ;
#1844 = DIRECTION ( 'NONE',  ( 0.000000000000000000, -0.000000000000000000, 1.000000000000000000 ) ) ;
#1845 = CARTESIAN_POINT ( 'NONE',  ( -1.549999999999998934, -7.516648189186458495, 2.649999999999994582 ) ) ;
#1846 = FACE_OUTER_BOUND ( 'NONE', #1436, .T. ) ;
#1847 = VECTOR ( 'NONE', #780, 1000.000000000000000 ) ;
#1848 = B_SPLINE_CURVE_WITH_KNOTS ( 'NONE', 3,
 ( #3202, #2892, #795, #1556, #2857, #2625, #1864, #450, #1806, #1523, #2876, #2250, #1925, #1102, #623, #3302, #642, #1977, #71 ),
 .UNSPECIFIED., .F., .F.,
 ( 4, 1, 1, 1, 1, 1, 1, 1, 1, 1, 1, 1, 1, 1, 1, 1, 4 ),
 ( 0.000000000000000000, 0.09125792857114775614, 0.1774017172687081811, 0.2586939028057239076, 0.3347914606470456245, 0.4060450965974951032, 0.4735814421468779178, 0.5371871940170573900, 0.5970124112690077256, 0.6545333578100730465, 0.7092861979284388330, 0.7615179959346597416, 0.8118475490470659084, 0.8606042373546139990, 0.9078057491050457450, 0.9542592786578926178, 0.9999999999999998890 ),
 .UNSPECIFIED. ) ;
#1849 = STYLED_ITEM ( 'NONE', ( #2751 ), #1139 ) ;
#1850 = VECTOR ( 'NONE', #210, 1000.000000000000000 ) ;
#1851 = ORIENTED_EDGE ( 'NONE', *, *, #1703, .F. ) ;
#1852 = CARTESIAN_POINT ( 'NONE',  ( 3.694040606428656837, 10.90000000000000746, -0.7745657103940014609 ) ) ;
#1853 = LINE ( 'NONE', #529, #142 ) ;
#1854 = EDGE_LOOP ( 'NONE', ( #3159, #1361, #548, #3074 ) ) ;
#1855 = PLANE ( 'NONE',  #1341 ) ;
#1856 = LINE ( 'NONE', #2902, #1612 ) ;
#1857 = LINE ( 'NONE', #3453, #1219 ) ;
#1858 = B_SPLINE_SURFACE_WITH_KNOTS ( 'NONE', 3, 1, ( 
 ( #2258, #3333 ),
 ( #2783, #2296 ),
 ( #1763, #1691 ),
 ( #2007, #887 ),
 ( #406, #1446 ),
 ( #1501, #2222 ),
 ( #3060, #2528 ),
 ( #1220, #692 ),
 ( #2512, #636 ),
 ( #1425, #2568 ),
 ( #102, #2834 ) ),
 .UNSPECIFIED., .F., .F., .F.,
 ( 4, 1, 1, 1, 1, 1, 1, 1, 4 ),
 ( 2, 2 ),
 ( 0.000000000000000000, 0.1578909745123445452, 0.3067942516334780656, 0.4456741526256970398, 0.5756804356331876038, 0.6946314639267257007, 0.8059778052059954900, 0.9077643550505538617, 1.000000000000000000 ),
 ( 0.000000000000000000, 1.000000000000000000 ),
 .UNSPECIFIED. ) ;
#1859 = VERTEX_POINT ( 'NONE', #3210 ) ;
#1860 = DIRECTION ( 'NONE',  ( -1.000000000000000000, 0.000000000000000000, -0.000000000000000000 ) ) ;
#1861 = ORIENTED_EDGE ( 'NONE', *, *, #3329, .F. ) ;
#1862 = DIRECTION ( 'NONE',  ( 0.000000000000000000, 0.000000000000000000, -1.000000000000000000 ) ) ;
#1863 = CARTESIAN_POINT ( 'NONE',  ( 3.600000000000000089, -7.799999999999999822, -1.044999999999998819 ) ) ;
#1864 = CARTESIAN_POINT ( 'NONE',  ( 3.851649458239699619, 10.89999999999999680, -2.051691603631510485 ) ) ;
#1865 = EDGE_CURVE ( 'NONE', #3155, #1926, #2429, .T. ) ;
#1866 = CARTESIAN_POINT ( 'NONE',  ( -3.587179487179488202, 24.78707656525732261, 0.9307692307692306821 ) ) ;
#1867 = CARTESIAN_POINT ( 'NONE',  ( 3.838175647486647080, 11.10000000000000675, -2.544562183913272158 ) ) ;
#1868 = VERTEX_POINT ( 'NONE', #2634 ) ;
#1869 = DIRECTION ( 'NONE',  ( 0.000000000000000000, 0.000000000000000000, 1.000000000000000000 ) ) ;
#1870 = DIRECTION ( 'NONE',  ( -0.000000000000000000, -0.000000000000000000, 1.000000000000000000 ) ) ;
#1871 = ORIENTED_EDGE ( 'NONE', *, *, #1234, .F. ) ;
#1872 = LINE ( 'NONE', #536, #499 ) ;
#1873 = VECTOR ( 'NONE', #1183, 1000.000000000000000 ) ;
#1874 = CARTESIAN_POINT ( 'NONE',  ( 3.453119941125879055, 11.09999999999999964, -2.453879079032004640 ) ) ;
#1875 = CARTESIAN_POINT ( 'NONE',  ( 3.889743589743589247, 11.09999999999999787, -1.715224358974358987 ) ) ;
#1876 = PLANE ( 'NONE',  #2651 ) ;
#1877 = DIRECTION ( 'NONE',  ( 0.000000000000000000, -0.000000000000000000, 1.000000000000000000 ) ) ;
#1878 = VECTOR ( 'NONE', #2141, 1000.000000000000000 ) ;
#1879 = EDGE_CURVE ( 'NONE', #1579, #742, #1856, .T. ) ;
#1880 = CARTESIAN_POINT ( 'NONE',  ( 3.247115384615384404, 10.90000000000000391, -0.6999999999999999556 ) ) ;
#1881 = CARTESIAN_POINT ( 'NONE',  ( -2.458974358974360008, 11.09999999999999964, 0.7000000000000000666 ) ) ;
#1882 = EDGE_CURVE ( 'NONE', #2869, #163, #801, .T. ) ;
#1883 = VERTEX_POINT ( 'NONE', #3435 ) ;
#1884 = AXIS2_PLACEMENT_3D ( 'NONE', #2539, #1437, #3033 ) ;
#1885 = CARTESIAN_POINT ( 'NONE',  ( 3.710701364758572929, 11.09999999999999964, -2.312229867812418238 ) ) ;
#1886 = CARTESIAN_POINT ( 'NONE',  ( 3.568028846153845635, 10.90000000000000036, -2.671153846153846434 ) ) ;
#1887 = ORIENTED_EDGE ( 'NONE', *, *, #2983, .F. ) ;
#1888 = PLANE ( 'NONE',  #1947 ) ;
#1889 = EDGE_CURVE ( 'NONE', #1025, #1398, #3169, .T. ) ;
#1890 = MECHANICAL_DESIGN_GEOMETRIC_PRESENTATION_REPRESENTATION (  '', ( #1429 ), #922 ) ;
#1891 = DIRECTION ( 'NONE',  ( -0.000000000000000000, 0.000000000000000000, 1.000000000000000000 ) ) ;
#1892 = CARTESIAN_POINT ( 'NONE',  ( 3.499240873925709039, 10.89999999999999858, -2.684441503409919161 ) ) ;
#1893 = CARTESIAN_POINT ( 'NONE',  ( 3.024999999999999911, 11.09999999999999964, 1.875000000000000000 ) ) ;
#1894 = DIRECTION ( 'NONE',  ( 1.000000000000000000, 0.000000000000000000, 0.000000000000000000 ) ) ;
#1895 = ORIENTED_EDGE ( 'NONE', *, *, #1638, .F. ) ;
#1896 = CARTESIAN_POINT ( 'NONE',  ( 4.050751250384249325, 11.10000000000000320, -2.285802609063395163 ) ) ;
#1897 = CARTESIAN_POINT ( 'NONE',  ( 3.568028846153845635, 10.90000000000000036, -2.671153846153846434 ) ) ;
#1898 = VECTOR ( 'NONE', #2540, 1000.000000000000000 ) ;
#1899 = ORIENTED_EDGE ( 'NONE', *, *, #2473, .T. ) ;
#1900 = DIRECTION ( 'NONE',  ( -1.000000000000000000, 0.000000000000000000, 0.000000000000000000 ) ) ;
#1901 = CARTESIAN_POINT ( 'NONE',  ( 3.889191486603338355, 11.10000000000000142, -1.678607053205012800 ) ) ;
#1902 = ORIENTED_EDGE ( 'NONE', *, *, #2426, .T. ) ;
#1903 = CARTESIAN_POINT ( 'NONE',  ( 3.218269230769230216, 11.09999999999999964, -2.469230769230769784 ) ) ;
#1904 = DIRECTION ( 'NONE',  ( 0.000000000000000000, 0.000000000000000000, -1.000000000000000000 ) ) ;
#1905 = EDGE_CURVE ( 'NONE', #426, #1209, #2938, .T. ) ;
#1906 = CARTESIAN_POINT ( 'NONE',  ( 2.530769230769230660, 11.09999999999999964, -2.700000000000000178 ) ) ;
#1907 = DIRECTION ( 'NONE',  ( -0.7071067811865475727, 0.000000000000000000, 0.7071067811865475727 ) ) ;
#1908 = ORIENTED_EDGE ( 'NONE', *, *, #3490, .F. ) ;
#1909 = DIRECTION ( 'NONE',  ( 1.000000000000000000, 0.000000000000000000, -0.000000000000000000 ) ) ;
#1910 = CARTESIAN_POINT ( 'NONE',  ( 3.024999999999999911, 10.90000000000000036, 1.875000000000000000 ) ) ;
#1911 = ORIENTED_EDGE ( 'NONE', *, *, #2019, .T. ) ;
#1912 = FACE_OUTER_BOUND ( 'NONE', #3255, .T. ) ;
#1913 = EDGE_LOOP ( 'NONE', ( #2817, #136, #3029, #1695 ) ) ;
#1914 = CARTESIAN_POINT ( 'NONE',  ( 3.599999999999973888, 0.000000000000000000, 1.045000000000000373 ) ) ;
#1915 = DIRECTION ( 'NONE',  ( 1.000000000000000000, 0.000000000000000000, -0.000000000000000000 ) ) ;
#1916 = ADVANCED_FACE ( 'NONE', ( #814 ), #2955, .F. ) ;
#1917 = AXIS2_PLACEMENT_3D ( 'NONE', #3316, #1712, #2529 ) ;
#1918 = ADVANCED_FACE ( 'NONE', ( #3095 ), #1858, .T. ) ;
#1919 = CARTESIAN_POINT ( 'NONE',  ( -2.299999999999999822, 10.90000000000000036, -1.524999999999999467 ) ) ;
#1920 = ORIENTED_EDGE ( 'NONE', *, *, #1647, .T. ) ;
#1921 = CARTESIAN_POINT ( 'NONE',  ( 3.838175647486647080, 10.90000000000000213, -2.544562183913272158 ) ) ;
#1922 = CARTESIAN_POINT ( 'NONE',  ( 3.595612592157415577, 11.09999999999999787, -2.663916927991399231 ) ) ;
#1923 = ORIENTED_EDGE ( 'NONE', *, *, #1377, .F. ) ;
#1924 = CARTESIAN_POINT ( 'NONE',  ( -3.587179487179488202, 10.90000000000000036, 1.546153846153846212 ) ) ;
#1925 = CARTESIAN_POINT ( 'NONE',  ( 3.710701364758572929, 10.90000000000000213, -2.312229867812418238 ) ) ;
#1926 = VERTEX_POINT ( 'NONE', #3368 ) ;
#1927 = B_SPLINE_SURFACE_WITH_KNOTS ( 'NONE', 3, 1, ( 
 ( #2977, #3003 ),
 ( #1165, #2466 ),
 ( #48, #868 ),
 ( #1098, #1936 ),
 ( #2766, #354 ),
 ( #1427, #2172 ),
 ( #3251, #3237 ),
 ( #1896, #574 ),
 ( #2966, #843 ),
 ( #637, #428 ),
 ( #902, #1749 ),
 ( #2547, #3369 ),
 ( #2245, #2277 ),
 ( #139, #2785 ),
 ( #714, #2856 ),
 ( #657, #390 ),
 ( #1522, #1784 ),
 ( #449, #2569 ),
 ( #2026, #3351 ) ),
 .UNSPECIFIED., .F., .F., .F.,
 ( 4, 1, 1, 1, 1, 1, 1, 1, 1, 1, 1, 1, 1, 1, 1, 1, 4 ),
 ( 2, 2 ),
 ( 0.000000000000000000, 0.05681233542270224673, 0.1138818391726265228, 0.1705330684121228735, 0.2275474391905968619, 0.2853526916966463989, 0.3437011415730503727, 0.4030002293139181568, 0.4638421051035356291, 0.5258154763422757672, 0.5889670046823934912, 0.6532705244424713564, 0.7190965893252215801, 0.7867486396200309429, 0.8557883106621368974, 0.9268358117512700556, 0.9999999999999998890 ),
 ( 0.000000000000000000, 1.000000000000000000 ),
 .UNSPECIFIED. ) ;
#1928 = ORIENTED_EDGE ( 'NONE', *, *, #736, .F. ) ;
#1929 = LINE ( 'NONE', #1416, #1420 ) ;
#1930 = CARTESIAN_POINT ( 'NONE',  ( 3.858894230769230216, 11.09999999999999787, -2.528125000000000178 ) ) ;
#1931 = APPLICATION_CONTEXT ( 'automotive_design' ) ;
#1932 = CARTESIAN_POINT ( 'NONE',  ( -3.025000000000000355, 11.09999999999999964, -1.524999999999999467 ) ) ;
#1933 = EDGE_CURVE ( 'NONE', #369, #426, #1111, .T. ) ;
#1934 = VECTOR ( 'NONE', #1833, 1000.000000000000000 ) ;
#1935 = ORIENTED_EDGE ( 'NONE', *, *, #442, .F. ) ;
#1936 = CARTESIAN_POINT ( 'NONE',  ( 3.932961983091989300, 10.89999999999999680, -2.456875088399585572 ) ) ;
#1937 = CARTESIAN_POINT ( 'NONE',  ( 3.791290091480372215, 10.90000000000001101, -2.200181570845458179 ) ) ;
#1938 = VECTOR ( 'NONE', #2273, 1000.000000000000000 ) ;
#1939 = EDGE_CURVE ( 'NONE', #2918, #2965, #2242, .T. ) ;
#1940 = ORIENTED_EDGE ( 'NONE', *, *, #987, .T. ) ;
#1941 = CARTESIAN_POINT ( 'NONE',  ( 3.599999999999973888, 0.000000000000000000, 1.495000000000000551 ) ) ;
#1942 = FACE_OUTER_BOUND ( 'NONE', #2261, .T. ) ;
#1943 = ORIENTED_EDGE ( 'NONE', *, *, #2165, .T. ) ;
#1944 = EDGE_CURVE ( 'NONE', #3324, #2247, #901, .T. ) ;
#1945 = ORIENTED_EDGE ( 'NONE', *, *, #1197, .F. ) ;
#1946 = VECTOR ( 'NONE', #50, 1000.000000000000000 ) ;
#1947 = AXIS2_PLACEMENT_3D ( 'NONE', #802, #1587, #1037 ) ;
#1948 = LINE ( 'NONE', #645, #709 ) ;
#1949 = VERTEX_POINT ( 'NONE', #1199 ) ;
#1950 = AXIS2_PLACEMENT_3D ( 'NONE', #1337, #2115, #3209 ) ;
#1951 = CARTESIAN_POINT ( 'NONE',  ( -3.599999999999973443, 0.000000000000000000, -1.494999999999998996 ) ) ;
#1952 = CARTESIAN_POINT ( 'NONE',  ( 2.530769230769230660, 10.90000000000000036, -2.700000000000000178 ) ) ;
#1953 = ORIENTED_EDGE ( 'NONE', *, *, #2684, .T. ) ;
#1954 = LINE ( 'NONE', #1179, #811 ) ;
#1955 = CARTESIAN_POINT ( 'NONE',  ( 4.024617230478386709, 10.90000000000000036, -1.077978688153306663 ) ) ;
#1956 = ORIENTED_EDGE ( 'NONE', *, *, #1355, .F. ) ;
#1957 = DIRECTION ( 'NONE',  ( 3.854941057726239478E-15, 0.000000000000000000, 1.000000000000000000 ) ) ;
#1958 = CARTESIAN_POINT ( 'NONE',  ( 3.370475651358566083, 10.89999999999999858, -2.464127135101726651 ) ) ;
#1959 = EDGE_CURVE ( 'NONE', #2458, #3221, #2275, .T. ) ;
#1960 = VERTEX_POINT ( 'NONE', #936 ) ;
#1961 = PLANE ( 'NONE',  #1161 ) ;
#1962 = EDGE_LOOP ( 'NONE', ( #3419, #1506, #2722, #949 ) ) ;
#1963 = DIRECTION ( 'NONE',  ( -0.000000000000000000, -1.000000000000000000, -0.000000000000000000 ) ) ;
#1964 = ORIENTED_EDGE ( 'NONE', *, *, #3229, .T. ) ;
#1965 = CARTESIAN_POINT ( 'NONE',  ( -3.999999999999973355, -7.799999999999999822, -1.494999999999998996 ) ) ;
#1966 = CARTESIAN_POINT ( 'NONE',  ( 0.000000000000000000, -7.799999999999999822, 0.000000000000000000 ) ) ;
#1967 = VERTEX_POINT ( 'NONE', #674 ) ;
#1968 = CARTESIAN_POINT ( 'NONE',  ( 3.323143657395597028, 10.90000000000000391, -2.467196514113906058 ) ) ;
#1969 = EDGE_CURVE ( 'NONE', #2274, #2080, #2818, .T. ) ;
#1970 = ADVANCED_FACE ( 'NONE', ( #2912 ), #238, .T. ) ;
#1971 = CARTESIAN_POINT ( 'NONE',  ( 3.851958078210547143, 10.90000000000000036, -0.8704721854539849701 ) ) ;
#1972 = VERTEX_POINT ( 'NONE', #2929 ) ;
#1973 = PLANE ( 'NONE',  #2028 ) ;
#1974 = FACE_OUTER_BOUND ( 'NONE', #2813, .T. ) ;
#1975 = VERTEX_POINT ( 'NONE', #1026 ) ;
#1976 = DIRECTION ( 'NONE',  ( 0.000000000000000000, 0.000000000000000000, -1.000000000000000000 ) ) ;
#1977 = CARTESIAN_POINT ( 'NONE',  ( 3.560530731003322735, 10.90000000000000036, -2.422854494830441574 ) ) ;
#1978 = PLANE ( 'NONE',  #3346 ) ;
#1979 = CARTESIAN_POINT ( 'NONE',  ( -1.549999999999998934, 10.90000000000000036, 2.649999999999994582 ) ) ;
#1980 = CARTESIAN_POINT ( 'NONE',  ( 0.000000000000000000, 0.000000000000000000, 0.000000000000000000 ) ) ;
#1981 = EDGE_LOOP ( 'NONE', ( #1683, #683, #611, #151 ) ) ;
#1982 = EDGE_CURVE ( 'NONE', #3256, #263, #1311, .T. ) ;
#1983 = VECTOR ( 'NONE', #3270, 1000.000000000000000 ) ;
#1984 = CARTESIAN_POINT ( 'NONE',  ( 3.453119941125879055, 10.89999999999999680, -2.453879079032004640 ) ) ;
#1985 = ORIENTED_EDGE ( 'NONE', *, *, #3244, .T. ) ;
#1986 = CARTESIAN_POINT ( 'NONE',  ( 4.120589349693074332, 10.90000000000000391, -1.308350841798080477 ) ) ;
#1987 = CARTESIAN_POINT ( 'NONE',  ( 3.024999999999999911, 24.78707656525732261, 1.875000000000000000 ) ) ;
#1988 = CARTESIAN_POINT ( 'NONE',  ( 3.584178876948545867, 11.09999999999999964, -2.412554360892305017 ) ) ;
#1989 = COLOUR_RGB ( '',1.000000000000000000, 0.8117647058823529438, 0.5019607843137254832 ) ;
#1990 = VECTOR ( 'NONE', #3405, 1000.000000000000000 ) ;
#1991 = EDGE_LOOP ( 'NONE', ( #2191, #1634, #2343, #1953 ) ) ;
#1992 = CARTESIAN_POINT ( 'NONE',  ( -5.950000000000001066, 9.899999999999998579, -3.149999999999999911 ) ) ;
#1993 = PRESENTATION_STYLE_ASSIGNMENT (( #1509 ) ) ;
#1994 = EDGE_CURVE ( 'NONE', #479, #562, #2352, .T. ) ;
#1995 = CARTESIAN_POINT ( 'NONE',  ( 3.851649458239699619, 11.09999999999999432, -2.051691603631510485 ) ) ;
#1996 = ORIENTED_EDGE ( 'NONE', *, *, #28, .T. ) ;
#1997 = PLANE ( 'NONE',  #3048 ) ;
#1998 = DIRECTION ( 'NONE',  ( 0.000000000000000000, 1.000000000000000000, 0.000000000000000000 ) ) ;
#1999 = VERTEX_POINT ( 'NONE', #523 ) ;
#2000 = VECTOR ( 'NONE', #1029, 1000.000000000000000 ) ;
#2001 = EDGE_CURVE ( 'NONE', #1664, #3155, #2332, .T. ) ;
#2002 = VECTOR ( 'NONE', #684, 1000.000000000000000 ) ;
#2003 = VECTOR ( 'NONE', #1508, 1000.000000000000000 ) ;
#2004 = CARTESIAN_POINT ( 'NONE',  ( 3.413711495051569234, 10.90000000000000391, -2.459076149520702526 ) ) ;
#2005 = CARTESIAN_POINT ( 'NONE',  ( 3.600000000000000089, 0.000000000000000000, -1.044999999999998819 ) ) ;
#2006 = EDGE_LOOP ( 'NONE', ( #2833, #1062, #2098, #3002 ) ) ;
#2007 = CARTESIAN_POINT ( 'NONE',  ( 3.322461343529464983, 11.10000000000000320, -2.698705397854765931 ) ) ;
#2008 = VERTEX_POINT ( 'NONE', #2890 ) ;
#2009 = CARTESIAN_POINT ( 'NONE',  ( -3.869230769230770584, 24.78707656525732261, 2.700000000000000178 ) ) ;
#2010 = CARTESIAN_POINT ( 'NONE',  ( 4.152512072541798105, 10.90000000000000213, -1.963119612482168819 ) ) ;
#2011 = ORIENTED_EDGE ( 'NONE', *, *, #2650, .F. ) ;
#2012 = DIRECTION ( 'NONE',  ( 2.454797371665295086E-16, 0.000000000000000000, 1.000000000000000000 ) ) ;
#2013 = DIRECTION ( 'NONE',  ( 0.000000000000000000, 0.000000000000000000, -1.000000000000000000 ) ) ;
#2014 = DIRECTION ( 'NONE',  ( 0.000000000000000000, 0.000000000000000000, -1.000000000000000000 ) ) ;
#2015 = VERTEX_POINT ( 'NONE', #1821 ) ;
#2016 = CARTESIAN_POINT ( 'NONE',  ( -3.025000000000000355, 24.78707656525732261, -1.874999999999999556 ) ) ;
#2017 = CARTESIAN_POINT ( 'NONE',  ( 3.225080128205128016, 11.09999999999999964, -0.9307692307692307931 ) ) ;
#2018 = ORIENTED_EDGE ( 'NONE', *, *, #1841, .T. ) ;
#2019 = EDGE_CURVE ( 'NONE', #3289, #1566, #317, .T. ) ;
#2020 = CARTESIAN_POINT ( 'NONE',  ( -4.950000000000001066, 10.90000000000000036, -3.149999999999999911 ) ) ;
#2021 = ADVANCED_FACE ( 'NONE', ( #2385 ), #2067, .F. ) ;
#2022 = CARTESIAN_POINT ( 'NONE',  ( 5.950000000000001066, 10.90000000000000036, 3.149999999999999911 ) ) ;
#2023 = EDGE_CURVE ( 'NONE', #1674, #2527, #1521, .T. ) ;
#2024 = ORIENTED_EDGE ( 'NONE', *, *, #1703, .T. ) ;
#2025 = CARTESIAN_POINT ( 'NONE',  ( 3.415251350497024774, 10.90000000000000391, -0.7074662044155022311 ) ) ;
#2026 = CARTESIAN_POINT ( 'NONE',  ( 4.171794871794872073, 11.09999999999999964, -1.710817307692307665 ) ) ;
#2027 = CARTESIAN_POINT ( 'NONE',  ( 4.128068267874875907, 10.90000000000000036, -2.078338223412788732 ) ) ;
#2028 = AXIS2_PLACEMENT_3D ( 'NONE', #372, #1447, #2312 ) ;
#2029 = VERTEX_POINT ( 'NONE', #3460 ) ;
#2030 = CARTESIAN_POINT ( 'NONE',  ( -3.600000000000001421, -7.799999999999999822, 1.045000000000000373 ) ) ;
#2031 = FILL_AREA_STYLE_COLOUR ( '', #2760 ) ;
#2032 = DIRECTION ( 'NONE',  ( -0.000000000000000000, -1.000000000000000000, -0.000000000000000000 ) ) ;
#2033 = DIRECTION ( 'NONE',  ( -1.000000000000000000, 0.000000000000000000, -0.000000000000000000 ) ) ;
#2034 = VECTOR ( 'NONE', #2434, 1000.000000000000000 ) ;
#2035 = ORIENTED_EDGE ( 'NONE', *, *, #950, .T. ) ;
#2036 = CARTESIAN_POINT ( 'NONE',  ( 0.000000000000000000, 3.100000000000000089, 0.000000000000000000 ) ) ;
#2037 = PRESENTATION_STYLE_ASSIGNMENT (( #1515 ) ) ;
#2038 = ORIENTED_EDGE ( 'NONE', *, *, #2121, .F. ) ;
#2039 = DIRECTION ( 'NONE',  ( 0.000000000000000000, 0.000000000000000000, 1.000000000000000000 ) ) ;
#2040 = DIRECTION ( 'NONE',  ( 0.000000000000000000, 1.000000000000000000, 0.000000000000000000 ) ) ;
#2041 = VECTOR ( 'NONE', #1210, 1000.000000000000000 ) ;
#2042 = EDGE_LOOP ( 'NONE', ( #848, #1399, #2011, #184 ) ) ;
#2043 = CARTESIAN_POINT ( 'NONE',  ( 3.575433909083865380, 11.09999999999999964, -0.9866775805419494283 ) ) ;
#2044 = CARTESIAN_POINT ( 'NONE',  ( 3.697435897435897179, 10.90000000000000036, -1.072195512820512731 ) ) ;
#2045 = DIRECTION ( 'NONE',  ( -0.000000000000000000, 0.000000000000000000, 1.000000000000000000 ) ) ;
#2046 = CARTESIAN_POINT ( 'NONE',  ( 3.560530731003322735, 10.90000000000000746, -2.422854494830441574 ) ) ;
#2047 = EDGE_CURVE ( 'NONE', #3410, #1999, #3385, .T. ) ;
#2048 = ORIENTED_EDGE ( 'NONE', *, *, #2734, .T. ) ;
#2049 = ORIENTED_EDGE ( 'NONE', *, *, #1794, .F. ) ;
#2050 = MECHANICAL_DESIGN_GEOMETRIC_PRESENTATION_REPRESENTATION (  '', ( #73 ), #198 ) ;
#2051 = LINE ( 'NONE', #2573, #2790 ) ;
#2052 = DIRECTION ( 'NONE',  ( -0.000000000000000000, 0.000000000000000000, 1.000000000000000000 ) ) ;
#2053 = DIRECTION ( 'NONE',  ( 0.7071067811865500152, 0.000000000000000000, -0.7071067811865451302 ) ) ;
#2054 = EDGE_CURVE ( 'NONE', #2805, #3276, #221, .T. ) ;
#2055 = EDGE_CURVE ( 'NONE', #3350, #1730, #1783, .T. ) ;
#2056 = LINE ( 'NONE', #1001, #940 ) ;
#2057 = VERTEX_POINT ( 'NONE', #2105 ) ;
#2058 = LINE ( 'NONE', #3106, #33 ) ;
#2059 = DIRECTION ( 'NONE',  ( -1.000000000000000000, 0.000000000000000000, -0.000000000000000000 ) ) ;
#2060 = ORIENTED_EDGE ( 'NONE', *, *, #1401, .T. ) ;
#2061 = EDGE_CURVE ( 'NONE', #929, #2160, #3140, .T. ) ;
#2062 = CARTESIAN_POINT ( 'NONE',  ( 3.600000000000000533, 0.000000000000000000, -1.494999999999998774 ) ) ;
#2063 = LINE ( 'NONE', #466, #1938 ) ;
#2064 = VECTOR ( 'NONE', #1367, 1000.000000000000000 ) ;
#2065 = ORIENTED_EDGE ( 'NONE', *, *, #116, .T. ) ;
#2066 = VECTOR ( 'NONE', #2178, 1000.000000000000000 ) ;
#2067 = PLANE ( 'NONE',  #1657 ) ;
#2068 = CARTESIAN_POINT ( 'NONE',  ( -2.050000000000004263, 7.100000000000000533, -0.2500000000000000000 ) ) ;
#2069 = CARTESIAN_POINT ( 'NONE',  ( -2.050000000000004263, 7.100000000000000533, 0.2500000000000000000 ) ) ;
#2070 = CARTESIAN_POINT ( 'NONE',  ( 4.167391212398433353, 10.90000000000000036, -1.840448326642499133 ) ) ;
#2071 = ORIENTED_EDGE ( 'NONE', *, *, #1767, .T. ) ;
#2072 = ORIENTED_EDGE ( 'NONE', *, *, #2314, .F. ) ;
#2073 = EDGE_CURVE ( 'NONE', #728, #3145, #2085, .T. ) ;
#2074 = CARTESIAN_POINT ( 'NONE',  ( 3.417703134546205224, 11.10000000000000675, -2.693109094508430612 ) ) ;
#2075 = FACE_OUTER_BOUND ( 'NONE', #1530, .T. ) ;
#2076 = CARTESIAN_POINT ( 'NONE',  ( 3.522859972016393559, 10.90000000000000036, -0.9659298696503936243 ) ) ;
#2077 = ADVANCED_FACE ( 'NONE', ( #1275 ), #755, .F. ) ;
#2078 = VECTOR ( 'NONE', #2600, 1000.000000000000000 ) ;
#2079 = LINE ( 'NONE', #378, #2564 ) ;
#2080 = VERTEX_POINT ( 'NONE', #3441 ) ;
#2081 = CARTESIAN_POINT ( 'NONE',  ( -2.050000000000004263, 7.100000000000000533, -0.2500000000000000000 ) ) ;
#2082 = CARTESIAN_POINT ( 'NONE',  ( 3.858894230769230216, 11.09999999999999787, -2.528125000000000178 ) ) ;
#2083 = ORIENTED_EDGE ( 'NONE', *, *, #3432, .F. ) ;
#2084 = CARTESIAN_POINT ( 'NONE',  ( 1.550000000000000266, 7.100000000000000533, -2.650000000000000799 ) ) ;
#2085 = LINE ( 'NONE', #1804, #1096 ) ;
#2086 = ADVANCED_FACE ( 'NONE', ( #774 ), #1843, .F. ) ;
#2087 = CARTESIAN_POINT ( 'NONE',  ( -2.050000000000002931, 3.100000000000000533, -3.150000000000003020 ) ) ;
#2088 = CARTESIAN_POINT ( 'NONE',  ( 0.000000000000000000, 11.09999999999999964, 0.000000000000000000 ) ) ;
#2089 = DIRECTION ( 'NONE',  ( 0.000000000000000000, 0.000000000000000000, 1.000000000000000000 ) ) ;
#2090 = EDGE_LOOP ( 'NONE', ( #2777, #825, #1030, #983, #719, #1702, #3320 ) ) ;
#2091 = ADVANCED_FACE ( 'NONE', ( #3214, #362 ), #1978, .T. ) ;
#2092 = ORIENTED_EDGE ( 'NONE', *, *, #568, .T. ) ;
#2093 = CARTESIAN_POINT ( 'NONE',  ( 4.159872910394391887, 11.10000000000000142, -1.497756692729727002 ) ) ;
#2094 = CARTESIAN_POINT ( 'NONE',  ( 3.499240873925709039, 11.09999999999999964, -2.684441503409919161 ) ) ;
#2095 = VECTOR ( 'NONE', #2880, 1000.000000000000000 ) ;
#2096 = CARTESIAN_POINT ( 'NONE',  ( 2.530769230769230660, 24.78707656525732261, -0.6999999999999999556 ) ) ;
#2097 = CARTESIAN_POINT ( 'NONE',  ( -3.375000000000000000, 10.90000000000000036, -1.874999999999999556 ) ) ;
#2098 = ORIENTED_EDGE ( 'NONE', *, *, #1061, .T. ) ;
#2099 = DIRECTION ( 'NONE',  ( -0.000000000000000000, 1.000000000000000000, 0.000000000000000000 ) ) ;
#2100 = DIRECTION ( 'NONE',  ( -0.000000000000000000, 1.000000000000000000, -0.000000000000000000 ) ) ;
#2101 = VERTEX_POINT ( 'NONE', #1075 ) ;
#2102 = EDGE_CURVE ( 'NONE', #759, #3452, #804, .T. ) ;
#2103 = CARTESIAN_POINT ( 'NONE',  ( 3.374999999999999556, 11.09999999999999964, 2.599999999999999645 ) ) ;
#2104 = VERTEX_POINT ( 'NONE', #2504 ) ;
#2105 = CARTESIAN_POINT ( 'NONE',  ( 4.100000000000001421, 10.90000000000000036, 1.875000000000000000 ) ) ;
#2106 = CARTESIAN_POINT ( 'NONE',  ( -5.950000000000001066, 0.000000000000000000, 3.149999999999999911 ) ) ;
#2107 = CARTESIAN_POINT ( 'NONE',  ( -2.050000000000004263, 7.100000000000000533, 0.2500000000000000000 ) ) ;
#2108 = FACE_OUTER_BOUND ( 'NONE', #1817, .T. ) ;
#2109 = VERTEX_POINT ( 'NONE', #94 ) ;
#2110 = CARTESIAN_POINT ( 'NONE',  ( 4.171257627318910366, 11.09999999999999609, -1.673932400105177631 ) ) ;
#2111 = CARTESIAN_POINT ( 'NONE',  ( 3.686097470988915159, 11.10000000000000142, -1.061309807544167816 ) ) ;
#2112 = VECTOR ( 'NONE', #2709, 1000.000000000000114 ) ;
#2113 = EDGE_CURVE ( 'NONE', #2527, #1499, #2678, .T. ) ;
#2114 = EDGE_LOOP ( 'NONE', ( #740, #2819, #892, #2304 ) ) ;
#2115 = DIRECTION ( 'NONE',  ( -0.000000000000000000, 0.000000000000000000, 1.000000000000000000 ) ) ;
#2116 = CARTESIAN_POINT ( 'NONE',  ( 3.889743589743589247, 10.90000000000000391, -1.715224358974358987 ) ) ;
#2117 = ORIENTED_EDGE ( 'NONE', *, *, #551, .F. ) ;
#2118 = LINE ( 'NONE', #2397, #2128 ) ;
#2119 = CARTESIAN_POINT ( 'NONE',  ( -1.549999999999999600, 10.90000000000000036, 0.2500000000000000000 ) ) ;
#2120 = VECTOR ( 'NONE', #2584, 1000.000000000000000 ) ;
#2121 = EDGE_CURVE ( 'NONE', #299, #2765, #1948, .T. ) ;
#2122 = DIRECTION ( 'NONE',  ( 0.000000000000000000, 0.000000000000000000, -1.000000000000000000 ) ) ;
#2123 = VERTEX_POINT ( 'NONE', #1414 ) ;
#2124 = DIRECTION ( 'NONE',  ( -1.000000000000000000, 0.000000000000000000, 0.000000000000000000 ) ) ;
#2125 = DIRECTION ( 'NONE',  ( -1.000000000000000000, 0.000000000000000000, -2.990902544787597606E-16 ) ) ;
#2126 = FACE_OUTER_BOUND ( 'NONE', #12, .T. ) ;
#2127 = VECTOR ( 'NONE', #1099, 1000.000000000000000 ) ;
#2128 = VECTOR ( 'NONE', #1073, 1000.000000000000000 ) ;
#2129 = VECTOR ( 'NONE', #1900, 1000.000000000000000 ) ;
#2130 = EDGE_LOOP ( 'NONE', ( #491, #650, #2801, #1336 ) ) ;
#2131 = LINE ( 'NONE', #2358, #112 ) ;
#2132 = FACE_OUTER_BOUND ( 'NONE', #410, .T. ) ;
#2133 = VERTEX_POINT ( 'NONE', #2420 ) ;
#2134 = CARTESIAN_POINT ( 'NONE',  ( 3.999999999999999112, 0.000000000000000000, -1.494999999999998996 ) ) ;
#2135 = DIRECTION ( 'NONE',  ( 0.000000000000000000, 1.000000000000000000, 0.000000000000000000 ) ) ;
#2136 = CARTESIAN_POINT ( 'NONE',  ( 2.050000000000004707, 7.100000000000000533, 0.2500000000000000000 ) ) ;
#2137 = EDGE_CURVE ( 'NONE', #3276, #1789, #445, .T. ) ;
#2138 = CARTESIAN_POINT ( 'NONE',  ( -1.549999999999998934, 3.100000000000000533, 2.649999999999994582 ) ) ;
#2139 = DIRECTION ( 'NONE',  ( 0.000000000000000000, 0.000000000000000000, -1.000000000000000000 ) ) ;
#2140 = DIRECTION ( 'NONE',  ( 0.000000000000000000, 0.000000000000000000, 1.000000000000000000 ) ) ;
#2141 = DIRECTION ( 'NONE',  ( 1.000000000000000000, -0.000000000000000000, 0.000000000000000000 ) ) ;
#2142 = ADVANCED_FACE ( 'NONE', ( #541 ), #1328, .F. ) ;
#2143 = CARTESIAN_POINT ( 'NONE',  ( 3.750734775073318428, 10.90000000000000036, -0.8022949072187418595 ) ) ;
#2144 = CARTESIAN_POINT ( 'NONE',  ( 3.858894230769230216, 10.90000000000000036, -2.528125000000000178 ) ) ;
#2145 = EDGE_CURVE ( 'NONE', #1566, #2179, #3130, .T. ) ;
#2146 = VERTEX_POINT ( 'NONE', #2212 ) ;
#2147 = CARTESIAN_POINT ( 'NONE',  ( 3.600000000000000533, -7.799999999999999822, -1.494999999999998774 ) ) ;
#2148 = CARTESIAN_POINT ( 'NONE',  ( 1.550000000000000266, 10.90000000000000036, -2.650000000000000799 ) ) ;
#2149 = CARTESIAN_POINT ( 'NONE',  ( 5.950000000000001066, 0.000000000000000000, -3.149999999999999911 ) ) ;
#2150 = CARTESIAN_POINT ( 'NONE',  ( -3.600000000000001421, -7.799999999999999822, 1.045000000000000373 ) ) ;
#2151 = VECTOR ( 'NONE', #2140, 1000.000000000000000 ) ;
#2152 = CARTESIAN_POINT ( 'NONE',  ( 1.550000000000000266, 3.100000000000000533, 2.649999999999994138 ) ) ;
#2153 = CARTESIAN_POINT ( 'NONE',  ( 3.840678656782087863, 11.10000000000000675, -1.328830244128766935 ) ) ;
#2154 = CARTESIAN_POINT ( 'NONE',  ( 3.712190597147766002, 11.09999999999999787, -1.089066397686375698 ) ) ;
#2155 = DIRECTION ( 'NONE',  ( 0.000000000000000000, -1.000000000000000000, 0.000000000000000000 ) ) ;
#2156 = VECTOR ( 'NONE', #2999, 1000.000000000000000 ) ;
#2157 = CARTESIAN_POINT ( 'NONE',  ( 3.750734775073318428, 11.09999999999999609, -0.8022949072187418595 ) ) ;
#2158 = DIRECTION ( 'NONE',  ( 0.000000000000000000, 0.000000000000000000, -1.000000000000000000 ) ) ;
#2159 = EDGE_CURVE ( 'NONE', #2123, #728, #3284, .T. ) ;
#2160 = VERTEX_POINT ( 'NONE', #3013 ) ;
#2161 = VECTOR ( 'NONE', #2995, 1000.000000000000000 ) ;
#2162 = PLANE ( 'NONE',  #1950 ) ;
#2163 = DIRECTION ( 'NONE',  ( -2.454797371665295086E-16, 0.000000000000000000, -1.000000000000000000 ) ) ;
#2164 = EDGE_LOOP ( 'NONE', ( #1964, #225, #1374, #1192 ) ) ;
#2165 = EDGE_CURVE ( 'NONE', #2101, #426, #3305, .T. ) ;
#2166 = DIRECTION ( 'NONE',  ( 0.000000000000000000, 0.000000000000000000, -1.000000000000000000 ) ) ;
#2167 = DIRECTION ( 'NONE',  ( -1.000000000000000000, 0.000000000000000000, -0.000000000000000000 ) ) ;
#2168 = VECTOR ( 'NONE', #1575, 1000.000000000000000 ) ;
#2169 = FACE_OUTER_BOUND ( 'NONE', #3164, .T. ) ;
#2170 = PLANE ( 'NONE',  #349 ) ;
#2171 = ORIENTED_EDGE ( 'NONE', *, *, #1865, .T. ) ;
#2172 = CARTESIAN_POINT ( 'NONE',  ( 3.997094304411905163, 10.90000000000000746, -2.376129967985270763 ) ) ;
#2173 = PLANE ( 'NONE',  #3353 ) ;
#2174 = VECTOR ( 'NONE', #2605, 1000.000000000000000 ) ;
#2175 = AXIS2_PLACEMENT_3D ( 'NONE', #2951, #2631, #280 ) ;
#2176 = ORIENTED_EDGE ( 'NONE', *, *, #2001, .F. ) ;
#2177 = CARTESIAN_POINT ( 'NONE',  ( -3.587179487179488202, 24.78707656525732261, 1.546153846153846212 ) ) ;
#2178 = DIRECTION ( 'NONE',  ( 0.000000000000000000, 0.000000000000000000, 1.000000000000000000 ) ) ;
#2179 = VERTEX_POINT ( 'NONE', #345 ) ;
#2180 = ADVANCED_FACE ( 'NONE', ( #74 ), #896, .T. ) ;
#2181 = EDGE_CURVE ( 'NONE', #2571, #1972, #2079, .T. ) ;
#2182 = EDGE_CURVE ( 'NONE', #1281, #953, #1471, .T. ) ;
#2183 = DIRECTION ( 'NONE',  ( -1.000000000000000000, -0.000000000000000000, -0.000000000000000000 ) ) ;
#2184 = CARTESIAN_POINT ( 'NONE',  ( -2.407692307692308464, 24.78707656525732261, 2.469230769230769784 ) ) ;
#2185 = B_SPLINE_SURFACE_WITH_KNOTS ( 'NONE', 3, 1, ( 
 ( #1544, #1031 ),
 ( #2110, #779 ),
 ( #2410, #2610 ),
 ( #2093, #2390 ),
 ( #3206, #1015 ),
 ( #1564, #1597 ),
 ( #278, #760 ),
 ( #3166, #3447 ),
 ( #1298, #1051 ),
 ( #474, #2897 ),
 ( #546, #1827 ),
 ( #2686, #1349 ),
 ( #2630, #3183 ),
 ( #1082, #2424 ),
 ( #2157, #2143 ),
 ( #528, #1852 ),
 ( #1282, #3483 ),
 ( #3218, #492 ),
 ( #744, #1580 ),
 ( #2919, #513 ),
 ( #3465, #2648 ),
 ( #208, #2665 ),
 ( #808, #1880 ) ),
 .UNSPECIFIED., .F., .F., .F.,
 ( 4, 1, 1, 1, 1, 1, 1, 1, 1, 1, 1, 1, 1, 1, 1, 1, 1, 1, 1, 1, 4 ),
 ( 2, 2 ),
 ( 0.000000000000000000, 0.07053769134858835221, 0.1372646867459543230, 0.2004717800514642656, 0.2605726507386386115, 0.3172033328322663159, 0.3700059665960386268, 0.4198240769487198709, 0.4662405666681539440, 0.5101335732312353155, 0.5520810507302985615, 0.5918629642582051709, 0.6303363934104363464, 0.6687155633051179437, 0.7087060924827753849, 0.7508955766676818078, 0.7952853503774168775, 0.8419800983167449182, 0.8917647923814723265, 0.9442941902680852539, 1.000000000000000000 ),
 ( 0.000000000000000000, 1.000000000000000000 ),
 .UNSPECIFIED. ) ;
#2186 = DIRECTION ( 'NONE',  ( -1.000000000000000000, 0.000000000000000000, 5.421010862427508365E-16 ) ) ;
#2187 = LINE ( 'NONE', #1919, #2156 ) ;
#2188 = VERTEX_POINT ( 'NONE', #189 ) ;
#2189 = LINE ( 'NONE', #1406, #1751 ) ;
#2190 = CARTESIAN_POINT ( 'NONE',  ( 3.814749600839502097, 11.09999999999999964, -2.155295205482911758 ) ) ;
#2191 = ORIENTED_EDGE ( 'NONE', *, *, #2592, .T. ) ;
#2192 = FACE_OUTER_BOUND ( 'NONE', #675, .T. ) ;
#2193 = FILL_AREA_STYLE_COLOUR ( '', #3298 ) ;
#2194 = EDGE_LOOP ( 'NONE', ( #3211, #1270, #1287, #23 ) ) ;
#2195 = VERTEX_POINT ( 'NONE', #2537 ) ;
#2196 = LINE ( 'NONE', #2446, #1983 ) ;
#2197 = CARTESIAN_POINT ( 'NONE',  ( 3.999999999999974243, -7.799999999999999822, 1.495000000000000551 ) ) ;
#2198 = ADVANCED_FACE ( 'NONE', ( #2576 ), #2264, .T. ) ;
#2199 = VECTOR ( 'NONE', #1333, 1000.000000000000000 ) ;
#2200 = LINE ( 'NONE', #3482, #1878 ) ;
#2201 = ADVANCED_FACE ( 'NONE', ( #3375 ), #746, .T. ) ;
#2202 = VECTOR ( 'NONE', #1389, 999.9999999999998863 ) ;
#2203 = ORIENTED_EDGE ( 'NONE', *, *, #1080, .T. ) ;
#2204 = CARTESIAN_POINT ( 'NONE',  ( 0.000000000000000000, 0.000000000000000000, 3.149999999999999911 ) ) ;
#2205 = DIRECTION ( 'NONE',  ( -0.000000000000000000, -0.000000000000000000, 1.000000000000000000 ) ) ;
#2206 = ORIENTED_EDGE ( 'NONE', *, *, #3203, .F. ) ;
#2207 = LINE ( 'NONE', #872, #2129 ) ;
#2208 = CARTESIAN_POINT ( 'NONE',  ( -2.458974358974360008, 11.09999999999999964, 0.9307692307692306821 ) ) ;
#2209 = ORIENTED_EDGE ( 'NONE', *, *, #288, .T. ) ;
#2210 = EDGE_LOOP ( 'NONE', ( #914, #2257, #2472, #1395 ) ) ;
#2211 = VECTOR ( 'NONE', #1473, 1000.000000000000000 ) ;
#2212 = CARTESIAN_POINT ( 'NONE',  ( -3.025000000000000355, 10.90000000000000036, -0.7999999999999994893 ) ) ;
#2213 = ORIENTED_EDGE ( 'NONE', *, *, #1079, .T. ) ;
#2214 = CARTESIAN_POINT ( 'NONE',  ( -2.049999999999999822, -7.516648189186458495, 3.149999999999999023 ) ) ;
#2215 = LINE ( 'NONE', #3053, #1898 ) ;
#2216 = ORIENTED_EDGE ( 'NONE', *, *, #1647, .F. ) ;
#2217 = ADVANCED_FACE ( 'NONE', ( #2518 ), #1490, .T. ) ;
#2218 = DIRECTION ( 'NONE',  ( -0.000000000000000000, -1.000000000000000000, -0.000000000000000000 ) ) ;
#2219 = DIRECTION ( 'NONE',  ( 0.000000000000000000, 0.000000000000000000, 1.000000000000000000 ) ) ;
#2220 = VECTOR ( 'NONE', #154, 1000.000000000000000 ) ;
#2221 = AXIS2_PLACEMENT_3D ( 'NONE', #1863, #822, #2186 ) ;
#2222 = CARTESIAN_POINT ( 'NONE',  ( 3.417703134546205224, 10.90000000000000036, -2.693109094508430612 ) ) ;
#2223 = ORIENTED_EDGE ( 'NONE', *, *, #606, .F. ) ;
#2224 = LINE ( 'NONE', #2989, #1187 ) ;
#2225 = DIRECTION ( 'NONE',  ( -0.000000000000000000, -0.000000000000000000, -1.000000000000000000 ) ) ;
#2226 = ORIENTED_EDGE ( 'NONE', *, *, #1400, .T. ) ;
#2227 = CARTESIAN_POINT ( 'NONE',  ( 2.530769230769230660, 11.09999999999999964, -2.700000000000000178 ) ) ;
#2228 = SURFACE_STYLE_USAGE ( .BOTH. , #2483 ) ;
#2229 = ORIENTED_EDGE ( 'NONE', *, *, #262, .T. ) ;
#2230 = VECTOR ( 'NONE', #3097, 1000.000000000000000 ) ;
#2231 = AXIS2_PLACEMENT_3D ( 'NONE', #480, #1835, #3397 ) ;
#2232 = CARTESIAN_POINT ( 'NONE',  ( 3.322461343529464983, 10.90000000000000391, -2.698705397854765931 ) ) ;
#2233 = ORIENTED_EDGE ( 'NONE', *, *, #2145, .T. ) ;
#2234 = VECTOR ( 'NONE', #2992, 1000.000000000000000 ) ;
#2235 = CARTESIAN_POINT ( 'NONE',  ( -3.999999999999973355, -7.799999999999999822, -1.044999999999998819 ) ) ;
#2236 = CARTESIAN_POINT ( 'NONE',  ( 3.025000000000000355, 24.78707656525732261, 0.7999999999999998224 ) ) ;
#2237 = ORIENTED_EDGE ( 'NONE', *, *, #463, .T. ) ;
#2238 = EDGE_CURVE ( 'NONE', #673, #2551, #1266, .T. ) ;
#2239 = CARTESIAN_POINT ( 'NONE',  ( 3.539630647044698541, 11.10000000000000320, -2.431319626449735871 ) ) ;
#2240 = SURFACE_STYLE_FILL_AREA ( #3313 ) ;
#2241 = VECTOR ( 'NONE', #1744, 1000.000000000000000 ) ;
#2242 = LINE ( 'NONE', #388, #3243 ) ;
#2243 = EDGE_CURVE ( 'NONE', #3416, #908, #2056, .T. ) ;
#2244 = EDGE_LOOP ( 'NONE', ( #1851, #117, #3427, #1777 ) ) ;
#2245 = CARTESIAN_POINT ( 'NONE',  ( 4.142086077599018701, 11.09999999999999787, -2.021803997042377787 ) ) ;
#2246 = CARTESIAN_POINT ( 'NONE',  ( 3.488501682428630346, 10.90000000000000568, -2.446474469422813325 ) ) ;
#2247 = VERTEX_POINT ( 'NONE', #2303 ) ;
#2248 = EDGE_CURVE ( 'NONE', #263, #2276, #1246, .T. ) ;
#2249 = DIRECTION ( 'NONE',  ( 0.000000000000000000, -0.000000000000000000, 1.000000000000000000 ) ) ;
#2250 = CARTESIAN_POINT ( 'NONE',  ( 3.738737573734651320, 10.89999999999999858, -2.278273079237739918 ) ) ;
#2251 = DIRECTION ( 'NONE',  ( 0.000000000000000000, -0.000000000000000000, 1.000000000000000000 ) ) ;
#2252 = CARTESIAN_POINT ( 'NONE',  ( -2.050000000000004263, 7.100000000000000533, 0.2500000000000000000 ) ) ;
#2253 = DIRECTION ( 'NONE',  ( 0.000000000000000000, 0.000000000000000000, 1.000000000000000000 ) ) ;
#2254 = ORIENTED_EDGE ( 'NONE', *, *, #182, .F. ) ;
#2255 = CARTESIAN_POINT ( 'NONE',  ( 3.851958078210547143, 11.09999999999999787, -0.8704721854539849701 ) ) ;
#2256 = ADVANCED_FACE ( 'NONE', ( #2809 ), #1795, .F. ) ;
#2257 = ORIENTED_EDGE ( 'NONE', *, *, #828, .F. ) ;
#2258 = CARTESIAN_POINT ( 'NONE',  ( 3.214663461538461053, 11.09999999999999964, -2.700000000000000178 ) ) ;
#2259 = CARTESIAN_POINT ( 'NONE',  ( 3.225080128205128016, 10.90000000000000036, -0.9307692307692307931 ) ) ;
#2260 = CARTESIAN_POINT ( 'NONE',  ( 4.142086077599018701, 10.89999999999999858, -2.021803997042377787 ) ) ;
#2261 = EDGE_LOOP ( 'NONE', ( #122, #512, #1181, #2389 ) ) ;
#2262 = CARTESIAN_POINT ( 'NONE',  ( -4.950000000000001066, 10.90000000000000036, 3.149999999999999911 ) ) ;
#2263 = PLANE ( 'NONE',  #807 ) ;
#2264 = PLANE ( 'NONE',  #3007 ) ;
#2265 = ORIENTED_EDGE ( 'NONE', *, *, #1742, .T. ) ;
#2266 = LINE ( 'NONE', #110, #2161 ) ;
#2267 = CARTESIAN_POINT ( 'NONE',  ( -2.050000000000004263, 7.100000000000000533, 0.2500000000000000000 ) ) ;
#2268 = ORIENTED_EDGE ( 'NONE', *, *, #833, .F. ) ;
#2269 = ADVANCED_FACE ( 'NONE', ( #1207 ), #2284, .F. ) ;
#2270 = AXIS2_PLACEMENT_3D ( 'NONE', #1839, #1310, #2122 ) ;
#2271 = CARTESIAN_POINT ( 'NONE',  ( 3.564698562715235663, 11.09999999999999787, -0.7327961543174151826 ) ) ;
#2272 = DIRECTION ( 'NONE',  ( -0.000000000000000000, -1.000000000000000000, -0.000000000000000000 ) ) ;
#2273 = DIRECTION ( 'NONE',  ( -0.000000000000000000, 1.000000000000000000, -0.000000000000000000 ) ) ;
#2274 = VERTEX_POINT ( 'NONE', #3104 ) ;
#2275 = LINE ( 'NONE', #1747, #489 ) ;
#2276 = VERTEX_POINT ( 'NONE', #1191 ) ;
#2277 = CARTESIAN_POINT ( 'NONE',  ( 4.142086077599018701, 10.90000000000000036, -2.021803997042377787 ) ) ;
#2278 = DIRECTION ( 'NONE',  ( -0.000000000000000000, -1.000000000000000000, -0.000000000000000000 ) ) ;
#2279 = VECTOR ( 'NONE', #1474, 1000.000000000000000 ) ;
#2280 = AXIS2_PLACEMENT_3D ( 'NONE', #3200, #1862, #468 ) ;
#2281 = FACE_BOUND ( 'NONE', #2440, .T. ) ;
#2282 = FACE_OUTER_BOUND ( 'NONE', #3090, .T. ) ;
#2283 = DIRECTION ( 'NONE',  ( 1.000000000000000000, 0.000000000000000000, 0.000000000000000000 ) ) ;
#2284 = PLANE ( 'NONE',  #1386 ) ;
#2285 = EDGE_LOOP ( 'NONE', ( #3165, #19, #3422, #2383 ) ) ;
#2286 = ADVANCED_FACE ( 'NONE', ( #3340 ), #923, .F. ) ;
#2287 = LINE ( 'NONE', #2214, #128 ) ;
#2288 = PLANE ( 'NONE',  #1656 ) ;
#2289 = ORIENTED_EDGE ( 'NONE', *, *, #790, .F. ) ;
#2290 = AXIS2_PLACEMENT_3D ( 'NONE', #745, #2536, #2808 ) ;
#2291 = EDGE_CURVE ( 'NONE', #2008, #3391, #2322, .T. ) ;
#2292 = VECTOR ( 'NONE', #1313, 1000.000000000000000 ) ;
#2293 = VECTOR ( 'NONE', #1602, 1000.000000000000000 ) ;
#2294 = LINE ( 'NONE', #1760, #970 ) ;
#2295 = ORIENTED_EDGE ( 'NONE', *, *, #411, .T. ) ;
#2296 = CARTESIAN_POINT ( 'NONE',  ( 3.233360217782009549, 10.89999999999999680, -2.699915535310168924 ) ) ;
#2297 = FACE_OUTER_BOUND ( 'NONE', #2244, .T. ) ;
#2298 = CARTESIAN_POINT ( 'NONE',  ( 3.858894230769230216, 10.90000000000000036, -2.528125000000000178 ) ) ;
#2299 = ORIENTED_EDGE ( 'NONE', *, *, #3232, .T. ) ;
#2300 = CARTESIAN_POINT ( 'NONE',  ( -4.100000000000001421, 11.09999999999999964, -1.524999999999999467 ) ) ;
#2301 = DIRECTION ( 'NONE',  ( 1.000000000000000000, 0.000000000000000000, -0.000000000000000000 ) ) ;
#2302 = FACE_OUTER_BOUND ( 'NONE', #1756, .T. ) ;
#2303 = CARTESIAN_POINT ( 'NONE',  ( 3.025000000000000355, 11.09999999999999964, 1.524999999999999911 ) ) ;
#2304 = ORIENTED_EDGE ( 'NONE', *, *, #3331, .F. ) ;
#2305 = DIRECTION ( 'NONE',  ( 0.000000000000000000, 0.000000000000000000, -1.000000000000000000 ) ) ;
#2306 = CARTESIAN_POINT ( 'NONE',  ( -3.999999999999973355, -7.799999999999999822, -1.044999999999998819 ) ) ;
#2307 = ORIENTED_EDGE ( 'NONE', *, *, #1477, .F. ) ;
#2308 = EDGE_CURVE ( 'NONE', #2179, #929, #2744, .T. ) ;
#2309 = CARTESIAN_POINT ( 'NONE',  ( -2.535897435897436658, 24.78707656525732261, 1.776923076923077049 ) ) ;
#2310 = VERTEX_POINT ( 'NONE', #1071 ) ;
#2311 = CARTESIAN_POINT ( 'NONE',  ( 1.550000000000000266, 3.100000000000000533, -2.650000000000000799 ) ) ;
#2312 = DIRECTION ( 'NONE',  ( 1.000000000000000000, 0.000000000000000000, -5.421010862427537947E-16 ) ) ;
#2313 = DIRECTION ( 'NONE',  ( -1.000000000000000000, 0.000000000000000000, 0.000000000000000000 ) ) ;
#2314 = EDGE_CURVE ( 'NONE', #1475, #958, #783, .T. ) ;
#2315 = CARTESIAN_POINT ( 'NONE',  ( -4.100000000000001421, 24.78707656525732261, -1.874999999999999556 ) ) ;
#2316 = ORIENTED_EDGE ( 'NONE', *, *, #1830, .T. ) ;
#2317 = EDGE_CURVE ( 'NONE', #1820, #498, #1620, .T. ) ;
#2318 = VECTOR ( 'NONE', #1204, 1000.000000000000000 ) ;
#2319 = ORIENTED_EDGE ( 'NONE', *, *, #1969, .T. ) ;
#2320 = DIRECTION ( 'NONE',  ( -0.000000000000000000, -0.000000000000000000, -1.000000000000000000 ) ) ;
#2321 = CARTESIAN_POINT ( 'NONE',  ( 3.225080128205128016, 11.10000000000000142, -0.9307692307692307931 ) ) ;
#2322 = LINE ( 'NONE', #3395, #602 ) ;
#2323 = VECTOR ( 'NONE', #1894, 1000.000000000000000 ) ;
#2324 = ORIENTED_EDGE ( 'NONE', *, *, #2291, .T. ) ;
#2325 = DIRECTION ( 'NONE',  ( -0.000000000000000000, -1.000000000000000000, -0.000000000000000000 ) ) ;
#2326 = ORIENTED_EDGE ( 'NONE', *, *, #1419, .T. ) ;
#2327 = DIRECTION ( 'NONE',  ( 0.000000000000000000, 0.000000000000000000, -1.000000000000000000 ) ) ;
#2328 = LINE ( 'NONE', #3138, #2843 ) ;
#2329 = EDGE_CURVE ( 'NONE', #2015, #3059, #3240, .T. ) ;
#2330 = VECTOR ( 'NONE', #538, 1000.000000000000000 ) ;
#2331 = ORIENTED_EDGE ( 'NONE', *, *, #2695, .T. ) ;
#2332 = LINE ( 'NONE', #1537, #3121 ) ;
#2333 = DIRECTION ( 'NONE',  ( 1.000000000000000000, 0.000000000000000000, 0.000000000000000000 ) ) ;
#2334 = DIRECTION ( 'NONE',  ( -0.7071067811865446862, 0.000000000000000000, 0.7071067811865503483 ) ) ;
#2335 = CARTESIAN_POINT ( 'NONE',  ( 3.897544611418270577, 10.90000000000000391, -2.494183693459658624 ) ) ;
#2336 = ADVANCED_FACE ( 'NONE', ( #3434 ), #264, .T. ) ;
#2337 = ORIENTED_EDGE ( 'NONE', *, *, #452, .F. ) ;
#2338 = ORIENTED_EDGE ( 'NONE', *, *, #2492, .F. ) ;
#2339 = CARTESIAN_POINT ( 'NONE',  ( 3.269689446589604476, 11.09999999999999964, -2.699751413951198664 ) ) ;
#2340 = LINE ( 'NONE', #107, #343 ) ;
#2341 = PLANE ( 'NONE',  #781 ) ;
#2342 = DIRECTION ( 'NONE',  ( 0.000000000000000000, 0.000000000000000000, -1.000000000000000000 ) ) ;
#2343 = ORIENTED_EDGE ( 'NONE', *, *, #152, .F. ) ;
#2344 = CARTESIAN_POINT ( 'NONE',  ( -3.025000000000000355, 24.78707656525732261, -2.599999999999999201 ) ) ;
#2345 = FACE_OUTER_BOUND ( 'NONE', #1991, .T. ) ;
#2346 = VERTEX_POINT ( 'NONE', #2394 ) ;
#2347 = ADVANCED_FACE ( 'NONE', ( #10 ), #2162, .F. ) ;
#2348 = CARTESIAN_POINT ( 'NONE',  ( -5.950000000000001066, 9.899999999999998579, 3.149999999999999911 ) ) ;
#2349 = EDGE_CURVE ( 'NONE', #3391, #876, #496, .T. ) ;
#2350 = VECTOR ( 'NONE', #679, 999.9999999999998863 ) ;
#2351 = ORIENTED_EDGE ( 'NONE', *, *, #2942, .F. ) ;
#2352 = LINE ( 'NONE', #973, #203 ) ;
#2353 = DIRECTION ( 'NONE',  ( 1.000000000000000000, 0.000000000000000000, 0.000000000000000000 ) ) ;
#2354 = LINE ( 'NONE', #2663, #2456 ) ;
#2355 = CARTESIAN_POINT ( 'NONE',  ( 3.871758280727901624, 11.09999999999999964, -2.516828276509429418 ) ) ;
#2356 = ORIENTED_EDGE ( 'NONE', *, *, #1689, .T. ) ;
#2357 = ORIENTED_EDGE ( 'NONE', *, *, #3331, .T. ) ;
#2358 = CARTESIAN_POINT ( 'NONE',  ( -3.025000000000000355, 10.90000000000000036, -0.7999999999999994893 ) ) ;
#2359 = LINE ( 'NONE', #2881, #933 ) ;
#2360 = DIRECTION ( 'NONE',  ( -0.000000000000000000, -0.000000000000000000, -1.000000000000000000 ) ) ;
#2361 = CARTESIAN_POINT ( 'NONE',  ( 3.888127524333389040, 11.10000000000000497, -1.608041557511499242 ) ) ;
#2362 = VERTEX_POINT ( 'NONE', #1285 ) ;
#2363 = PLANE ( 'NONE',  #2231 ) ;
#2364 =( LENGTH_UNIT ( ) NAMED_UNIT ( * ) SI_UNIT ( .MILLI., .METRE. ) );
#2365 = LINE ( 'NONE', #1122, #919 ) ;
#2366 = ORIENTED_EDGE ( 'NONE', *, *, #753, .F. ) ;
#2367 = DIRECTION ( 'NONE',  ( 0.000000000000000000, 0.000000000000000000, -1.000000000000000000 ) ) ;
#2368 = DIRECTION ( 'NONE',  ( -0.000000000000000000, 1.000000000000000000, -0.000000000000000000 ) ) ;
#2369 = CARTESIAN_POINT ( 'NONE',  ( 4.100000000000001421, 10.90000000000000036, 1.524999999999999911 ) ) ;
#2370 = CARTESIAN_POINT ( 'NONE',  ( 4.171794871794872073, 11.09999999999999787, -1.710817307692307665 ) ) ;
#2371 = EDGE_CURVE ( 'NONE', #3289, #1254, #284, .T. ) ;
#2372 = VERTEX_POINT ( 'NONE', #1584 ) ;
#2373 = DIRECTION ( 'NONE',  ( -1.000000000000000000, 0.000000000000000000, 0.000000000000000000 ) ) ;
#2374 = CARTESIAN_POINT ( 'NONE',  ( 4.100000000000001421, 11.09999999999999964, 1.524999999999999911 ) ) ;
#2375 = VECTOR ( 'NONE', #2333, 1000.000000000000000 ) ;
#2376 = ADVANCED_FACE ( 'NONE', ( #2654 ), #1034, .T. ) ;
#2377 = ORIENTED_EDGE ( 'NONE', *, *, #1401, .F. ) ;
#2378 = CARTESIAN_POINT ( 'NONE',  ( 3.650086919159338805, 11.09999999999999964, -2.369281844343416488 ) ) ;
#2379 = CARTESIAN_POINT ( 'NONE',  ( 3.863240832694839977, 11.09999999999999787, -1.413308757677984584 ) ) ;
#2380 = ORIENTED_EDGE ( 'NONE', *, *, #2822, .F. ) ;
#2381 = LINE ( 'NONE', #2656, #2735 ) ;
#2382 = DIRECTION ( 'NONE',  ( -0.000000000000000000, -1.000000000000000000, -0.000000000000000000 ) ) ;
#2383 = ORIENTED_EDGE ( 'NONE', *, *, #2753, .T. ) ;
#2384 = FACE_OUTER_BOUND ( 'NONE', #2583, .T. ) ;
#2385 = FACE_OUTER_BOUND ( 'NONE', #1462, .T. ) ;
#2386 = DIRECTION ( 'NONE',  ( -0.000000000000000000, -1.000000000000000000, -0.000000000000000000 ) ) ;
#2387 = LINE ( 'NONE', #2107, #3135 ) ;
#2388 = CARTESIAN_POINT ( 'NONE',  ( -1.550000000000000266, -7.516648189186458495, -2.650000000000000355 ) ) ;
#2389 = ORIENTED_EDGE ( 'NONE', *, *, #2047, .F. ) ;
#2390 = CARTESIAN_POINT ( 'NONE',  ( 4.159872910394391887, 10.90000000000000746, -1.497756692729727002 ) ) ;
#2391 = CARTESIAN_POINT ( 'NONE',  ( 3.726299802237352132, 10.90000000000000391, -2.617718567952123099 ) ) ;
#2392 = ADVANCED_FACE ( 'NONE', ( #2883 ), #2937, .F. ) ;
#2393 = ORIENTED_EDGE ( 'NONE', *, *, #1879, .T. ) ;
#2394 = CARTESIAN_POINT ( 'NONE',  ( -3.025000000000000355, 11.09999999999999964, -2.599999999999999201 ) ) ;
#2395 = CARTESIAN_POINT ( 'NONE',  ( -3.375000000000000000, 11.09999999999999964, -1.524999999999999467 ) ) ;
#2396 = ORIENTED_EDGE ( 'NONE', *, *, #2308, .T. ) ;
#2397 = CARTESIAN_POINT ( 'NONE',  ( -3.869230769230770584, 24.78707656525732261, 0.7000000000000000666 ) ) ;
#2398 = VECTOR ( 'NONE', #215, 1000.000000000000000 ) ;
#2399 = AXIS2_PLACEMENT_3D ( 'NONE', #627, #1701, #2773 ) ;
#2400 = ADVANCED_FACE ( 'NONE', ( #3470 ), #1855, .T. ) ;
#2401 = DIRECTION ( 'NONE',  ( -0.000000000000000000, 1.000000000000000000, -0.000000000000000000 ) ) ;
#2402 = EDGE_CURVE ( 'NONE', #3221, #1475, #1055, .T. ) ;
#2403 = ORIENTED_EDGE ( 'NONE', *, *, #3329, .T. ) ;
#2404 = DIRECTION ( 'NONE',  ( 1.000000000000000000, 0.000000000000000000, 0.000000000000000000 ) ) ;
#2405 = FACE_OUTER_BOUND ( 'NONE', #311, .T. ) ;
#2406 = LINE ( 'NONE', #1932, #3390 ) ;
#2407 = VECTOR ( 'NONE', #2012, 1000.000000000000000 ) ;
#2408 = PRESENTATION_LAYER_ASSIGNMENT (  '', '', ( #654 ) ) ;
#2409 = VECTOR ( 'NONE', #549, 1000.000000000000000 ) ;
#2410 = CARTESIAN_POINT ( 'NONE',  ( 4.170212162216653695, 11.09999999999999609, -1.602155238295611905 ) ) ;
#2411 = CARTESIAN_POINT ( 'NONE',  ( 3.548798076923076472, 10.90000000000000036, -2.427964743589743346 ) ) ;
#2412 = EDGE_LOOP ( 'NONE', ( #2865, #3146, #78, #1418 ) ) ;
#2413 = LINE ( 'NONE', #3222, #789 ) ;
#2414 = DIRECTION ( 'NONE',  ( -1.000000000000000000, 0.000000000000000000, 0.000000000000000000 ) ) ;
#2415 = EDGE_LOOP ( 'NONE', ( #3469, #1548, #1682, #75 ) ) ;
#2416 = DIRECTION ( 'NONE',  ( 1.000000000000000000, 0.000000000000000000, 0.000000000000000000 ) ) ;
#2417 = PRODUCT ( 'TCST1202', 'TCST1202', '', ( #616 ) ) ;
#2418 = CARTESIAN_POINT ( 'NONE',  ( -3.375000000000000000, 11.09999999999999964, -0.7999999999999994893 ) ) ;
#2419 = EDGE_CURVE ( 'NONE', #2372, #1868, #2413, .T. ) ;
#2420 = CARTESIAN_POINT ( 'NONE',  ( 1.550000000000000266, 10.90000000000000036, -2.650000000000000799 ) ) ;
#2421 = LINE ( 'NONE', #16, #2839 ) ;
#2422 = LINE ( 'NONE', #1065, #1132 ) ;
#2423 = ORIENTED_EDGE ( 'NONE', *, *, #537, .T. ) ;
#2424 = CARTESIAN_POINT ( 'NONE',  ( 3.803558654875301315, 10.90000000000000746, -0.8331766423787501097 ) ) ;
#2425 = CARTESIAN_POINT ( 'NONE',  ( 3.599999999999973888, -7.799999999999999822, 1.045000000000000373 ) ) ;
#2426 = EDGE_CURVE ( 'NONE', #2689, #1560, #1547, .T. ) ;
#2427 = EDGE_LOOP ( 'NONE', ( #2560, #2319, #2237, #2049 ) ) ;
#2428 = DIRECTION ( 'NONE',  ( -0.000000000000000000, -1.000000000000000000, -0.000000000000000000 ) ) ;
#2429 = LINE ( 'NONE', #3223, #1332 ) ;
#2430 = EDGE_CURVE ( 'NONE', #847, #299, #2633, .T. ) ;
#2431 = DIRECTION ( 'NONE',  ( 0.7071067811865451302, -0.000000000000000000, 0.7071067811865500152 ) ) ;
#2432 = CARTESIAN_POINT ( 'NONE',  ( 3.417703134546205224, 10.90000000000000568, -2.693109094508430612 ) ) ;
#2433 = LINE ( 'NONE', #852, #1208 ) ;
#2434 = DIRECTION ( 'NONE',  ( -0.000000000000000000, -1.000000000000000000, -0.000000000000000000 ) ) ;
#2435 = ADVANCED_FACE ( 'NONE', ( #1912 ), #2703, .F. ) ;
#2436 = EDGE_CURVE ( 'NONE', #1688, #2502, #1696, .T. ) ;
#2437 = EDGE_LOOP ( 'NONE', ( #2176, #1005, #1321, #462, #3269, #2749, #159, #2607, #2629 ) ) ;
#2438 = PLANE ( 'NONE',  #174 ) ;
#2439 = CARTESIAN_POINT ( 'NONE',  ( 3.726299802237352132, 11.10000000000000675, -2.617718567952123099 ) ) ;
#2440 = EDGE_LOOP ( 'NONE', ( #1339, #1241, #2357, #3014, #2060, #2705, #229 ) ) ;
#2441 = VECTOR ( 'NONE', #2596, 1000.000000000000000 ) ;
#2442 = DIRECTION ( 'NONE',  ( 1.000000000000000000, -0.000000000000000000, 0.000000000000000000 ) ) ;
#2443 = LINE ( 'NONE', #341, #1105 ) ;
#2444 = ORIENTED_EDGE ( 'NONE', *, *, #2952, .F. ) ;
#2445 = UNCERTAINTY_MEASURE_WITH_UNIT (LENGTH_MEASURE( 1.000000000000000082E-05 ), #2501, 'distance_accuracy_value', 'NONE');
#2446 = CARTESIAN_POINT ( 'NONE',  ( 4.100000000000001421, 10.90000000000000036, 1.524999999999999911 ) ) ;
#2447 = FACE_OUTER_BOUND ( 'NONE', #925, .T. ) ;
#2448 = ADVANCED_FACE ( 'NONE', ( #2192 ), #1379, .F. ) ;
#2449 = VECTOR ( 'NONE', #2386, 1000.000000000000000 ) ;
#2450 = CARTESIAN_POINT ( 'NONE',  ( 5.950000000000001066, 10.90000000000000036, 3.149999999999999911 ) ) ;
#2451 = FACE_OUTER_BOUND ( 'NONE', #2505, .T. ) ;
#2452 = EDGE_LOOP ( 'NONE', ( #2035, #1525, #439, #1541 ) ) ;
#2453 = DIRECTION ( 'NONE',  ( 1.000000000000000000, -0.000000000000000000, -0.000000000000000000 ) ) ;
#2454 = CARTESIAN_POINT ( 'NONE',  ( 3.865940089664395618, 11.09999999999999964, -1.993302204411798062 ) ) ;
#2455 = VECTOR ( 'NONE', #2915, 1000.000000000000000 ) ;
#2456 = VECTOR ( 'NONE', #1257, 1000.000000000000000 ) ;
#2457 = VECTOR ( 'NONE', #3168, 1000.000000000000000 ) ;
#2458 = VERTEX_POINT ( 'NONE', #1130 ) ;
#2459 = CARTESIAN_POINT ( 'NONE',  ( 3.375000000000000000, 11.09999999999999964, 0.7999999999999999334 ) ) ;
#2460 = VERTEX_POINT ( 'NONE', #563 ) ;
#2461 = EDGE_LOOP ( 'NONE', ( #2638, #1467, #621, #731 ) ) ;
#2462 = CARTESIAN_POINT ( 'NONE',  ( 3.600000000000000533, 0.000000000000000000, -1.494999999999998774 ) ) ;
#2463 = CARTESIAN_POINT ( 'NONE',  ( 4.128068267874875907, 11.09999999999999787, -2.078338223412788732 ) ) ;
#2464 = CARTESIAN_POINT ( 'NONE',  ( -3.374999999999999556, 10.90000000000000036, -1.875000000000000000 ) ) ;
#2465 = ORIENTED_EDGE ( 'NONE', *, *, #930, .F. ) ;
#2466 = CARTESIAN_POINT ( 'NONE',  ( 3.871758280727901624, 10.90000000000000746, -2.516828276509429418 ) ) ;
#2467 = CARTESIAN_POINT ( 'NONE',  ( 3.888736520970563770, 11.09999999999999432, -1.790329756374474446 ) ) ;
#2468 = ORIENTED_EDGE ( 'NONE', *, *, #1661, .F. ) ;
#2469 = CARTESIAN_POINT ( 'NONE',  ( -3.587179487179488202, 10.90000000000000036, 1.776923076923077049 ) ) ;
#2470 =( NAMED_UNIT ( * ) PLANE_ANGLE_UNIT ( ) SI_UNIT ( $, .RADIAN. ) );
#2471 = ORIENTED_EDGE ( 'NONE', *, *, #2860, .F. ) ;
#2472 = ORIENTED_EDGE ( 'NONE', *, *, #950, .F. ) ;
#2473 = EDGE_CURVE ( 'NONE', #847, #3012, #3027, .T. ) ;
#2474 = CARTESIAN_POINT ( 'NONE',  ( 3.375000000000000000, 24.78707656525732261, 0.7999999999999999334 ) ) ;
#2475 = FACE_OUTER_BOUND ( 'NONE', #703, .T. ) ;
#2476 = AXIS2_PLACEMENT_3D ( 'NONE', #2204, #1126, #20 ) ;
#2477 = CARTESIAN_POINT ( 'NONE',  ( 3.453119941125879055, 11.09999999999999964, -2.453879079032004640 ) ) ;
#2478 = AXIS2_PLACEMENT_3D ( 'NONE', #1630, #1907, #17 ) ;
#2479 = VERTEX_POINT ( 'NONE', #310 ) ;
#2480 = CARTESIAN_POINT ( 'NONE',  ( 3.858894230769230216, 10.90000000000000036, -2.528125000000000178 ) ) ;
#2481 = CARTESIAN_POINT ( 'NONE',  ( 3.453119941125879055, 10.89999999999999680, -2.453879079032004640 ) ) ;
#2482 = FACE_OUTER_BOUND ( 'NONE', #2699, .T. ) ;
#2483 = SURFACE_SIDE_STYLE ('',( #1118 ) ) ;
#2484 = VERTEX_POINT ( 'NONE', #2979 ) ;
#2485 = EDGE_CURVE ( 'NONE', #1728, #2805, #2737, .T. ) ;
#2486 = VECTOR ( 'NONE', #2401, 1000.000000000000000 ) ;
#2487 = CARTESIAN_POINT ( 'NONE',  ( 3.888127524333389040, 11.10000000000000675, -1.608041557511499242 ) ) ;
#2488 = VERTEX_POINT ( 'NONE', #1680 ) ;
#2489 = CARTESIAN_POINT ( 'NONE',  ( -3.599999999999973443, -7.799999999999999822, -1.494999999999998996 ) ) ;
#2490 = FACE_OUTER_BOUND ( 'NONE', #1033, .T. ) ;
#2491 = ORIENTED_EDGE ( 'NONE', *, *, #1507, .F. ) ;
#2492 = EDGE_CURVE ( 'NONE', #2755, #1261, #1410, .T. ) ;
#2493 = VECTOR ( 'NONE', #1616, 1000.000000000000000 ) ;
#2494 = CARTESIAN_POINT ( 'NONE',  ( 3.600000000000000533, -7.799999999999999822, -1.494999999999998774 ) ) ;
#2495 =( LENGTH_UNIT ( ) NAMED_UNIT ( * ) SI_UNIT ( .MILLI., .METRE. ) );
#2496 = ADVANCED_FACE ( 'NONE', ( #858 ), #1170, .F. ) ;
#2497 = CARTESIAN_POINT ( 'NONE',  ( 4.091912122772559002, 10.90000000000000213, -1.224439025304374651 ) ) ;
#2498 = CARTESIAN_POINT ( 'NONE',  ( 3.595612592157415577, 10.90000000000000036, -2.663916927991399231 ) ) ;
#2499 = CARTESIAN_POINT ( 'NONE',  ( 3.568028846153845635, 11.10000000000000320, -2.671153846153846434 ) ) ;
#2500 = DIRECTION ( 'NONE',  ( 0.000000000000000000, 0.000000000000000000, -1.000000000000000000 ) ) ;
#2501 =( LENGTH_UNIT ( ) NAMED_UNIT ( * ) SI_UNIT ( .MILLI., .METRE. ) );
#2502 = VERTEX_POINT ( 'NONE', #1924 ) ;
#2503 = VECTOR ( 'NONE', #1189, 1000.000000000000000 ) ;
#2504 = CARTESIAN_POINT ( 'NONE',  ( 3.568028846153845635, 11.10000000000000320, -2.671153846153846434 ) ) ;
#2505 = EDGE_LOOP ( 'NONE', ( #656, #1247, #1158, #3239 ) ) ;
#2506 = DIRECTION ( 'NONE',  ( -0.000000000000000000, -0.000000000000000000, -1.000000000000000000 ) ) ;
#2507 = DIRECTION ( 'NONE',  ( 0.000000000000000000, 0.000000000000000000, 1.000000000000000000 ) ) ;
#2508 = VERTEX_POINT ( 'NONE', #3301 ) ;
#2509 = CARTESIAN_POINT ( 'NONE',  ( 3.985114489552512129, 11.09999999999999787, -1.016175804648706826 ) ) ;
#2510 = PRESENTATION_STYLE_ASSIGNMENT (( #82 ) ) ;
#2511 = ORIENTED_EDGE ( 'NONE', *, *, #2958, .T. ) ;
#2512 = CARTESIAN_POINT ( 'NONE',  ( 3.534926834352096314, 11.09999999999999964, -2.678473068307235749 ) ) ;
#2513 = PLANE ( 'NONE',  #1917 ) ;
#2514 = LINE ( 'NONE', #903, #1383 ) ;
#2515 = DIRECTION ( 'NONE',  ( -0.000000000000000000, -0.000000000000000000, 1.000000000000000000 ) ) ;
#2516 = DIRECTION ( 'NONE',  ( 1.000000000000000000, 0.000000000000000000, 0.000000000000000000 ) ) ;
#2517 = ADVANCED_FACE ( 'NONE', ( #3254 ), #1961, .T. ) ;
#2518 = FACE_OUTER_BOUND ( 'NONE', #2437, .T. ) ;
#2519 = EDGE_LOOP ( 'NONE', ( #2511, #3082, #3187, #52 ) ) ;
#2520 = DIRECTION ( 'NONE',  ( -0.000000000000000000, 1.000000000000000000, -0.000000000000000000 ) ) ;
#2521 = CARTESIAN_POINT ( 'NONE',  ( -2.535897435897436658, 24.78707656525732261, 1.546153846153846212 ) ) ;
#2522 = ORIENTED_EDGE ( 'NONE', *, *, #1042, .F. ) ;
#2523 = CARTESIAN_POINT ( 'NONE',  ( 3.413711495051569234, 11.10000000000000675, -2.459076149520702526 ) ) ;
#2524 = LINE ( 'NONE', #1443, #544 ) ;
#2525 = DIRECTION ( 'NONE',  ( 1.000000000000000000, 0.000000000000000000, -0.000000000000000000 ) ) ;
#2526 = VECTOR ( 'NONE', #2373, 1000.000000000000000 ) ;
#2527 = VERTEX_POINT ( 'NONE', #830 ) ;
#2528 = CARTESIAN_POINT ( 'NONE',  ( 3.460176467659835886, 10.89999999999999325, -2.689017228444448460 ) ) ;
#2529 = DIRECTION ( 'NONE',  ( 1.000000000000000000, 0.000000000000000000, -0.000000000000000000 ) ) ;
#2530 = DIRECTION ( 'NONE',  ( -1.000000000000000000, 0.000000000000000000, -0.000000000000000000 ) ) ;
#2531 = EDGE_CURVE ( 'NONE', #1415, #1859, #2207, .T. ) ;
#2532 = ORIENTED_EDGE ( 'NONE', *, *, #2734, .F. ) ;
#2533 = ADVANCED_FACE ( 'NONE', ( #297 ), #1365, .F. ) ;
#2534 = LINE ( 'NONE', #906, #217 ) ;
#2535 = CARTESIAN_POINT ( 'NONE',  ( 3.225080128205128016, 10.90000000000000036, -0.9307692307692307931 ) ) ;
#2536 = DIRECTION ( 'NONE',  ( 1.000000000000000000, 0.000000000000000000, -0.000000000000000000 ) ) ;
#2537 = CARTESIAN_POINT ( 'NONE',  ( 4.171794871794872073, 11.09999999999999787, -1.710817307692307665 ) ) ;
#2538 = ORIENTED_EDGE ( 'NONE', *, *, #3389, .T. ) ;
#2539 = CARTESIAN_POINT ( 'NONE',  ( -4.950000000000001066, 10.90000000000000036, 3.149999999999999911 ) ) ;
#2540 = DIRECTION ( 'NONE',  ( 0.000000000000000000, -1.000000000000000000, 0.000000000000000000 ) ) ;
#2541 = ORIENTED_EDGE ( 'NONE', *, *, #2436, .T. ) ;
#2542 = VECTOR ( 'NONE', #666, 1000.000000000000000 ) ;
#2543 = CARTESIAN_POINT ( 'NONE',  ( 3.236565885942086496, 11.10000000000000320, -2.469011564095961120 ) ) ;
#2544 = VERTEX_POINT ( 'NONE', #3280 ) ;
#2545 = CARTESIAN_POINT ( 'NONE',  ( 3.898446693500821958, 10.90000000000000213, -0.9128443052572430272 ) ) ;
#2546 = VERTEX_POINT ( 'NONE', #1648 ) ;
#2547 = CARTESIAN_POINT ( 'NONE',  ( 4.128068267874875907, 11.09999999999999964, -2.078338223412788732 ) ) ;
#2548 = CARTESIAN_POINT ( 'NONE',  ( 3.024999999999999911, 10.90000000000000036, 1.875000000000000000 ) ) ;
#2549 = VERTEX_POINT ( 'NONE', #2719 ) ;
#2550 = VECTOR ( 'NONE', #448, 1000.000000000000000 ) ;
#2551 = VERTEX_POINT ( 'NONE', #1941 ) ;
#2552 = DIRECTION ( 'NONE',  ( 0.000000000000000000, -0.000000000000000000, -1.000000000000000000 ) ) ;
#2553 = CARTESIAN_POINT ( 'NONE',  ( -3.587179487179488202, 24.78707656525732261, 1.776923076923077049 ) ) ;
#2554 = LINE ( 'NONE', #2591, #3297 ) ;
#2555 = ADVANCED_FACE ( 'NONE', ( #2482 ), #70, .F. ) ;
#2556 = DIRECTION ( 'NONE',  ( -1.000000000000000000, -0.000000000000000000, -0.000000000000000000 ) ) ;
#2557 = VERTEX_POINT ( 'NONE', #1662 ) ;
#2558 = DIRECTION ( 'NONE',  ( 0.000000000000000000, 1.000000000000000000, 0.000000000000000000 ) ) ;
#2559 = LINE ( 'NONE', #1532, #1271 ) ;
#2560 = ORIENTED_EDGE ( 'NONE', *, *, #3174, .F. ) ;
#2561 = VECTOR ( 'NONE', #2225, 1000.000000000000000 ) ;
#2562 = VECTOR ( 'NONE', #1397, 1000.000000000000000 ) ;
#2563 = EDGE_CURVE ( 'NONE', #1960, #3221, #1396, .T. ) ;
#2564 = VECTOR ( 'NONE', #2014, 1000.000000000000000 ) ;
#2565 = CARTESIAN_POINT ( 'NONE',  ( 3.247115384615384404, 10.90000000000000036, -0.6999999999999999556 ) ) ;
#2566 = CARTESIAN_POINT ( 'NONE',  ( 2.530769230769230660, 11.09999999999999964, -0.6999999999999999556 ) ) ;
#2567 = ORIENTED_EDGE ( 'NONE', *, *, #172, .F. ) ;
#2568 = CARTESIAN_POINT ( 'NONE',  ( 3.557362988371942869, 10.90000000000000036, -2.673512185671993446 ) ) ;
#2569 = CARTESIAN_POINT ( 'NONE',  ( 4.171574467036808009, 10.90000000000000036, -1.732858143927160421 ) ) ;
#2570 = CARTESIAN_POINT ( 'NONE',  ( 4.073395557355613761, 10.90000000000000036, -2.236990633932058437 ) ) ;
#2571 = VERTEX_POINT ( 'NONE', #3009 ) ;
#2572 = VERTEX_POINT ( 'NONE', #2750 ) ;
#2573 = CARTESIAN_POINT ( 'NONE',  ( -2.050000000000004263, 10.90000000000000036, 0.2500000000000000000 ) ) ;
#2574 = CARTESIAN_POINT ( 'NONE',  ( 2.299999999999999822, 11.09999999999999964, 1.524999999999999689 ) ) ;
#2575 = CARTESIAN_POINT ( 'NONE',  ( 3.374999999999999556, 10.90000000000000036, 1.875000000000000000 ) ) ;
#2576 = FACE_OUTER_BOUND ( 'NONE', #119, .T. ) ;
#2577 = ORIENTED_EDGE ( 'NONE', *, *, #883, .F. ) ;
#2578 = LINE ( 'NONE', #2016, #1368 ) ;
#2579 = CARTESIAN_POINT ( 'NONE',  ( -2.299999999999999822, 10.90000000000000036, -1.875000000000000000 ) ) ;
#2580 = EDGE_LOOP ( 'NONE', ( #1650, #1445, #361, #2969, #1803, #3173, #937 ) ) ;
#2581 = EDGE_CURVE ( 'NONE', #1926, #2544, #340, .T. ) ;
#2582 = DIRECTION ( 'NONE',  ( 0.000000000000000000, 0.000000000000000000, 1.000000000000000000 ) ) ;
#2583 = EDGE_LOOP ( 'NONE', ( #1084, #2602, #565, #495 ) ) ;
#2584 = DIRECTION ( 'NONE',  ( -0.000000000000000000, 1.000000000000000000, -0.000000000000000000 ) ) ;
#2585 = FACE_OUTER_BOUND ( 'NONE', #1854, .T. ) ;
#2586 = LINE ( 'NONE', #3387, #601 ) ;
#2587 = CARTESIAN_POINT ( 'NONE',  ( 3.560530731003322735, 11.09999999999999787, -2.422854494830441574 ) ) ;
#2588 = VECTOR ( 'NONE', #469, 1000.000000000000000 ) ;
#2589 = EDGE_LOOP ( 'NONE', ( #1315, #2828, #2653, #1133 ) ) ;
#2590 = CARTESIAN_POINT ( 'NONE',  ( 4.100000000000001421, 11.09999999999999964, 1.875000000000000000 ) ) ;
#2591 = CARTESIAN_POINT ( 'NONE',  ( 2.299999999999999378, 24.78707656525732261, 1.874999999999999778 ) ) ;
#2592 = EDGE_CURVE ( 'NONE', #3139, #1449, #3321, .T. ) ;
#2593 = EDGE_CURVE ( 'NONE', #292, #3242, #393, .T. ) ;
#2594 = DIRECTION ( 'NONE',  ( 1.000000000000000000, 0.000000000000000000, 0.000000000000000000 ) ) ;
#2595 = EDGE_LOOP ( 'NONE', ( #1842, #587, #212, #829, #1290, #1738, #734, #2614, #1887, #1631, #220, #2216 ) ) ;
#2596 = DIRECTION ( 'NONE',  ( -0.000000000000000000, 1.000000000000000000, -0.000000000000000000 ) ) ;
#2597 = DIRECTION ( 'NONE',  ( 1.000000000000000000, -0.000000000000000000, 0.000000000000000000 ) ) ;
#2598 = EDGE_LOOP ( 'NONE', ( #3285, #2229, #482, #3022 ) ) ;
#2599 = CARTESIAN_POINT ( 'NONE',  ( 3.742501825154680439, 10.90000000000000036, -1.123724997849970819 ) ) ;
#2600 = DIRECTION ( 'NONE',  ( -0.000000000000000000, -0.000000000000000000, -1.000000000000000000 ) ) ;
#2601 = VECTOR ( 'NONE', #1324, 1000.000000000000000 ) ;
#2602 = ORIENTED_EDGE ( 'NONE', *, *, #444, .T. ) ;
#2603 = CARTESIAN_POINT ( 'NONE',  ( 3.392242315915160678, 11.10000000000000320, -0.9386084911663927777 ) ) ;
#2604 = CARTESIAN_POINT ( 'NONE',  ( -3.375000000000000000, 10.90000000000000036, -0.7999999999999994893 ) ) ;
#2605 = DIRECTION ( 'NONE',  ( 0.000000000000000000, 0.000000000000000000, -1.000000000000000000 ) ) ;
#2606 = CARTESIAN_POINT ( 'NONE',  ( 3.965818093465092620, 10.90000000000000568, -2.417296721754277122 ) ) ;
#2607 = ORIENTED_EDGE ( 'NONE', *, *, #2592, .F. ) ;
#2608 = ADVANCED_FACE ( 'NONE', ( #1752 ), #3124, .F. ) ;
#2609 = EDGE_LOOP ( 'NONE', ( #467, #515, #1070, #1826 ) ) ;
#2610 = CARTESIAN_POINT ( 'NONE',  ( 4.170212162216653695, 10.90000000000000036, -1.602155238295611905 ) ) ;
#2611 = DIRECTION ( 'NONE',  ( 1.000000000000000000, -0.000000000000000000, -0.000000000000000000 ) ) ;
#2612 = VECTOR ( 'NONE', #1870, 1000.000000000000000 ) ;
#2613 = CARTESIAN_POINT ( 'NONE',  ( 3.617832443443974366, 11.09999999999999432, -2.392712362754051636 ) ) ;
#2614 = ORIENTED_EDGE ( 'NONE', *, *, #3319, .F. ) ;
#2615 = LINE ( 'NONE', #1231, #2772 ) ;
#2616 = CARTESIAN_POINT ( 'NONE',  ( 3.025000000000000355, 10.90000000000000036, 1.524999999999999911 ) ) ;
#2617 = EDGE_LOOP ( 'NONE', ( #2787, #1834, #1112, #3306 ) ) ;
#2618 = CARTESIAN_POINT ( 'NONE',  ( 3.889743589743589247, 10.90000000000000036, -1.715224358974358987 ) ) ;
#2619 = EDGE_CURVE ( 'NONE', #3032, #2571, #721, .T. ) ;
#2620 = AXIS2_PLACEMENT_3D ( 'NONE', #2088, #509, #2931 ) ;
#2621 = VECTOR ( 'NONE', #1734, 1000.000000000000000 ) ;
#2622 = ORIENTED_EDGE ( 'NONE', *, *, #172, .T. ) ;
#2623 = DIRECTION ( 'NONE',  ( -0.7071067811865503483, 0.000000000000000000, 0.7071067811865446862 ) ) ;
#2624 = CARTESIAN_POINT ( 'NONE',  ( 3.025000000000000355, 24.78707656525732261, 0.7999999999999998224 ) ) ;
#2625 = CARTESIAN_POINT ( 'NONE',  ( 3.865940089664395618, 10.90000000000000391, -1.993302204411798062 ) ) ;
#2626 = CARTESIAN_POINT ( 'NONE',  ( 3.897544611418270577, 11.09999999999999964, -2.494183693459658624 ) ) ;
#2627 = ORIENTED_EDGE ( 'NONE', *, *, #1430, .T. ) ;
#2628 = EDGE_CURVE ( 'NONE', #330, #2886, #1226, .T. ) ;
#2629 = ORIENTED_EDGE ( 'NONE', *, *, #268, .F. ) ;
#2630 = CARTESIAN_POINT ( 'NONE',  ( 3.851958078210547143, 11.09999999999999787, -0.8704721854539849701 ) ) ;
#2631 = DIRECTION ( 'NONE',  ( 0.000000000000000000, 0.000000000000000000, 1.000000000000000000 ) ) ;
#2632 = ORIENTED_EDGE ( 'NONE', *, *, #926, .T. ) ;
#2633 = LINE ( 'NONE', #230, #2409 ) ;
#2634 = CARTESIAN_POINT ( 'NONE',  ( -3.999999999999973355, 0.000000000000000000, -1.494999999999998996 ) ) ;
#2635 = ORIENTED_EDGE ( 'NONE', *, *, #820, .T. ) ;
#2636 = DIRECTION ( 'NONE',  ( 0.000000000000000000, -0.000000000000000000, 1.000000000000000000 ) ) ;
#2637 = CARTESIAN_POINT ( 'NONE',  ( -2.050000000000004263, 10.90000000000000036, -0.2500000000000000000 ) ) ;
#2638 = ORIENTED_EDGE ( 'NONE', *, *, #331, .F. ) ;
#2639 = VECTOR ( 'NONE', #600, 1000.000000000000000 ) ;
#2640 = CARTESIAN_POINT ( 'NONE',  ( 4.171794871794872073, 10.90000000000000036, -1.710817307692307665 ) ) ;
#2641 = EDGE_LOOP ( 'NONE', ( #1956, #3078, #2541, #98 ) ) ;
#2642 = CARTESIAN_POINT ( 'NONE',  ( 3.662902481860432768, 11.10000000000000320, -1.039040948922438146 ) ) ;
#2643 = DIRECTION ( 'NONE',  ( 1.000000000000000000, 0.000000000000000000, 0.000000000000000000 ) ) ;
#2644 = CARTESIAN_POINT ( 'NONE',  ( 3.374999999999999556, 24.78707656525732261, 1.875000000000000000 ) ) ;
#2645 = PLANE ( 'NONE',  #502 ) ;
#2646 = EDGE_CURVE ( 'NONE', #3123, #1688, #641, .T. ) ;
#2647 = ORIENTED_EDGE ( 'NONE', *, *, #2073, .T. ) ;
#2648 = CARTESIAN_POINT ( 'NONE',  ( 3.332830314730303556, 10.90000000000000391, -0.7009781573292647172 ) ) ;
#2649 = LINE ( 'NONE', #245, #494 ) ;
#2650 = EDGE_CURVE ( 'NONE', #3129, #3459, #1718, .T. ) ;
#2651 = AXIS2_PLACEMENT_3D ( 'NONE', #2106, #2353, #3215 ) ;
#2652 = EDGE_CURVE ( 'NONE', #3012, #3324, #2534, .T. ) ;
#2653 = ORIENTED_EDGE ( 'NONE', *, *, #1234, .T. ) ;
#2654 = FACE_OUTER_BOUND ( 'NONE', #1762, .T. ) ;
#2655 = LINE ( 'NONE', #2148, #1716 ) ;
#2656 = CARTESIAN_POINT ( 'NONE',  ( -3.999999999999973355, -7.799999999999999822, -1.494999999999998996 ) ) ;
#2657 = FILL_AREA_STYLE ('',( #787 ) ) ;
#2658 = AXIS2_PLACEMENT_3D ( 'NONE', #806, #1360, #1877 ) ;
#2659 = LINE ( 'NONE', #270, #2330 ) ;
#2660 = EDGE_LOOP ( 'NONE', ( #717, #1717, #2522, #609 ) ) ;
#2661 = CARTESIAN_POINT ( 'NONE',  ( -3.600000000000001421, 0.000000000000000000, 1.045000000000000373 ) ) ;
#2662 = LINE ( 'NONE', #508, #777 ) ;
#2663 = CARTESIAN_POINT ( 'NONE',  ( -2.458974358974360008, 24.78707656525732261, 0.7000000000000000666 ) ) ;
#2664 = VECTOR ( 'NONE', #3491, 1000.000000000000000 ) ;
#2665 = CARTESIAN_POINT ( 'NONE',  ( 3.276240613098987620, 10.90000000000000036, -0.7003323698178314238 ) ) ;
#2666 = PLANE ( 'NONE',  #995 ) ;
#2667 = VERTEX_POINT ( 'NONE', #124 ) ;
#2668 = CARTESIAN_POINT ( 'NONE',  ( 0.000000000000000000, 0.000000000000000000, 0.000000000000000000 ) ) ;
#2669 = DIRECTION ( 'NONE',  ( 1.000000000000000000, 0.000000000000000000, 0.000000000000000000 ) ) ;
#2670 = CARTESIAN_POINT ( 'NONE',  ( -2.407692307692308464, 10.90000000000000036, 2.700000000000000178 ) ) ;
#2671 = ORIENTED_EDGE ( 'NONE', *, *, #580, .T. ) ;
#2672 = MECHANICAL_DESIGN_GEOMETRIC_PRESENTATION_REPRESENTATION (  '', ( #870 ), #590 ) ;
#2673 = EDGE_CURVE ( 'NONE', #742, #1926, #2788, .T. ) ;
#2674 = LINE ( 'NONE', #2150, #1677 ) ;
#2675 = VECTOR ( 'NONE', #2, 1000.000000000000000 ) ;
#2676 = PLANE ( 'NONE',  #1707 ) ;
#2677 = EDGE_CURVE ( 'NONE', #1949, #2557, #3392, .T. ) ;
#2678 = LINE ( 'NONE', #3231, #1049 ) ;
#2679 = EDGE_CURVE ( 'NONE', #479, #640, #455, .T. ) ;
#2680 = CARTESIAN_POINT ( 'NONE',  ( 3.999999999999973355, -7.799999999999999822, 1.045000000000000373 ) ) ;
#2681 = CARTESIAN_POINT ( 'NONE',  ( 2.812820512820512153, 11.09999999999999964, -0.9307692307692307931 ) ) ;
#2682 = AXIS2_PLACEMENT_3D ( 'NONE', #3444, #1089, #2167 ) ;
#2683 = AXIS2_PLACEMENT_3D ( 'NONE', #2970, #622, #1101 ) ;
#2684 = EDGE_CURVE ( 'NONE', #90, #3139, #145, .T. ) ;
#2685 = ORIENTED_EDGE ( 'NONE', *, *, #1185, .F. ) ;
#2686 = CARTESIAN_POINT ( 'NONE',  ( 3.898446693500821958, 11.10000000000000142, -0.9128443052572430272 ) ) ;
#2687 = CARTESIAN_POINT ( 'NONE',  ( 3.796526684985857436, 11.10000000000000320, -2.577604581025331409 ) ) ;
#2688 =( NAMED_UNIT ( * ) PLANE_ANGLE_UNIT ( ) SI_UNIT ( $, .RADIAN. ) );
#2689 = VERTEX_POINT ( 'NONE', #2841 ) ;
#2690 = CARTESIAN_POINT ( 'NONE',  ( 3.738737573734651320, 11.09999999999999432, -2.278273079237739918 ) ) ;
#2691 = CARTESIAN_POINT ( 'NONE',  ( 3.878288943335041150, 10.90000000000000746, -1.506590620034811145 ) ) ;
#2692 = ORIENTED_EDGE ( 'NONE', *, *, #218, .F. ) ;
#2693 = EDGE_CURVE ( 'NONE', #1809, #328, #2806, .T. ) ;
#2694 = CARTESIAN_POINT ( 'NONE',  ( 3.548798076923076472, 11.10000000000000320, -2.427964743589743346 ) ) ;
#2695 = EDGE_CURVE ( 'NONE', #964, #1237, #942, .T. ) ;
#2696 = CARTESIAN_POINT ( 'NONE',  ( -3.025000000000000355, 24.78707656525732261, -1.524999999999999467 ) ) ;
#2697 = LINE ( 'NONE', #290, #2899 ) ;
#2698 = PLANE ( 'NONE',  #2658 ) ;
#2699 = EDGE_LOOP ( 'NONE', ( #164, #2810, #3361, #3455 ) ) ;
#2700 = CARTESIAN_POINT ( 'NONE',  ( 3.726299802237352132, 10.90000000000000391, -2.617718567952123099 ) ) ;
#2701 = CARTESIAN_POINT ( 'NONE',  ( -2.299999999999999822, 10.90000000000000036, -1.524999999999999467 ) ) ;
#2702 = VERTEX_POINT ( 'NONE', #3372 ) ;
#2703 = PLANE ( 'NONE',  #2683 ) ;
#2704 = CARTESIAN_POINT ( 'NONE',  ( 2.050000000000001599, 10.90000000000000036, 3.149999999999998579 ) ) ;
#2705 = ORIENTED_EDGE ( 'NONE', *, *, #3047, .T. ) ;
#2706 = EDGE_CURVE ( 'NONE', #59, #1728, #1203, .T. ) ;
#2707 = STYLED_ITEM ( 'NONE', ( #1993 ), #1212 ) ;
#2708 = EDGE_CURVE ( 'NONE', #485, #2903, #2051, .T. ) ;
#2709 = DIRECTION ( 'NONE',  ( 0.7071067811865446862, 0.000000000000000000, -0.7071067811865503483 ) ) ;
#2710 = CARTESIAN_POINT ( 'NONE',  ( -4.950000000000001066, 10.90000000000000036, -3.149999999999999911 ) ) ;
#2711 = LINE ( 'NONE', #31, #2675 ) ;
#2712 = PLANE ( 'NONE',  #2478 ) ;
#2713 = ADVANCED_FACE ( 'NONE', ( #106, #2281, #3354 ), #414, .F. ) ;
#2714 = VERTEX_POINT ( 'NONE', #2300 ) ;
#2715 = DIRECTION ( 'NONE',  ( 0.000000000000000000, 0.000000000000000000, 1.000000000000000000 ) ) ;
#2716 = CARTESIAN_POINT ( 'NONE',  ( 3.884590883498195257, 10.90000000000001101, -1.862579463491075504 ) ) ;
#2717 = VERTEX_POINT ( 'NONE', #165 ) ;
#2718 = VECTOR ( 'NONE', #465, 1000.000000000000000 ) ;
#2719 = CARTESIAN_POINT ( 'NONE',  ( 3.374999999999999556, 11.09999999999999964, 2.599999999999999645 ) ) ;
#2720 =( NAMED_UNIT ( * ) SI_UNIT ( $, .STERADIAN. ) SOLID_ANGLE_UNIT ( ) );
#2721 = ORIENTED_EDGE ( 'NONE', *, *, #99, .T. ) ;
#2722 = ORIENTED_EDGE ( 'NONE', *, *, #556, .F. ) ;
#2723 = PRODUCT_DEFINITION_FORMATION_WITH_SPECIFIED_SOURCE ( 'ANY', '', #2417, .NOT_KNOWN. ) ;
#2724 = FACE_OUTER_BOUND ( 'NONE', #1665, .T. ) ;
#2725 = CARTESIAN_POINT ( 'NONE',  ( -3.587179487179488202, 10.90000000000000036, 2.469230769230769784 ) ) ;
#2726 = VECTOR ( 'NONE', #118, 1000.000000000000000 ) ;
#2727 = CLOSED_SHELL ( 'NONE', ( #1558, #3158, #2256, #2142, #3268, #63 ) ) ;
#2728 = EDGE_CURVE ( 'NONE', #2805, #2104, #3149, .T. ) ;
#2729 = CARTESIAN_POINT ( 'NONE',  ( -3.375000000000000000, 24.78707656525732261, -1.524999999999999467 ) ) ;
#2730 = VERTEX_POINT ( 'NONE', #1545 ) ;
#2731 = CARTESIAN_POINT ( 'NONE',  ( -4.000000000000001776, -7.799999999999999822, 1.045000000000000373 ) ) ;
#2732 = CARTESIAN_POINT ( 'NONE',  ( 3.814749600839502097, 10.90000000000001101, -2.155295205482911758 ) ) ;
#2733 = VECTOR ( 'NONE', #432, 1000.000000000000000 ) ;
#2734 = EDGE_CURVE ( 'NONE', #2179, #2029, #2359, .T. ) ;
#2735 = VECTOR ( 'NONE', #2957, 1000.000000000000000 ) ;
#2736 = VECTOR ( 'NONE', #2954, 1000.000000000000000 ) ;
#2737 = LINE ( 'NONE', #2227, #2234 ) ;
#2738 = ORIENTED_EDGE ( 'NONE', *, *, #1627, .F. ) ;
#2739 = ORIENTED_EDGE ( 'NONE', *, *, #1865, .F. ) ;
#2740 = LINE ( 'NONE', #1979, #3401 ) ;
#2741 = CARTESIAN_POINT ( 'NONE',  ( 3.025000000000000355, 11.09999999999999964, 0.7999999999999998224 ) ) ;
#2742 = PRODUCT_DEFINITION_SHAPE ( 'NONE', 'NONE',  #1323 ) ;
#2743 = FACE_OUTER_BOUND ( 'NONE', #972, .T. ) ;
#2744 = B_SPLINE_CURVE_WITH_KNOTS ( 'NONE', 3,
 ( #3128, #1772, #2845, #458, #150, #438, #1995, #1529, #3070, #1737, #1511, #2690, #1885, #3486, #2378, #2613, #1303, #1832, #1085 ),
 .UNSPECIFIED., .F., .F.,
 ( 4, 1, 1, 1, 1, 1, 1, 1, 1, 1, 1, 1, 1, 1, 1, 1, 4 ),
 ( 0.000000000000000000, 0.09125792857114775614, 0.1774017172687081811, 0.2586939028057239076, 0.3347914606470456245, 0.4060450965974951032, 0.4735814421468779178, 0.5371871940170573900, 0.5970124112690077256, 0.6545333578100730465, 0.7092861979284388330, 0.7615179959346597416, 0.8118475490470659084, 0.8606042373546139990, 0.9078057491050457450, 0.9542592786578926178, 0.9999999999999998890 ),
 .UNSPECIFIED. ) ;
#2745 = ORIENTED_EDGE ( 'NONE', *, *, #3433, .F. ) ;
#2746 = LINE ( 'NONE', #2731, #1022 ) ;
#2747 = CARTESIAN_POINT ( 'NONE',  ( 3.710701364758572929, 11.09999999999999964, -2.312229867812418238 ) ) ;
#2748 = ADVANCED_FACE ( 'NONE', ( #2302 ), #1228, .T. ) ;
#2749 = ORIENTED_EDGE ( 'NONE', *, *, #2182, .F. ) ;
#2750 = CARTESIAN_POINT ( 'NONE',  ( 2.050000000000004707, 10.90000000000000036, -3.150000000000001243 ) ) ;
#2751 = PRESENTATION_STYLE_ASSIGNMENT (( #2228 ) ) ;
#2752 = ORIENTED_EDGE ( 'NONE', *, *, #2677, .T. ) ;
#2753 = EDGE_CURVE ( 'NONE', #3459, #2551, #999, .T. ) ;
#2754 = DIRECTION ( 'NONE',  ( -0.000000000000000000, -0.000000000000000000, -1.000000000000000000 ) ) ;
#2755 = VERTEX_POINT ( 'NONE', #663 ) ;
#2756 = DIRECTION ( 'NONE',  ( -0.000000000000000000, -1.000000000000000000, -0.000000000000000000 ) ) ;
#2757 = LINE ( 'NONE', #1417, #22 ) ;
#2758 = ORIENTED_EDGE ( 'NONE', *, *, #1761, .F. ) ;
#2759 = ADVANCED_FACE ( 'NONE', ( #1528 ), #2826, .F. ) ;
#2760 = COLOUR_RGB ( '',1.000000000000000000, 0.8117647058823529438, 0.5019607843137254832 ) ;
#2761 = CARTESIAN_POINT ( 'NONE',  ( 4.143873796072822913, 11.09999999999999432, -1.399625478182307647 ) ) ;
#2762 = CARTESIAN_POINT ( 'NONE',  ( 0.000000000000000000, 0.000000000000000000, 0.000000000000000000 ) ) ;
#2763 = VECTOR ( 'NONE', #2962, 1000.000000000000000 ) ;
#2764 = CARTESIAN_POINT ( 'NONE',  ( 3.631636808582659803, 10.89999999999999680, -0.7522853112251951524 ) ) ;
#2765 = VERTEX_POINT ( 'NONE', #1488 ) ;
#2766 = CARTESIAN_POINT ( 'NONE',  ( 3.965818093465092620, 11.10000000000000320, -2.417296721754277122 ) ) ;
#2767 = CARTESIAN_POINT ( 'NONE',  ( 3.851649458239699619, 11.09999999999999432, -2.051691603631510485 ) ) ;
#2768 = VERTEX_POINT ( 'NONE', #3374 ) ;
#2769 = DIRECTION ( 'NONE',  ( 0.000000000000000000, 0.000000000000000000, -1.000000000000000000 ) ) ;
#2770 = FILL_AREA_STYLE_COLOUR ( '', #3006 ) ;
#2771 = ORIENTED_EDGE ( 'NONE', *, *, #2882, .F. ) ;
#2772 = VECTOR ( 'NONE', #1003, 1000.000000000000000 ) ;
#2773 = DIRECTION ( 'NONE',  ( 0.000000000000000000, 0.000000000000000000, -1.000000000000000000 ) ) ;
#2774 = ORIENTED_EDGE ( 'NONE', *, *, #1325, .F. ) ;
#2775 = LINE ( 'NONE', #57, #483 ) ;
#2776 = FACE_OUTER_BOUND ( 'NONE', #3190, .T. ) ;
#2777 = ORIENTED_EDGE ( 'NONE', *, *, #904, .F. ) ;
#2778 = EDGE_CURVE ( 'NONE', #2702, #363, #3085, .T. ) ;
#2779 = AXIS2_PLACEMENT_3D ( 'NONE', #1980, #1998, #3073 ) ;
#2780 = CARTESIAN_POINT ( 'NONE',  ( 3.276240613098987620, 11.09999999999999432, -0.7003323698178314238 ) ) ;
#2781 = EDGE_CURVE ( 'NONE', #596, #1975, #2554, .T. ) ;
#2782 = ORIENTED_EDGE ( 'NONE', *, *, #1841, .F. ) ;
#2783 = CARTESIAN_POINT ( 'NONE',  ( 3.233360217782009549, 11.09999999999999964, -2.699915535310168924 ) ) ;
#2784 = VERTEX_POINT ( 'NONE', #1736 ) ;
#2785 = CARTESIAN_POINT ( 'NONE',  ( 4.152512072541798105, 10.90000000000000746, -1.963119612482168819 ) ) ;
#2786 = CARTESIAN_POINT ( 'NONE',  ( -4.000000000000001776, 0.000000000000000000, 1.045000000000000373 ) ) ;
#2787 = ORIENTED_EDGE ( 'NONE', *, *, #1982, .T. ) ;
#2788 = LINE ( 'NONE', #661, #1498 ) ;
#2789 = DIRECTION ( 'NONE',  ( 0.000000000000000000, 0.000000000000000000, -1.000000000000000000 ) ) ;
#2790 = VECTOR ( 'NONE', #2515, 1000.000000000000000 ) ;
#2791 = CARTESIAN_POINT ( 'NONE',  ( -3.587179487179488202, 24.78707656525732261, 1.546153846153846212 ) ) ;
#2792 = EDGE_LOOP ( 'NONE', ( #3050, #2471, #1814, #624, #1699, #2795, #2745, #1721, #2685, #206, #1103, #1512 ) ) ;
#2793 = CARTESIAN_POINT ( 'NONE',  ( 4.100000000000001421, 11.09999999999999964, 1.875000000000000000 ) ) ;
#2794 = LINE ( 'NONE', #1705, #1326 ) ;
#2795 = ORIENTED_EDGE ( 'NONE', *, *, #1141, .F. ) ;
#2796 = CARTESIAN_POINT ( 'NONE',  ( 3.492439648125018614, 11.09999999999999787, -0.7181953472586874998 ) ) ;
#2797 = FILL_AREA_STYLE_COLOUR ( '', #1989 ) ;
#2798 = ADVANCED_FACE ( 'NONE', ( #980 ), #2341, .F. ) ;
#2799 = EDGE_CURVE ( 'NONE', #2557, #498, #434, .T. ) ;
#2800 = ADVANCED_FACE ( 'NONE', ( #209 ), #2844, .F. ) ;
#2801 = ORIENTED_EDGE ( 'NONE', *, *, #796, .F. ) ;
#2802 = CARTESIAN_POINT ( 'NONE',  ( 3.247115384615384404, 10.90000000000000036, -0.6999999999999999556 ) ) ;
#2803 = PLANE ( 'NONE',  #54 ) ;
#2804 = DIRECTION ( 'NONE',  ( -0.000000000000000000, -1.000000000000000000, -0.000000000000000000 ) ) ;
#2805 = VERTEX_POINT ( 'NONE', #3430 ) ;
#2806 = LINE ( 'NONE', #1450, #2733 ) ;
#2807 = CARTESIAN_POINT ( 'NONE',  ( 2.530769230769230660, 10.90000000000000036, -0.7000000000000000666 ) ) ;
#2808 = DIRECTION ( 'NONE',  ( -0.000000000000000000, 0.000000000000000000, -1.000000000000000000 ) ) ;
#2809 = FACE_OUTER_BOUND ( 'NONE', #2285, .T. ) ;
#2810 = ORIENTED_EDGE ( 'NONE', *, *, #2430, .T. ) ;
#2811 = CARTESIAN_POINT ( 'NONE',  ( 2.299999999999999378, 11.09999999999999964, 1.874999999999999778 ) ) ;
#2812 = CARTESIAN_POINT ( 'NONE',  ( 4.100000000000001421, 24.78707656525732261, 1.524999999999999911 ) ) ;
#2813 = EDGE_LOOP ( 'NONE', ( #2532, #2396, #1297, #1267 ) ) ;
#2814 = DIRECTION ( 'NONE',  ( -0.000000000000000000, 1.000000000000000000, -0.000000000000000000 ) ) ;
#2815 = FACE_OUTER_BOUND ( 'NONE', #1962, .T. ) ;
#2816 = VECTOR ( 'NONE', #998, 1000.000000000000000 ) ;
#2817 = ORIENTED_EDGE ( 'NONE', *, *, #116, .F. ) ;
#2818 = LINE ( 'NONE', #137, #2120 ) ;
#2819 = ORIENTED_EDGE ( 'NONE', *, *, #2485, .T. ) ;
#2820 = CARTESIAN_POINT ( 'NONE',  ( 2.050000000000001599, -7.516648189186458495, 3.149999999999998579 ) ) ;
#2821 = DIRECTION ( 'NONE',  ( 1.000000000000000000, 0.000000000000000000, -0.000000000000000000 ) ) ;
#2822 = EDGE_CURVE ( 'NONE', #363, #562, #395, .T. ) ;
#2823 = ORIENTED_EDGE ( 'NONE', *, *, #383, .T. ) ;
#2824 = CARTESIAN_POINT ( 'NONE',  ( 3.999999999999999112, -7.799999999999999822, -1.494999999999998996 ) ) ;
#2825 = DIRECTION ( 'NONE',  ( -0.7071067811865451302, -0.000000000000000000, -0.7071067811865500152 ) ) ;
#2826 = PLANE ( 'NONE',  #2290 ) ;
#2827 = CARTESIAN_POINT ( 'NONE',  ( -5.950000000000001066, 0.000000000000000000, -3.149999999999999911 ) ) ;
#2828 = ORIENTED_EDGE ( 'NONE', *, *, #1534, .T. ) ;
#2829 = FACE_OUTER_BOUND ( 'NONE', #1121, .T. ) ;
#2830 = DIRECTION ( 'NONE',  ( -0.000000000000000000, -1.000000000000000000, -0.000000000000000000 ) ) ;
#2831 = ORIENTED_EDGE ( 'NONE', *, *, #2329, .T. ) ;
#2832 = CARTESIAN_POINT ( 'NONE',  ( -1.550000000000000266, 10.90000000000000036, -2.650000000000000355 ) ) ;
#2833 = ORIENTED_EDGE ( 'NONE', *, *, #2165, .F. ) ;
#2834 = CARTESIAN_POINT ( 'NONE',  ( 3.568028846153845635, 10.89999999999999680, -2.671153846153846434 ) ) ;
#2835 = LINE ( 'NONE', #1239, #1693 ) ;
#2836 = CARTESIAN_POINT ( 'NONE',  ( 3.600000000000000533, -7.799999999999999822, -1.494999999999998774 ) ) ;
#2837 = PRESENTATION_LAYER_ASSIGNMENT (  '', '', ( #870 ) ) ;
#2838 = ORIENTED_EDGE ( 'NONE', *, *, #820, .F. ) ;
#2839 = VECTOR ( 'NONE', #3247, 1000.000000000000000 ) ;
#2840 = ADVANCED_FACE ( 'NONE', ( #1016 ), #505, .T. ) ;
#2841 = CARTESIAN_POINT ( 'NONE',  ( 3.024999999999999911, 11.09999999999999964, 1.875000000000000000 ) ) ;
#2842 = LINE ( 'NONE', #433, #3445 ) ;
#2843 = VECTOR ( 'NONE', #1802, 1000.000000000000000 ) ;
#2844 = PLANE ( 'NONE',  #834 ) ;
#2845 = CARTESIAN_POINT ( 'NONE',  ( 3.888736520970563770, 11.09999999999999432, -1.790329756374474446 ) ) ;
#2846 = ORIENTED_EDGE ( 'NONE', *, *, #817, .F. ) ;
#2847 = PLANE ( 'NONE',  #3339 ) ;
#2848 = DIRECTION ( 'NONE',  ( 0.000000000000000000, -1.000000000000000000, 0.000000000000000000 ) ) ;
#2849 = VECTOR ( 'NONE', #167, 1000.000000000000000 ) ;
#2850 = MECHANICAL_DESIGN_GEOMETRIC_PRESENTATION_REPRESENTATION (  '', ( #654 ), #1623 ) ;
#2851 = AXIS2_PLACEMENT_3D ( 'NONE', #2096, #3450, #800 ) ;
#2852 = CARTESIAN_POINT ( 'NONE',  ( 3.999999999999973355, -7.799999999999999822, 1.045000000000000373 ) ) ;
#2853 = CARTESIAN_POINT ( 'NONE',  ( -3.599999999999973443, -7.799999999999999822, -1.494999999999998996 ) ) ;
#2854 = VERTEX_POINT ( 'NONE', #2701 ) ;
#2855 = CARTESIAN_POINT ( 'NONE',  ( 3.255141073785393857, 11.09999999999999787, -0.9312192309406674973 ) ) ;
#2856 = CARTESIAN_POINT ( 'NONE',  ( 4.161613426813869587, 10.90000000000000391, -1.902782837035592145 ) ) ;
#2857 = CARTESIAN_POINT ( 'NONE',  ( 3.876406785409833855, 10.90000000000000036, -1.930197961723172373 ) ) ;
#2858 = CARTESIAN_POINT ( 'NONE',  ( 4.024790217835583661, 10.90000000000000213, -2.331873995308379133 ) ) ;
#2859 = EDGE_LOOP ( 'NONE', ( #339, #2928, #2226, #2873 ) ) ;
#2860 = EDGE_CURVE ( 'NONE', #26, #3032, #294, .T. ) ;
#2861 = DIRECTION ( 'NONE',  ( 3.854941057726239478E-15, 0.000000000000000000, 1.000000000000000000 ) ) ;
#2862 =( NAMED_UNIT ( * ) SI_UNIT ( $, .STERADIAN. ) SOLID_ANGLE_UNIT ( ) );
#2863 = CARTESIAN_POINT ( 'NONE',  ( 3.392242315915160678, 11.10000000000000497, -0.9386084911663927777 ) ) ;
#2864 = DIRECTION ( 'NONE',  ( 0.000000000000000000, 0.000000000000000000, -1.000000000000000000 ) ) ;
#2865 = ORIENTED_EDGE ( 'NONE', *, *, #1301, .F. ) ;
#2866 = EDGE_CURVE ( 'NONE', #2247, #2508, #1032, .T. ) ;
#2867 = CARTESIAN_POINT ( 'NONE',  ( -3.025000000000000355, 10.90000000000000036, -1.874999999999999556 ) ) ;
#2868 = CARTESIAN_POINT ( 'NONE',  ( -2.050000000000004263, 7.100000000000000533, -0.2500000000000000000 ) ) ;
#2869 = VERTEX_POINT ( 'NONE', #3184 ) ;
#2870 = UNCERTAINTY_MEASURE_WITH_UNIT (LENGTH_MEASURE( 1.000000000000000082E-05 ), #2364, 'distance_accuracy_value', 'NONE');
#2871 = EDGE_CURVE ( 'NONE', #3041, #2702, #1853, .T. ) ;
#2872 = LINE ( 'NONE', #2887, #2718 ) ;
#2873 = ORIENTED_EDGE ( 'NONE', *, *, #182, .T. ) ;
#2874 = DIRECTION ( 'NONE',  ( -0.000000000000000000, 1.000000000000000000, -0.000000000000000000 ) ) ;
#2875 = CARTESIAN_POINT ( 'NONE',  ( -1.549999999999998934, 3.100000000000000533, 2.649999999999994582 ) ) ;
#2876 = CARTESIAN_POINT ( 'NONE',  ( 3.765554737200912605, 10.90000000000000036, -2.240882783988970672 ) ) ;
#2877 = DIRECTION ( 'NONE',  ( 0.000000000000000000, 0.000000000000000000, -1.000000000000000000 ) ) ;
#2878 = ORIENTED_EDGE ( 'NONE', *, *, #888, .T. ) ;
#2879 = ORIENTED_EDGE ( 'NONE', *, *, #511, .T. ) ;
#2880 = DIRECTION ( 'NONE',  ( -0.000000000000000000, -1.000000000000000000, -0.000000000000000000 ) ) ;
#2881 = CARTESIAN_POINT ( 'NONE',  ( 3.889743589743589247, 24.78707656525732261, -1.715224358974358987 ) ) ;
#2882 = EDGE_CURVE ( 'NONE', #2109, #2372, #3466, .T. ) ;
#2883 = FACE_OUTER_BOUND ( 'NONE', #2412, .T. ) ;
#2884 = VERTEX_POINT ( 'NONE', #1881 ) ;
#2885 = CARTESIAN_POINT ( 'NONE',  ( 3.375000000000000000, 11.09999999999999964, 1.524999999999999911 ) ) ;
#2886 = VERTEX_POINT ( 'NONE', #2920 ) ;
#2887 = CARTESIAN_POINT ( 'NONE',  ( 3.218269230769230216, 24.78707656525732261, -2.469230769230769784 ) ) ;
#2888 = VECTOR ( 'NONE', #232, 1000.000000000000000 ) ;
#2889 = ORIENTED_EDGE ( 'NONE', *, *, #1994, .T. ) ;
#2890 = CARTESIAN_POINT ( 'NONE',  ( -2.299999999999999822, 11.09999999999999964, -1.874999999999999556 ) ) ;
#2891 = DIRECTION ( 'NONE',  ( -0.000000000000000000, 1.000000000000000000, 0.000000000000000000 ) ) ;
#2892 = CARTESIAN_POINT ( 'NONE',  ( 3.889401510046925026, 10.89999999999999858, -1.740736054152178802 ) ) ;
#2893 = FACE_OUTER_BOUND ( 'NONE', #2042, .T. ) ;
#2894 = ADVANCED_FACE ( 'NONE', ( #1350 ), #329, .T. ) ;
#2895 = ORIENTED_EDGE ( 'NONE', *, *, #2430, .F. ) ;
#2896 = PRESENTATION_LAYER_ASSIGNMENT (  '', '', ( #1429 ) ) ;
#2897 = CARTESIAN_POINT ( 'NONE',  ( 3.985114489552512129, 10.90000000000000391, -1.016175804648706826 ) ) ;
#2898 = CARTESIAN_POINT ( 'NONE',  ( -2.407692307692308464, 11.09999999999999964, 2.469230769230769784 ) ) ;
#2899 = VECTOR ( 'NONE', #1642, 1000.000000000000000 ) ;
#2900 = ORIENTED_EDGE ( 'NONE', *, *, #504, .F. ) ;
#2901 = DIRECTION ( 'NONE',  ( 0.000000000000000000, -0.000000000000000000, 1.000000000000000000 ) ) ;
#2902 = CARTESIAN_POINT ( 'NONE',  ( -1.550000000000000266, 3.100000000000000533, -2.650000000000000355 ) ) ;
#2903 = VERTEX_POINT ( 'NONE', #227 ) ;
#2904 = DIRECTION ( 'NONE',  ( 1.000000000000000000, 0.000000000000000000, 0.000000000000000000 ) ) ;
#2905 =( NAMED_UNIT ( * ) SI_UNIT ( $, .STERADIAN. ) SOLID_ANGLE_UNIT ( ) );
#2906 = ORIENTED_EDGE ( 'NONE', *, *, #476, .F. ) ;
#2907 = VECTOR ( 'NONE', #1976, 1000.000000000000000 ) ;
#2908 = PLANE ( 'NONE',  #304 ) ;
#2909 = VECTOR ( 'NONE', #2924, 1000.000000000000000 ) ;
#2910 = VECTOR ( 'NONE', #2556, 1000.000000000000000 ) ;
#2911 = ORIENTED_EDGE ( 'NONE', *, *, #295, .F. ) ;
#2912 = FACE_OUTER_BOUND ( 'NONE', #2415, .T. ) ;
#2913 = DIRECTION ( 'NONE',  ( 1.000000000000000000, 0.000000000000000000, 0.000000000000000000 ) ) ;
#2914 = DIRECTION ( 'NONE',  ( -0.7071067811865503483, 0.000000000000000000, -0.7071067811865446862 ) ) ;
#2915 = DIRECTION ( 'NONE',  ( 0.7071067811865502373, 0.000000000000000000, -0.7071067811865447972 ) ) ;
#2916 = EDGE_CURVE ( 'NONE', #2527, #2133, #1633, .T. ) ;
#2917 = ADVANCED_FACE ( 'NONE', ( #809 ), #1299, .F. ) ;
#2918 = VERTEX_POINT ( 'NONE', #2425 ) ;
#2919 = CARTESIAN_POINT ( 'NONE',  ( 3.415251350497024774, 11.10000000000000142, -0.7074662044155022311 ) ) ;
#2920 = CARTESIAN_POINT ( 'NONE',  ( 4.100000000000001421, 10.90000000000000036, 1.524999999999999911 ) ) ;
#2921 = ORIENTED_EDGE ( 'NONE', *, *, #262, .F. ) ;
#2922 = DIRECTION ( 'NONE',  ( 0.000000000000000000, 1.000000000000000000, 0.000000000000000000 ) ) ;
#2923 = DIRECTION ( 'NONE',  ( -0.000000000000000000, -0.000000000000000000, -1.000000000000000000 ) ) ;
#2924 = DIRECTION ( 'NONE',  ( 1.927470528863118556E-15, 0.000000000000000000, 1.000000000000000000 ) ) ;
#2925 = SURFACE_STYLE_FILL_AREA ( #2657 ) ;
#2926 = ORIENTED_EDGE ( 'NONE', *, *, #2968, .T. ) ;
#2927 = CARTESIAN_POINT ( 'NONE',  ( 3.323143657395597028, 11.10000000000000675, -2.467196514113906058 ) ) ;
#2928 = ORIENTED_EDGE ( 'NONE', *, *, #3203, .T. ) ;
#2929 = CARTESIAN_POINT ( 'NONE',  ( -3.869230769230770584, 11.09999999999999964, 0.7000000000000000666 ) ) ;
#2930 = DIRECTION ( 'NONE',  ( 1.927470528863118556E-15, 0.000000000000000000, 1.000000000000000000 ) ) ;
#2931 = DIRECTION ( 'NONE',  ( 0.000000000000000000, -0.000000000000000000, 1.000000000000000000 ) ) ;
#2932 = CARTESIAN_POINT ( 'NONE',  ( 2.812820512820512153, 11.09999999999999964, -0.9307692307692307931 ) ) ;
#2933 = CARTESIAN_POINT ( 'NONE',  ( 1.550000000000000266, -7.516648189186458495, -2.650000000000000799 ) ) ;
#2934 = ADVANCED_FACE ( 'NONE', ( #2132 ), #2666, .T. ) ;
#2935 = AXIS2_PLACEMENT_3D ( 'NONE', #3424, #2891, #1844 ) ;
#2936 = ORIENTED_EDGE ( 'NONE', *, *, #2822, .T. ) ;
#2937 = PLANE ( 'NONE',  #436 ) ;
#2938 = LINE ( 'NONE', #534, #1773 ) ;
#2939 = ORIENTED_EDGE ( 'NONE', *, *, #2693, .T. ) ;
#2940 = LINE ( 'NONE', #1340, #1667 ) ;
#2941 = EDGE_CURVE ( 'NONE', #640, #330, #3167, .T. ) ;
#2942 = EDGE_CURVE ( 'NONE', #2484, #143, #2649, .T. ) ;
#2943 = VECTOR ( 'NONE', #884, 1000.000000000000000 ) ;
#2944 = DIRECTION ( 'NONE',  ( 1.000000000000000000, 0.000000000000000000, -5.421010862427537947E-16 ) ) ;
#2945 = CARTESIAN_POINT ( 'NONE',  ( -2.458974358974360008, 24.78707656525732261, 0.9307692307692306821 ) ) ;
#2946 = PLANE ( 'NONE',  #1127 ) ;
#2947 = DIRECTION ( 'NONE',  ( -1.000000000000000000, 0.000000000000000000, 0.000000000000000000 ) ) ;
#2948 = AXIS2_PLACEMENT_3D ( 'NONE', #1514, #2558, #2636 ) ;
#2949 = VERTEX_POINT ( 'NONE', #1334 ) ;
#2950 = CARTESIAN_POINT ( 'NONE',  ( 0.000000000000000000, 7.100000000000000533, 0.000000000000000000 ) ) ;
#2951 = CARTESIAN_POINT ( 'NONE',  ( -3.375000000000000000, 24.78707656525732261, -2.599999999999999201 ) ) ;
#2952 = EDGE_CURVE ( 'NONE', #2160, #2755, #710, .T. ) ;
#2953 = ORIENTED_EDGE ( 'NONE', *, *, #956, .T. ) ;
#2954 = DIRECTION ( 'NONE',  ( -0.000000000000000000, -1.000000000000000000, -0.000000000000000000 ) ) ;
#2955 = PLANE ( 'NONE',  #261 ) ;
#2956 = ORIENTED_EDGE ( 'NONE', *, *, #1356, .T. ) ;
#2957 = DIRECTION ( 'NONE',  ( -0.000000000000000000, -0.000000000000000000, -1.000000000000000000 ) ) ;
#2958 = EDGE_CURVE ( 'NONE', #2276, #1198, #1713, .T. ) ;
#2959 = CARTESIAN_POINT ( 'NONE',  ( -2.050000000000004263, 10.90000000000000036, -0.2500000000000000000 ) ) ;
#2960 = DIRECTION ( 'NONE',  ( 0.000000000000000000, 1.000000000000000000, 0.000000000000000000 ) ) ;
#2961 = DIRECTION ( 'NONE',  ( 1.000000000000000000, -0.000000000000000000, 2.990902544787597606E-16 ) ) ;
#2962 = DIRECTION ( 'NONE',  ( -0.000000000000000000, 1.000000000000000000, -0.000000000000000000 ) ) ;
#2963 = AXIS2_PLACEMENT_3D ( 'NONE', #2388, #758, #1824 ) ;
#2964 = EDGE_CURVE ( 'NONE', #2949, #1960, #1393, .T. ) ;
#2965 = VERTEX_POINT ( 'NONE', #1448 ) ;
#2966 = CARTESIAN_POINT ( 'NONE',  ( 4.073395557355613761, 11.09999999999999964, -2.236990633932058437 ) ) ;
#2967 = CARTESIAN_POINT ( 'NONE',  ( 3.686097470988915159, 10.90000000000000391, -1.061309807544167816 ) ) ;
#2968 = EDGE_CURVE ( 'NONE', #2104, #3416, #3398, .T. ) ;
#2969 = ORIENTED_EDGE ( 'NONE', *, *, #3432, .T. ) ;
#2970 = CARTESIAN_POINT ( 'NONE',  ( -4.100000000000001421, 24.78707656525732261, -1.524999999999999467 ) ) ;
#2971 = CARTESIAN_POINT ( 'NONE',  ( 3.780247165281269695, 11.09999999999999787, -1.184271728614435304 ) ) ;
#2972 = LINE ( 'NONE', #2152, #3177 ) ;
#2973 = DIRECTION ( 'NONE',  ( -1.000000000000000000, 0.000000000000000000, -0.000000000000000000 ) ) ;
#2974 = LINE ( 'NONE', #1893, #594 ) ;
#2975 = FACE_OUTER_BOUND ( 'NONE', #430, .T. ) ;
#2976 = ORIENTED_EDGE ( 'NONE', *, *, #2102, .T. ) ;
#2977 = CARTESIAN_POINT ( 'NONE',  ( 3.858894230769230216, 11.09999999999999964, -2.528125000000000178 ) ) ;
#2978 = DIRECTION ( 'NONE',  ( -0.000000000000000000, -1.000000000000000000, -0.000000000000000000 ) ) ;
#2979 = CARTESIAN_POINT ( 'NONE',  ( 2.812820512820512153, 11.09999999999999964, -2.469230769230769784 ) ) ;
#2980 = ORIENTED_EDGE ( 'NONE', *, *, #833, .T. ) ;
#2981 = ORIENTED_EDGE ( 'NONE', *, *, #3127, .F. ) ;
#2982 = VECTOR ( 'NONE', #103, 1000.000000000000000 ) ;
#2983 = EDGE_CURVE ( 'NONE', #2730, #874, #2514, .T. ) ;
#2984 = CARTESIAN_POINT ( 'NONE',  ( 2.530769230769230660, 24.78707656525732261, -2.700000000000000178 ) ) ;
#2985 = CARTESIAN_POINT ( 'NONE',  ( 3.997094304411905163, 11.09999999999999964, -2.376129967985270763 ) ) ;
#2986 = ADVANCED_FACE ( 'NONE', ( #104 ), #2173, .F. ) ;
#2987 = PLANE ( 'NONE',  #530 ) ;
#2988 = ORIENTED_EDGE ( 'NONE', *, *, #2679, .T. ) ;
#2989 = CARTESIAN_POINT ( 'NONE',  ( -3.999999999999973355, -7.799999999999999822, -1.494999999999998996 ) ) ;
#2990 = CARTESIAN_POINT ( 'NONE',  ( -2.535897435897436658, 10.90000000000000036, 1.776923076923077049 ) ) ;
#2991 = EDGE_LOOP ( 'NONE', ( #3376, #1902, #3367, #959 ) ) ;
#2992 = DIRECTION ( 'NONE',  ( 1.000000000000000000, -0.000000000000000000, 0.000000000000000000 ) ) ;
#2993 = ORIENTED_EDGE ( 'NONE', *, *, #197, .F. ) ;
#2994 = ORIENTED_EDGE ( 'NONE', *, *, #3025, .T. ) ;
#2995 = DIRECTION ( 'NONE',  ( 1.000000000000000000, -0.000000000000000000, 0.000000000000000000 ) ) ;
#2996 = CARTESIAN_POINT ( 'NONE',  ( 3.999999999999973355, 0.000000000000000000, 1.045000000000000373 ) ) ;
#2997 = VECTOR ( 'NONE', #1684, 1000.000000000000000 ) ;
#2998 = EDGE_CURVE ( 'NONE', #1087, #3341, #86, .T. ) ;
#2999 = DIRECTION ( 'NONE',  ( 0.000000000000000000, 0.000000000000000000, -1.000000000000000000 ) ) ;
#3000 = SURFACE_SIDE_STYLE ('',( #2925 ) ) ;
#3001 = EDGE_CURVE ( 'NONE', #1560, #2702, #869, .T. ) ;
#3002 = ORIENTED_EDGE ( 'NONE', *, *, #1905, .F. ) ;
#3003 = CARTESIAN_POINT ( 'NONE',  ( 3.858894230769230216, 10.90000000000000391, -2.528125000000000178 ) ) ;
#3004 = CARTESIAN_POINT ( 'NONE',  ( 3.765554737200912605, 11.09999999999999787, -2.240882783988970672 ) ) ;
#3005 = VECTOR ( 'NONE', #589, 1000.000000000000000 ) ;
#3006 = COLOUR_RGB ( '',1.000000000000000000, 0.8117647058823529438, 0.5019607843137254832 ) ;
#3007 = AXIS2_PLACEMENT_3D ( 'NONE', #727, #1229, #3151 ) ;
#3008 = ADVANCED_FACE ( 'NONE', ( #1974 ), #3204, .T. ) ;
#3009 = CARTESIAN_POINT ( 'NONE',  ( -3.869230769230770584, 11.09999999999999964, 2.700000000000000178 ) ) ;
#3010 = PLANE ( 'NONE',  #3068 ) ;
#3011 = ORIENTED_EDGE ( 'NONE', *, *, #2652, .T. ) ;
#3012 = VERTEX_POINT ( 'NONE', #694 ) ;
#3013 = CARTESIAN_POINT ( 'NONE',  ( 3.548798076923076472, 10.90000000000000036, -2.427964743589743346 ) ) ;
#3014 = ORIENTED_EDGE ( 'NONE', *, *, #2137, .T. ) ;
#3015 = FACE_BOUND ( 'NONE', #2595, .T. ) ;
#3016 = PLANE ( 'NONE',  #1489 ) ;
#3017 = EDGE_LOOP ( 'NONE', ( #2468, #2209, #1943, #911 ) ) ;
#3018 = CARTESIAN_POINT ( 'NONE',  ( -3.025000000000000355, 11.09999999999999964, -1.874999999999999556 ) ) ;
#3019 = CARTESIAN_POINT ( 'NONE',  ( 4.024617230478386709, 11.09999999999999787, -1.077978688153306663 ) ) ;
#3020 = APPLICATION_PROTOCOL_DEFINITION ( 'draft international standard', 'automotive_design', 1998, #1216 ) ;
#3021 = CARTESIAN_POINT ( 'NONE',  ( 3.942788349660764968, 10.90000000000000213, -0.9614050155283653254 ) ) ;
#3022 = ORIENTED_EDGE ( 'NONE', *, *, #3365, .F. ) ;
#3023 = CARTESIAN_POINT ( 'NONE',  ( -2.050000000000004263, 7.100000000000000533, 0.2500000000000000000 ) ) ;
#3024 = CARTESIAN_POINT ( 'NONE',  ( 3.271963749032132718, 10.90000000000000213, -2.468587476016621096 ) ) ;
#3025 = EDGE_CURVE ( 'NONE', #1014, #2008, #992, .T. ) ;
#3026 = ORIENTED_EDGE ( 'NONE', *, *, #531, .F. ) ;
#3027 = LINE ( 'NONE', #2459, #3300 ) ;
#3028 =( LENGTH_UNIT ( ) NAMED_UNIT ( * ) SI_UNIT ( .MILLI., .METRE. ) );
#3029 = ORIENTED_EDGE ( 'NONE', *, *, #42, .T. ) ;
#3030 = CARTESIAN_POINT ( 'NONE',  ( 3.247115384615384404, 24.78707656525732261, -0.6999999999999999556 ) ) ;
#3031 = EDGE_CURVE ( 'NONE', #1975, #1560, #939, .T. ) ;
#3032 = VERTEX_POINT ( 'NONE', #658 ) ;
#3033 = DIRECTION ( 'NONE',  ( 0.000000000000000000, -0.000000000000000000, -1.000000000000000000 ) ) ;
#3034 = CARTESIAN_POINT ( 'NONE',  ( -2.299999999999999822, 24.78707656525732261, -1.524999999999999467 ) ) ;
#3035 = ORIENTED_EDGE ( 'NONE', *, *, #2159, .F. ) ;
#3036 = EDGE_CURVE ( 'NONE', #3242, #1960, #1222, .T. ) ;
#3037 = AXIS2_PLACEMENT_3D ( 'NONE', #2950, #1316, #259 ) ;
#3038 = DIRECTION ( 'NONE',  ( 1.927470528863118556E-15, 0.000000000000000000, 1.000000000000000000 ) ) ;
#3039 = ADVANCED_FACE ( 'NONE', ( #3118 ), #140, .F. ) ;
#3040 = CARTESIAN_POINT ( 'NONE',  ( 3.694040606428656837, 10.90000000000000391, -0.7745657103940014609 ) ) ;
#3041 = VERTEX_POINT ( 'NONE', #1524 ) ;
#3042 = LINE ( 'NONE', #2009, #1873 ) ;
#3043 = CARTESIAN_POINT ( 'NONE',  ( 3.888736520970563770, 10.90000000000000391, -1.790329756374474446 ) ) ;
#3044 = ORIENTED_EDGE ( 'NONE', *, *, #3036, .T. ) ;
#3045 = CARTESIAN_POINT ( 'NONE',  ( 2.050000000000004707, 7.100000000000000533, 0.2500000000000000000 ) ) ;
#3046 = DIRECTION ( 'NONE',  ( 0.000000000000000000, 0.000000000000000000, 1.000000000000000000 ) ) ;
#3047 = EDGE_CURVE ( 'NONE', #908, #369, #3235, .T. ) ;
#3048 = AXIS2_PLACEMENT_3D ( 'NONE', #1454, #1193, #3072 ) ;
#3049 = DIRECTION ( 'NONE',  ( 0.000000000000000000, -0.000000000000000000, 1.000000000000000000 ) ) ;
#3050 = ORIENTED_EDGE ( 'NONE', *, *, #2619, .F. ) ;
#3051 = EDGE_CURVE ( 'NONE', #143, #1967, #3408, .T. ) ;
#3052 = LINE ( 'NONE', #2235, #68 ) ;
#3053 = CARTESIAN_POINT ( 'NONE',  ( -1.549999999999999600, -7.516648189186458495, -0.2500000000000002220 ) ) ;
#3054 = ORIENTED_EDGE ( 'NONE', *, *, #2047, .T. ) ;
#3055 = AXIS2_PLACEMENT_3D ( 'NONE', #2812, #928, #1157 ) ;
#3056 = CARTESIAN_POINT ( 'NONE',  ( 4.091912122772559002, 11.09999999999999964, -1.224439025304374651 ) ) ;
#3057 =( LENGTH_UNIT ( ) NAMED_UNIT ( * ) SI_UNIT ( .MILLI., .METRE. ) );
#3058 = AXIS2_PLACEMENT_3D ( 'NONE', #1286, #1072, #2669 ) ;
#3059 = VERTEX_POINT ( 'NONE', #2836 ) ;
#3060 = CARTESIAN_POINT ( 'NONE',  ( 3.460176467659835886, 11.09999999999999787, -2.689017228444448460 ) ) ;
#3061 = ORIENTED_EDGE ( 'NONE', *, *, #1477, .T. ) ;
#3062 = FACE_OUTER_BOUND ( 'NONE', #2006, .T. ) ;
#3063 = CARTESIAN_POINT ( 'NONE',  ( 3.871758280727901624, 10.90000000000000213, -2.516828276509429418 ) ) ;
#3064 = ADVANCED_FACE ( 'NONE', ( #976 ), #3081, .T. ) ;
#3065 = ORIENTED_EDGE ( 'NONE', *, *, #1079, .F. ) ;
#3066 = DIRECTION ( 'NONE',  ( -1.000000000000000000, 0.000000000000000000, 0.000000000000000000 ) ) ;
#3067 = CARTESIAN_POINT ( 'NONE',  ( -3.999999999999973355, -7.799999999999999822, -1.044999999999998819 ) ) ;
#3068 = AXIS2_PLACEMENT_3D ( 'NONE', #1681, #1411, #1227 ) ;
#3069 = VECTOR ( 'NONE', #2278, 1000.000000000000000 ) ;
#3070 = CARTESIAN_POINT ( 'NONE',  ( 3.814749600839502097, 11.09999999999999964, -2.155295205482911758 ) ) ;
#3071 = EDGE_LOOP ( 'NONE', ( #1505, #2692, #573, #453 ) ) ;
#3072 = DIRECTION ( 'NONE',  ( -1.000000000000000000, 0.000000000000000000, -0.000000000000000000 ) ) ;
#3073 = DIRECTION ( 'NONE',  ( 0.000000000000000000, -0.000000000000000000, 1.000000000000000000 ) ) ;
#3074 = ORIENTED_EDGE ( 'NONE', *, *, #295, .T. ) ;
#3075 = EDGE_CURVE ( 'NONE', #1415, #163, #162, .T. ) ;
#3076 = CARTESIAN_POINT ( 'NONE',  ( 3.271963749032132718, 11.10000000000000675, -2.468587476016621096 ) ) ;
#3077 = CARTESIAN_POINT ( 'NONE',  ( 4.100000000000001421, 11.09999999999999964, 1.524999999999999911 ) ) ;
#3078 = ORIENTED_EDGE ( 'NONE', *, *, #2646, .T. ) ;
#3079 = CARTESIAN_POINT ( 'NONE',  ( 3.803558654875301315, 10.90000000000000568, -0.8331766423787501097 ) ) ;
#3080 = CARTESIAN_POINT ( 'NONE',  ( 3.575433909083865380, 10.90000000000000036, -0.9866775805419494283 ) ) ;
#3081 = PLANE ( 'NONE',  #1106 ) ;
#3082 = ORIENTED_EDGE ( 'NONE', *, *, #1300, .F. ) ;
#3083 = CARTESIAN_POINT ( 'NONE',  ( -3.587179487179488202, 11.09999999999999964, 0.9307692307692306821 ) ) ;
#3084 = PLANE ( 'NONE',  #242 ) ;
#3085 = LINE ( 'NONE', #962, #3195 ) ;
#3086 = DIRECTION ( 'NONE',  ( -1.000000000000000000, 0.000000000000000000, -0.000000000000000000 ) ) ;
#3087 = ORIENTED_EDGE ( 'NONE', *, *, #1879, .F. ) ;
#3088 = DIRECTION ( 'NONE',  ( -0.000000000000000000, -1.000000000000000000, -0.000000000000000000 ) ) ;
#3089 = CARTESIAN_POINT ( 'NONE',  ( 5.950000000000001066, 0.000000000000000000, 3.149999999999999911 ) ) ;
#3090 = EDGE_LOOP ( 'NONE', ( #1175, #3488, #1613, #1460, #2316, #1305, #1405, #2265 ) ) ;
#3091 = CARTESIAN_POINT ( 'NONE',  ( 4.120589349693074332, 11.09999999999999964, -1.308350841798080477 ) ) ;
#3092 = VECTOR ( 'NONE', #990, 1000.000000000000000 ) ;
#3093 = ADVANCED_FACE ( 'NONE', ( #677 ), #429, .F. ) ;
#3094 = ORIENTED_EDGE ( 'NONE', *, *, #15, .T. ) ;
#3095 = FACE_OUTER_BOUND ( 'NONE', #545, .T. ) ;
#3096 = CARTESIAN_POINT ( 'NONE',  ( 3.255141073785393857, 10.89999999999999858, -0.9312192309406674973 ) ) ;
#3097 = DIRECTION ( 'NONE',  ( -0.000000000000000000, -1.000000000000000000, -0.000000000000000000 ) ) ;
#3098 = ORIENTED_EDGE ( 'NONE', *, *, #2243, .F. ) ;
#3099 = VECTOR ( 'NONE', #1006, 1000.000000000000000 ) ;
#3100 = ORIENTED_EDGE ( 'NONE', *, *, #672, .T. ) ;
#3101 = DIRECTION ( 'NONE',  ( -1.000000000000000000, -0.000000000000000000, -0.000000000000000000 ) ) ;
#3102 = CARTESIAN_POINT ( 'NONE',  ( -4.000000000000001776, -7.799999999999999822, 1.045000000000000373 ) ) ;
#3103 = CARTESIAN_POINT ( 'NONE',  ( -3.025000000000000355, 24.78707656525732261, -0.7999999999999994893 ) ) ;
#3104 = CARTESIAN_POINT ( 'NONE',  ( 2.050000000000004707, 7.100000000000000533, -0.2500000000000000000 ) ) ;
#3105 = ORIENTED_EDGE ( 'NONE', *, *, #4, .T. ) ;
#3106 = CARTESIAN_POINT ( 'NONE',  ( -4.100000000000001421, 11.09999999999999964, -1.524999999999999467 ) ) ;
#3107 = PLANE ( 'NONE',  #1608 ) ;
#3108 = VERTEX_POINT ( 'NONE', #1557 ) ;
#3109 = VECTOR ( 'NONE', #2944, 1000.000000000000000 ) ;
#3110 = LINE ( 'NONE', #2084, #639 ) ;
#3111 = DIRECTION ( 'NONE',  ( 0.000000000000000000, -0.000000000000000000, 1.000000000000000000 ) ) ;
#3112 = VECTOR ( 'NONE', #2382, 1000.000000000000000 ) ;
#3113 = ADVANCED_FACE ( 'NONE', ( #14 ), #2645, .F. ) ;
#3114 = EDGE_LOOP ( 'NONE', ( #2939, #2911, #1831, #1036 ) ) ;
#3115 = CARTESIAN_POINT ( 'NONE',  ( 3.522859972016393559, 11.09999999999999787, -0.9659298696503936243 ) ) ;
#3116 = CARTESIAN_POINT ( 'NONE',  ( 3.599999999999973888, -7.799999999999999822, 1.045000000000000373 ) ) ;
#3117 = DIRECTION ( 'NONE',  ( -0.000000000000000000, -1.000000000000000000, -0.000000000000000000 ) ) ;
#3118 = FACE_OUTER_BOUND ( 'NONE', #3114, .T. ) ;
#3119 = COLOUR_RGB ( '',1.000000000000000000, 0.8117647058823529438, 0.5019607843137254832 ) ;
#3120 = VERTEX_POINT ( 'NONE', #2996 ) ;
#3121 = VECTOR ( 'NONE', #2874, 1000.000000000000000 ) ;
#3122 = EDGE_CURVE ( 'NONE', #3416, #2195, #1457, .T. ) ;
#3123 = VERTEX_POINT ( 'NONE', #301 ) ;
#3124 = PLANE ( 'NONE',  #3475 ) ;
#3125 = DIRECTION ( 'NONE',  ( 0.000000000000000000, 0.000000000000000000, -1.000000000000000000 ) ) ;
#3126 = CARTESIAN_POINT ( 'NONE',  ( 3.255141073785393857, 11.09999999999999787, -0.9312192309406674973 ) ) ;
#3127 = EDGE_CURVE ( 'NONE', #2133, #2572, #241, .T. ) ;
#3128 = CARTESIAN_POINT ( 'NONE',  ( 3.889743589743589247, 11.09999999999999787, -1.715224358974358987 ) ) ;
#3129 = VERTEX_POINT ( 'NONE', #2197 ) ;
#3130 = B_SPLINE_CURVE_WITH_KNOTS ( 'NONE', 3,
 ( #3323, #274, #55, #1609, #1628, #2153, #821, #610, #2487, #1063, #1875 ),
 .UNSPECIFIED., .F., .F.,
 ( 4, 1, 1, 1, 1, 1, 1, 1, 4 ),
 ( 0.000000000000000000, 0.09777309142787116159, 0.2008595583159924758, 0.3104413856836797381, 0.4278160755510520552, 0.5551683857438871605, 0.6918337433922822077, 0.8400887298374510870, 1.000000000000000000 ),
 .UNSPECIFIED. ) ;
#3131 = DIRECTION ( 'NONE',  ( 1.000000000000000000, -0.000000000000000000, 0.000000000000000000 ) ) ;
#3132 = DIRECTION ( 'NONE',  ( -1.000000000000000000, -0.000000000000000000, -0.000000000000000000 ) ) ;
#3133 = ORIENTED_EDGE ( 'NONE', *, *, #1761, .T. ) ;
#3134 = VECTOR ( 'NONE', #1258, 1000.000000000000000 ) ;
#3135 = VECTOR ( 'NONE', #3443, 1000.000000000000000 ) ;
#3136 = AXIS2_PLACEMENT_3D ( 'NONE', #2791, #168, #3086 ) ;
#3137 = DIRECTION ( 'NONE',  ( -0.000000000000000000, -0.000000000000000000, -1.000000000000000000 ) ) ;
#3138 = CARTESIAN_POINT ( 'NONE',  ( -3.375000000000000000, 10.90000000000000036, -0.7999999999999994893 ) ) ;
#3139 = VERTEX_POINT ( 'NONE', #2710 ) ;
#3140 = LINE ( 'NONE', #735, #1373 ) ;
#3141 = DIRECTION ( 'NONE',  ( -1.000000000000000000, 0.000000000000000000, 1.927470528863118556E-15 ) ) ;
#3142 = PLANE ( 'NONE',  #435 ) ;
#3143 = CARTESIAN_POINT ( 'NONE',  ( 4.171140033972502437, 10.90000000000000213, -1.776302160787451401 ) ) ;
#3144 = VECTOR ( 'NONE', #334, 1000.000000000000000 ) ;
#3145 = VERTEX_POINT ( 'NONE', #3426 ) ;
#3146 = ORIENTED_EDGE ( 'NONE', *, *, #930, .T. ) ;
#3147 = CARTESIAN_POINT ( 'NONE',  ( 3.371875137137758660, 11.09999999999999964, -2.696182417864171121 ) ) ;
#3148 = CARTESIAN_POINT ( 'NONE',  ( -2.535897435897436658, 24.78707656525732261, 1.546153846153846212 ) ) ;
#3149 = B_SPLINE_CURVE_WITH_KNOTS ( 'NONE', 3,
 ( #743, #997, #2339, #3412, #3147, #2074, #1754, #2094, #1812, #416, #147 ),
 .UNSPECIFIED., .F., .F.,
 ( 4, 1, 1, 1, 1, 1, 1, 1, 4 ),
 ( 0.000000000000000000, 0.1578909745123445452, 0.3067942516334780656, 0.4456741526256970398, 0.5756804356331876038, 0.6946314639267257007, 0.8059778052059954900, 0.9077643550505538617, 1.000000000000000000 ),
 .UNSPECIFIED. ) ;
#3150 = ADVANCED_FACE ( 'NONE', ( #1846 ), #1314, .F. ) ;
#3151 = DIRECTION ( 'NONE',  ( -1.000000000000000000, 0.000000000000000000, -0.000000000000000000 ) ) ;
#3152 = ORIENTED_EDGE ( 'NONE', *, *, #64, .T. ) ;
#3153 = CARTESIAN_POINT ( 'NONE',  ( -3.025000000000000355, 11.09999999999999964, -1.524999999999999467 ) ) ;
#3154 = DIRECTION ( 'NONE',  ( 0.7071067811865472397, 0.7071067811865479058, 0.000000000000000000 ) ) ;
#3155 = VERTEX_POINT ( 'NONE', #204 ) ;
#3156 = UNCERTAINTY_MEASURE_WITH_UNIT (LENGTH_MEASURE( 1.000000000000000082E-05 ), #680, 'distance_accuracy_value', 'NONE');
#3157 = CARTESIAN_POINT ( 'NONE',  ( 3.218269230769230216, 10.90000000000000036, -2.469230769230769784 ) ) ;
#3158 = ADVANCED_FACE ( 'NONE', ( #2893 ), #1670, .F. ) ;
#3159 = ORIENTED_EDGE ( 'NONE', *, *, #531, .T. ) ;
#3160 = CARTESIAN_POINT ( 'NONE',  ( 3.686097470988915159, 11.09999999999999964, -1.061309807544167816 ) ) ;
#3161 = CARTESIAN_POINT ( 'NONE',  ( -3.869230769230770584, 10.90000000000000036, 0.7000000000000000666 ) ) ;
#3162 = DIRECTION ( 'NONE',  ( 0.000000000000000000, 0.000000000000000000, 1.000000000000000000 ) ) ;
#3163 = CARTESIAN_POINT ( 'NONE',  ( 4.171140033972502437, 11.09999999999999964, -1.776302160787451401 ) ) ;
#3164 = EDGE_LOOP ( 'NONE', ( #1759, #2233, #2048, #1935 ) ) ;
#3165 = ORIENTED_EDGE ( 'NONE', *, *, #556, .T. ) ;
#3166 = CARTESIAN_POINT ( 'NONE',  ( 4.060627757828291884, 11.10000000000000142, -1.147204701724245934 ) ) ;
#3167 = LINE ( 'NONE', #2374, #599 ) ;
#3168 = DIRECTION ( 'NONE',  ( 9.637352644315598694E-16, -0.000000000000000000, -1.000000000000000000 ) ) ;
#3169 = LINE ( 'NONE', #765, #1934 ) ;
#3170 = ORIENTED_EDGE ( 'NONE', *, *, #1685, .T. ) ;
#3171 = DIRECTION ( 'NONE',  ( 1.000000000000000000, 0.000000000000000000, 0.000000000000000000 ) ) ;
#3172 = PLANE ( 'NONE',  #3286 ) ;
#3173 = ORIENTED_EDGE ( 'NONE', *, *, #442, .T. ) ;
#3174 = EDGE_CURVE ( 'NONE', #2274, #2488, #1388, .T. ) ;
#3175 = EDGE_CURVE ( 'NONE', #1261, #1967, #490, .T. ) ;
#3176 = LINE ( 'NONE', #2348, #183 ) ;
#3177 = VECTOR ( 'NONE', #2431, 1000.000000000000114 ) ;
#3178 = DIRECTION ( 'NONE',  ( -0.000000000000000000, -1.000000000000000000, -0.000000000000000000 ) ) ;
#3179 = LINE ( 'NONE', #3442, #2151 ) ;
#3180 = CARTESIAN_POINT ( 'NONE',  ( -3.025000000000000355, 11.09999999999999964, -0.7999999999999994893 ) ) ;
#3181 = CARTESIAN_POINT ( 'NONE',  ( 4.073395557355613761, 11.09999999999999787, -2.236990633932058437 ) ) ;
#3182 = ORIENTED_EDGE ( 'NONE', *, *, #2314, .T. ) ;
#3183 = CARTESIAN_POINT ( 'NONE',  ( 3.851958078210547143, 10.90000000000000391, -0.8704721854539849701 ) ) ;
#3184 = CARTESIAN_POINT ( 'NONE',  ( -3.375000000000000000, 10.90000000000000036, -2.600000000000000089 ) ) ;
#3185 = VECTOR ( 'NONE', #1293, 1000.000000000000000 ) ;
#3186 = CLOSED_SHELL ( 'NONE', ( #1423, #1700, #3039, #1452, #893, #1599 ) ) ;
#3187 = ORIENTED_EDGE ( 'NONE', *, *, #1400, .F. ) ;
#3188 = CARTESIAN_POINT ( 'NONE',  ( -3.375000000000000000, 24.78707656525732261, -1.874999999999999556 ) ) ;
#3189 = DIRECTION ( 'NONE',  ( 0.000000000000000000, 1.000000000000000000, 0.000000000000000000 ) ) ;
#3190 = EDGE_LOOP ( 'NONE', ( #665, #56, #1225, #2878 ) ) ;
#3191 = FACE_OUTER_BOUND ( 'NONE', #190, .T. ) ;
#3192 = FACE_OUTER_BOUND ( 'NONE', #522, .T. ) ;
#3193 = ORIENTED_EDGE ( 'NONE', *, *, #3299, .F. ) ;
#3194 = UNCERTAINTY_MEASURE_WITH_UNIT (LENGTH_MEASURE( 1.000000000000000082E-05 ), #2495, 'distance_accuracy_value', 'NONE');
#3195 = VECTOR ( 'NONE', #2611, 1000.000000000000000 ) ;
#3196 = LINE ( 'NONE', #2852, #1654 ) ;
#3197 = VECTOR ( 'NONE', #223, 1000.000000000000000 ) ;
#3198 = VECTOR ( 'NONE', #1117, 1000.000000000000000 ) ;
#3199 = ADVANCED_FACE ( 'NONE', ( #2108 ), #836, .F. ) ;
#3200 = CARTESIAN_POINT ( 'NONE',  ( -3.587179487179488202, 24.78707656525732261, 2.469230769230769784 ) ) ;
#3201 = FACE_OUTER_BOUND ( 'NONE', #342, .T. ) ;
#3202 = CARTESIAN_POINT ( 'NONE',  ( 3.889743589743589247, 10.90000000000000036, -1.715224358974358987 ) ) ;
#3203 = EDGE_CURVE ( 'NONE', #978, #171, #567, .T. ) ;
#3204 = B_SPLINE_SURFACE_WITH_KNOTS ( 'NONE', 3, 1, ( 
 ( #3317, #3296 ),
 ( #620, #576 ),
 ( #2467, #3043 ),
 ( #1646, #2716 ),
 ( #1376, #638 ),
 ( #2454, #1694 ),
 ( #2767, #891 ),
 ( #1114, #857 ),
 ( #2190, #2732 ),
 ( #49, #1937 ),
 ( #3004, #355 ),
 ( #605, #1676 ),
 ( #2747, #338 ),
 ( #1408, #409 ),
 ( #3370, #3388 ),
 ( #1807, #1482 ),
 ( #1988, #3352 ),
 ( #2587, #2046 ),
 ( #391, #1240 ) ),
 .UNSPECIFIED., .F., .F., .F.,
 ( 4, 1, 1, 1, 1, 1, 1, 1, 1, 1, 1, 1, 1, 1, 1, 1, 4 ),
 ( 2, 2 ),
 ( 0.000000000000000000, 0.09125792857114775614, 0.1774017172687081811, 0.2586939028057239076, 0.3347914606470456245, 0.4060450965974951032, 0.4735814421468779178, 0.5371871940170573900, 0.5970124112690077256, 0.6545333578100730465, 0.7092861979284388330, 0.7615179959346597416, 0.8118475490470659084, 0.8606042373546139990, 0.9078057491050457450, 0.9542592786578926178, 0.9999999999999998890 ),
 ( 0.000000000000000000, 1.000000000000000000 ),
 .UNSPECIFIED. ) ;
#3205 = ORIENTED_EDGE ( 'NONE', *, *, #1419, .F. ) ;
#3206 = CARTESIAN_POINT ( 'NONE',  ( 4.143873796072822913, 11.09999999999999609, -1.399625478182307647 ) ) ;
#3207 = CARTESIAN_POINT ( 'NONE',  ( 3.621725517846816178, 10.90000000000000036, -1.011206330709000456 ) ) ;
#3208 = ORIENTED_EDGE ( 'NONE', *, *, #3244, .F. ) ;
#3209 = DIRECTION ( 'NONE',  ( 1.000000000000000000, 0.000000000000000000, 0.000000000000000000 ) ) ;
#3210 = CARTESIAN_POINT ( 'NONE',  ( -4.100000000000001421, 11.09999999999999964, -1.874999999999999556 ) ) ;
#3211 = ORIENTED_EDGE ( 'NONE', *, *, #585, .F. ) ;
#3212 = DIRECTION ( 'NONE',  ( -1.000000000000000000, -0.000000000000000000, -0.000000000000000000 ) ) ;
#3213 = CARTESIAN_POINT ( 'NONE',  ( 3.374999999999999556, 11.09999999999999964, 1.875000000000000000 ) ) ;
#3214 = FACE_OUTER_BOUND ( 'NONE', #2090, .T. ) ;
#3215 = DIRECTION ( 'NONE',  ( 0.000000000000000000, 0.000000000000000000, -1.000000000000000000 ) ) ;
#3216 = DIRECTION ( 'NONE',  ( -1.000000000000000000, 0.000000000000000000, -0.000000000000000000 ) ) ;
#3217 = ADVANCED_FACE ( 'NONE', ( #2447 ), #1108, .T. ) ;
#3218 = CARTESIAN_POINT ( 'NONE',  ( 3.564698562715235663, 11.09999999999999787, -0.7327961543174151826 ) ) ;
#3219 = CARTESIAN_POINT ( 'NONE',  ( 3.858894230769230216, 11.10000000000000320, -2.528125000000000178 ) ) ;
#3220 = AXIS2_PLACEMENT_3D ( 'NONE', #1147, #890, #1957 ) ;
#3221 = VERTEX_POINT ( 'NONE', #2725 ) ;
#3222 = CARTESIAN_POINT ( 'NONE',  ( -3.999999999999973355, 0.000000000000000000, -1.494999999999998996 ) ) ;
#3223 = CARTESIAN_POINT ( 'NONE',  ( -1.550000000000000266, 10.90000000000000036, -2.650000000000000355 ) ) ;
#3224 = VERTEX_POINT ( 'NONE', #399 ) ;
#3225 = CARTESIAN_POINT ( 'NONE',  ( 3.999999999999973355, -7.799999999999999822, 1.045000000000000373 ) ) ;
#3226 = PRODUCT_DEFINITION_CONTEXT ( 'detailed design', #1931, 'design' ) ;
#3227 = VECTOR ( 'NONE', #931, 1000.000000000000000 ) ;
#3228 = LINE ( 'NONE', #818, #2601 ) ;
#3229 = EDGE_CURVE ( 'NONE', #2965, #3120, #910, .T. ) ;
#3230 = B_SPLINE_SURFACE_WITH_KNOTS ( 'NONE', 3, 1, ( 
 ( #3345, #402 ),
 ( #2239, #913 ),
 ( #1708, #3312 ),
 ( #651, #1458 ),
 ( #2477, #1984 ),
 ( #2523, #2004 ),
 ( #688, #1143 ),
 ( #900, #1968 ),
 ( #3076, #1476 ),
 ( #2543, #134 ),
 ( #1215, #3157 ) ),
 .UNSPECIFIED., .F., .F., .F.,
 ( 4, 1, 1, 1, 1, 1, 1, 1, 4 ),
 ( 2, 2 ),
 ( 0.000000000000000000, 0.08742501092859791822, 0.1852478649797583699, 0.2927383539894217179, 0.4112061016770249267, 0.5412455942323234348, 0.6827809385249523633, 0.8360339502048005356, 1.000000000000000000 ),
 ( 0.000000000000000000, 1.000000000000000000 ),
 .UNSPECIFIED. ) ;
#3231 = CARTESIAN_POINT ( 'NONE',  ( 1.550000000000000266, 3.100000000000000533, -2.650000000000000799 ) ) ;
#3232 = EDGE_CURVE ( 'NONE', #1237, #2080, #1455, .T. ) ;
#3233 = CARTESIAN_POINT ( 'NONE',  ( 3.742501825154680439, 11.10000000000000142, -1.123724997849970819 ) ) ;
#3234 = LINE ( 'NONE', #823, #2763 ) ;
#3235 = B_SPLINE_CURVE_WITH_KNOTS ( 'NONE', 3,
 ( #2298, #3063, #2335, #1786, #2606, #471, #2858, #957, #2570, #451, #1184, #2027, #2260, #2010, #1765, #2070, #3143, #1732, #918 ),
 .UNSPECIFIED., .F., .F.,
 ( 4, 1, 1, 1, 1, 1, 1, 1, 1, 1, 1, 1, 1, 1, 1, 1, 4 ),
 ( 0.000000000000000000, 0.05681233542270224673, 0.1138818391726265228, 0.1705330684121228735, 0.2275474391905968619, 0.2853526916966463989, 0.3437011415730503727, 0.4030002293139181568, 0.4638421051035356291, 0.5258154763422757672, 0.5889670046823934912, 0.6532705244424713564, 0.7190965893252215801, 0.7867486396200309429, 0.8557883106621368974, 0.9268358117512700556, 0.9999999999999998890 ),
 .UNSPECIFIED. ) ;
#3236 = VECTOR ( 'NONE', #1248, 1000.000000000000000 ) ;
#3237 = CARTESIAN_POINT ( 'NONE',  ( 4.024790217835583661, 10.90000000000000746, -2.331873995308379133 ) ) ;
#3238 = DIRECTION ( 'NONE',  ( -0.000000000000000000, -1.000000000000000000, -0.000000000000000000 ) ) ;
#3239 = ORIENTED_EDGE ( 'NONE', *, *, #2628, .F. ) ;
#3240 = LINE ( 'NONE', #2147, #2457 ) ;
#3241 = CARTESIAN_POINT ( 'NONE',  ( 3.813162939718458766, 10.90000000000000746, -1.252398394000925563 ) ) ;
#3242 = VERTEX_POINT ( 'NONE', #898 ) ;
#3243 = VECTOR ( 'NONE', #3314, 1000.000000000000000 ) ;
#3244 = EDGE_CURVE ( 'NONE', #2544, #296, #2215, .T. ) ;
#3245 = CARTESIAN_POINT ( 'NONE',  ( 3.413711495051569234, 11.10000000000000675, -2.459076149520702526 ) ) ;
#3246 = CARTESIAN_POINT ( 'NONE',  ( -2.050000000000004263, 7.100000000000000533, -0.2500000000000000000 ) ) ;
#3247 = DIRECTION ( 'NONE',  ( -1.000000000000000000, 0.000000000000000000, -3.097720492815730617E-16 ) ) ;
#3248 = LINE ( 'NONE', #2729, #61 ) ;
#3249 = VECTOR ( 'NONE', #1428, 1000.000000000000000 ) ;
#3250 = ORIENTED_EDGE ( 'NONE', *, *, #1061, .F. ) ;
#3251 = CARTESIAN_POINT ( 'NONE',  ( 4.024790217835583661, 11.10000000000000320, -2.331873995308379133 ) ) ;
#3252 = CARTESIAN_POINT ( 'NONE',  ( 3.323143657395597028, 10.90000000000000213, -2.467196514113906058 ) ) ;
#3253 = EDGE_CURVE ( 'NONE', #1019, #2903, #3309, .T. ) ;
#3254 = FACE_OUTER_BOUND ( 'NONE', #941, .T. ) ;
#3255 = EDGE_LOOP ( 'NONE', ( #2577, #138, #747, #854 ) ) ;
#3256 = VERTEX_POINT ( 'NONE', #3326 ) ;
#3257 = CARTESIAN_POINT ( 'NONE',  ( 4.000000000000000888, 0.000000000000000000, -1.044999999999999041 ) ) ;
#3258 = DIRECTION ( 'NONE',  ( 1.000000000000000000, 0.000000000000000000, 0.000000000000000000 ) ) ;
#3259 = DIRECTION ( 'NONE',  ( -1.000000000000000000, 0.000000000000000000, -0.000000000000000000 ) ) ;
#3260 = LINE ( 'NONE', #1371, #2034 ) ;
#3261 = EDGE_LOOP ( 'NONE', ( #1586, #1583, #1012, #687 ) ) ;
#3262 = DIRECTION ( 'NONE',  ( 1.000000000000000000, -0.000000000000000000, 4.231032868236107529E-16 ) ) ;
#3263 = DIRECTION ( 'NONE',  ( 0.7071067811865446862, 0.000000000000000000, 0.7071067811865503483 ) ) ;
#3264 = ORIENTED_EDGE ( 'NONE', *, *, #60, .T. ) ;
#3265 = DIRECTION ( 'NONE',  ( -1.000000000000000000, 0.000000000000000000, 0.000000000000000000 ) ) ;
#3266 = SURFACE_SIDE_STYLE ('',( #1649 ) ) ;
#3267 = ORIENTED_EDGE ( 'NONE', *, *, #1134, .F. ) ;
#3268 = ADVANCED_FACE ( 'NONE', ( #649 ), #3016, .F. ) ;
#3269 = ORIENTED_EDGE ( 'NONE', *, *, #643, .F. ) ;
#3270 = DIRECTION ( 'NONE',  ( -0.000000000000000000, -0.000000000000000000, -1.000000000000000000 ) ) ;
#3271 = CARTESIAN_POINT ( 'NONE',  ( -3.025000000000000355, 24.78707656525732261, -1.874999999999999556 ) ) ;
#3272 = EDGE_CURVE ( 'NONE', #1014, #2854, #1194, .T. ) ;
#3273 = ADVANCED_FACE ( 'NONE', ( #2490 ), #3363, .F. ) ;
#3274 = DIRECTION ( 'NONE',  ( -0.000000000000000000, -1.000000000000000000, -0.000000000000000000 ) ) ;
#3275 = SURFACE_STYLE_USAGE ( .BOTH. , #351 ) ;
#3276 = VERTEX_POINT ( 'NONE', #630 ) ;
#3277 = FACE_OUTER_BOUND ( 'NONE', #375, .T. ) ;
#3278 = CARTESIAN_POINT ( 'NONE',  ( 3.838175647486647080, 11.09999999999999964, -2.544562183913272158 ) ) ;
#3279 = VERTEX_POINT ( 'NONE', #347 ) ;
#3280 = CARTESIAN_POINT ( 'NONE',  ( -1.549999999999999600, 10.90000000000000036, -0.2500000000000000000 ) ) ;
#3281 =( NAMED_UNIT ( * ) SI_UNIT ( $, .STERADIAN. ) SOLID_ANGLE_UNIT ( ) );
#3282 = ORIENTED_EDGE ( 'NONE', *, *, #551, .T. ) ;
#3283 = ORIENTED_EDGE ( 'NONE', *, *, #404, .T. ) ;
#3284 = LINE ( 'NONE', #2945, #312 ) ;
#3285 = ORIENTED_EDGE ( 'NONE', *, *, #1517, .F. ) ;
#3286 = AXIS2_PLACEMENT_3D ( 'NONE', #1307, #3454, #3154 ) ;
#3287 = LINE ( 'NONE', #2474, #1601 ) ;
#3288 = DIRECTION ( 'NONE',  ( -0.7071067811865474617, 0.000000000000000000, -0.7071067811865474617 ) ) ;
#3289 = VERTEX_POINT ( 'NONE', #2017 ) ;
#3290 = VECTOR ( 'NONE', #2125, 1000.000000000000000 ) ;
#3291 = LINE ( 'NONE', #2020, #3227 ) ;
#3292 = EDGE_CURVE ( 'NONE', #169, #728, #2794, .T. ) ;
#3293 = CARTESIAN_POINT ( 'NONE',  ( 4.060627757828291884, 10.90000000000000213, -1.147204701724245934 ) ) ;
#3294 = ORIENTED_EDGE ( 'NONE', *, *, #1080, .F. ) ;
#3295 = CARTESIAN_POINT ( 'NONE',  ( 3.024999999999999911, 10.90000000000000036, 0.7999999999999999334 ) ) ;
#3296 = CARTESIAN_POINT ( 'NONE',  ( 3.889743589743589247, 10.90000000000000746, -1.715224358974358987 ) ) ;
#3297 = VECTOR ( 'NONE', #2032, 1000.000000000000000 ) ;
#3298 = COLOUR_RGB ( '',0.2509803921568627416, 0.2509803921568627416, 0.2509803921568627416 ) ;
#3299 = EDGE_CURVE ( 'NONE', #871, #421, #3343, .T. ) ;
#3300 = VECTOR ( 'NONE', #2500, 1000.000000000000000 ) ;
#3301 = CARTESIAN_POINT ( 'NONE',  ( 3.025000000000000799, 10.90000000000000036, 1.524999999999999911 ) ) ;
#3302 = CARTESIAN_POINT ( 'NONE',  ( 3.617832443443974366, 10.89999999999999858, -2.392712362754051636 ) ) ;
#3303 = ADVANCED_FACE ( 'NONE', ( #132 ), #1211, .F. ) ;
#3304 = ORIENTED_EDGE ( 'NONE', *, *, #2054, .F. ) ;
#3305 = LINE ( 'NONE', #3030, #2997 ) ;
#3306 = ORIENTED_EDGE ( 'NONE', *, *, #156, .T. ) ;
#3307 = ADVANCED_FACE ( 'NONE', ( #2776 ), #2288, .F. ) ;
#3308 = CARTESIAN_POINT ( 'NONE',  ( -3.025000000000000355, 24.78707656525732261, -1.524999999999999467 ) ) ;
#3309 = LINE ( 'NONE', #2267, #2279 ) ;
#3310 = VECTOR ( 'NONE', #425, 1000.000000000000000 ) ;
#3311 = EDGE_LOOP ( 'NONE', ( #1002, #266, #881, #3105 ) ) ;
#3312 = CARTESIAN_POINT ( 'NONE',  ( 3.520205464316288335, 10.90000000000000391, -2.438428403222760998 ) ) ;
#3313 = FILL_AREA_STYLE ('',( #2797 ) ) ;
#3314 = DIRECTION ( 'NONE',  ( -0.000000000000000000, 1.000000000000000000, -0.000000000000000000 ) ) ;
#3315 = ORIENTED_EDGE ( 'NONE', *, *, #1206, .T. ) ;
#3316 = CARTESIAN_POINT ( 'NONE',  ( 3.247115384615384404, 24.78707656525732261, -0.6999999999999999556 ) ) ;
#3317 = CARTESIAN_POINT ( 'NONE',  ( 3.889743589743589247, 11.09999999999999787, -1.715224358974358987 ) ) ;
#3318 = ADVANCED_FACE ( 'NONE', ( #2475 ), #948, .T. ) ;
#3319 = EDGE_CURVE ( 'NONE', #874, #1883, #667, .T. ) ;
#3320 = ORIENTED_EDGE ( 'NONE', *, *, #2706, .F. ) ;
#3321 = LINE ( 'NONE', #1992, #2350 ) ;
#3322 = LINE ( 'NONE', #1152, #3478 ) ;
#3323 = CARTESIAN_POINT ( 'NONE',  ( 3.697435897435897179, 11.10000000000000320, -1.072195512820512731 ) ) ;
#3324 = VERTEX_POINT ( 'NONE', #2741 ) ;
#3325 = CARTESIAN_POINT ( 'NONE',  ( 5.950000000000001066, 0.000000000000000000, -3.149999999999999911 ) ) ;
#3326 = CARTESIAN_POINT ( 'NONE',  ( -3.600000000000001421, 0.000000000000000000, 1.045000000000000373 ) ) ;
#3327 = ORIENTED_EDGE ( 'NONE', *, *, #324, .T. ) ;
#3328 = CARTESIAN_POINT ( 'NONE',  ( 3.247115384615384404, 11.09999999999999787, -0.6999999999999999556 ) ) ;
#3329 = EDGE_CURVE ( 'NONE', #742, #1664, #333, .T. ) ;
#3330 = APPLICATION_PROTOCOL_DEFINITION ( 'draft international standard', 'automotive_design', 1998, #1931 ) ;
#3331 = EDGE_CURVE ( 'NONE', #1733, #3276, #880, .T. ) ;
#3332 = ORIENTED_EDGE ( 'NONE', *, *, #2563, .F. ) ;
#3333 = CARTESIAN_POINT ( 'NONE',  ( 3.214663461538461053, 10.89999999999999680, -2.700000000000000178 ) ) ;
#3334 = CARTESIAN_POINT ( 'NONE',  ( 3.522859972016393559, 10.89999999999999680, -0.9659298696503936243 ) ) ;
#3335 = CARTESIAN_POINT ( 'NONE',  ( 2.812820512820512153, 24.78707656525732261, -0.9307692307692307931 ) ) ;
#3336 = CARTESIAN_POINT ( 'NONE',  ( 3.599999999999973888, -7.799999999999999822, 1.495000000000000551 ) ) ;
#3337 = SURFACE_STYLE_FILL_AREA ( #377 ) ;
#3338 = EDGE_CURVE ( 'NONE', #1674, #2572, #2757, .T. ) ;
#3339 = AXIS2_PLACEMENT_3D ( 'NONE', #2036, #1268, #191 ) ;
#3340 = FACE_OUTER_BOUND ( 'NONE', #473, .T. ) ;
#3341 = VERTEX_POINT ( 'NONE', #1798 ) ;
#3342 = LINE ( 'NONE', #76, #2211 ) ;
#3343 = LINE ( 'NONE', #2521, #1714 ) ;
#3344 = ORIENTED_EDGE ( 'NONE', *, *, #1889, .F. ) ;
#3345 = CARTESIAN_POINT ( 'NONE',  ( 3.548798076923076472, 11.10000000000000320, -2.427964743589743346 ) ) ;
#3346 = AXIS2_PLACEMENT_3D ( 'NONE', #1155, #2960, #3049 ) ;
#3347 = CARTESIAN_POINT ( 'NONE',  ( -3.025000000000000355, 10.90000000000000036, -1.524999999999999467 ) ) ;
#3348 = ORIENTED_EDGE ( 'NONE', *, *, #1719, .F. ) ;
#3349 = DIRECTION ( 'NONE',  ( -0.000000000000000000, -1.000000000000000000, -0.000000000000000000 ) ) ;
#3350 = VERTEX_POINT ( 'NONE', #985 ) ;
#3351 = CARTESIAN_POINT ( 'NONE',  ( 4.171794871794872073, 10.90000000000000391, -1.710817307692307665 ) ) ;
#3352 = CARTESIAN_POINT ( 'NONE',  ( 3.584178876948545867, 10.90000000000001101, -2.412554360892305017 ) ) ;
#3353 = AXIS2_PLACEMENT_3D ( 'NONE', #1128, #3263, #1166 ) ;
#3354 = FACE_BOUND ( 'NONE', #595, .T. ) ;
#3355 = DIRECTION ( 'NONE',  ( 1.000000000000000000, 0.000000000000000000, 0.000000000000000000 ) ) ;
#3356 = CARTESIAN_POINT ( 'NONE',  ( 3.522859972016393559, 11.09999999999999787, -0.9659298696503936243 ) ) ;
#3357 = ADVANCED_FACE ( 'NONE', ( #3192 ), #3107, .F. ) ;
#3358 = AXIS2_PLACEMENT_3D ( 'NONE', #2644, #2313, #3162 ) ;
#3359 = VECTOR ( 'NONE', #813, 1000.000000000000000 ) ;
#3360 = CARTESIAN_POINT ( 'NONE',  ( 0.000000000000000000, 0.000000000000000000, -3.149999999999999911 ) ) ;
#3361 = ORIENTED_EDGE ( 'NONE', *, *, #2121, .T. ) ;
#3362 = LINE ( 'NONE', #2344, #1561 ) ;
#3363 = PLANE ( 'NONE',  #1044 ) ;
#3364 = VERTEX_POINT ( 'NONE', #1232 ) ;
#3365 = EDGE_CURVE ( 'NONE', #2714, #874, #1289, .T. ) ;
#3366 = CARTESIAN_POINT ( 'NONE',  ( 3.942788349660764968, 11.09999999999999964, -0.9614050155283653254 ) ) ;
#3367 = ORIENTED_EDGE ( 'NONE', *, *, #3001, .T. ) ;
#3368 = CARTESIAN_POINT ( 'NONE',  ( -1.550000000000000266, 10.90000000000000036, -2.650000000000000355 ) ) ;
#3369 = CARTESIAN_POINT ( 'NONE',  ( 4.128068267874875907, 10.90000000000000391, -2.078338223412788732 ) ) ;
#3370 = CARTESIAN_POINT ( 'NONE',  ( 3.650086919159338805, 11.09999999999999964, -2.369281844343416488 ) ) ;
#3371 = ORIENTED_EDGE ( 'NONE', *, *, #308, .F. ) ;
#3372 = CARTESIAN_POINT ( 'NONE',  ( 3.024999999999999911, 10.90000000000000036, 2.599999999999999645 ) ) ;
#3373 = DIRECTION ( 'NONE',  ( -0.000000000000000000, 0.000000000000000000, -1.000000000000000000 ) ) ;
#3374 = CARTESIAN_POINT ( 'NONE',  ( -3.600000000000001421, -7.799999999999999822, 1.045000000000000373 ) ) ;
#3375 = FACE_OUTER_BOUND ( 'NONE', #1981, .T. ) ;
#3376 = ORIENTED_EDGE ( 'NONE', *, *, #1582, .F. ) ;
#3377 = LINE ( 'NONE', #500, #2441 ) ;
#3378 = CARTESIAN_POINT ( 'NONE',  ( -2.050000000000004263, 10.90000000000000036, 0.2500000000000000000 ) ) ;
#3379 = ORIENTED_EDGE ( 'NONE', *, *, #464, .T. ) ;
#3380 = EDGE_CURVE ( 'NONE', #1218, #2372, #730, .T. ) ;
#3381 = CARTESIAN_POINT ( 'NONE',  ( 3.888127524333389040, 10.90000000000000213, -1.608041557511499242 ) ) ;
#3382 = ADVANCED_FACE ( 'NONE', ( #2345 ), #3172, .F. ) ;
#3383 = VECTOR ( 'NONE', #2368, 1000.000000000000000 ) ;
#3384 = ORIENTED_EDGE ( 'NONE', *, *, #617, .T. ) ;
#3385 = LINE ( 'NONE', #1255, #2168 ) ;
#3386 = LINE ( 'NONE', #2820, #400 ) ;
#3387 = CARTESIAN_POINT ( 'NONE',  ( -3.869230769230770584, 10.90000000000000036, 2.700000000000000178 ) ) ;
#3388 = CARTESIAN_POINT ( 'NONE',  ( 3.650086919159338805, 10.90000000000001101, -2.369281844343416488 ) ) ;
#3389 = EDGE_CURVE ( 'NONE', #2544, #485, #749, .T. ) ;
#3390 = VECTOR ( 'NONE', #303, 1000.000000000000000 ) ;
#3391 = VERTEX_POINT ( 'NONE', #2579 ) ;
#3392 = LINE ( 'NONE', #2824, #1217 ) ;
#3393 = PLANE ( 'NONE',  #751 ) ;
#3394 = CARTESIAN_POINT ( 'NONE',  ( 3.225080128205128016, 10.90000000000000391, -0.9307692307692307931 ) ) ;
#3395 = CARTESIAN_POINT ( 'NONE',  ( -2.299999999999999822, 24.78707656525732261, -1.874999999999999556 ) ) ;
#3396 = ORIENTED_EDGE ( 'NONE', *, *, #218, .T. ) ;
#3397 = DIRECTION ( 'NONE',  ( -0.000000000000000000, 0.000000000000000000, -1.000000000000000000 ) ) ;
#3398 = B_SPLINE_CURVE_WITH_KNOTS ( 'NONE', 3,
 ( #2499, #1922, #373, #1660, #37, #3278, #323 ),
 .UNSPECIFIED., .F., .F.,
 ( 4, 1, 1, 1, 4 ),
 ( 0.000000000000000000, 0.2611948526140106530, 0.5131428079415674137, 0.7578093024478966822, 1.000000000000000000 ),
 .UNSPECIFIED. ) ;
#3399 = DIRECTION ( 'NONE',  ( 0.000000000000000000, 0.000000000000000000, -1.000000000000000000 ) ) ;
#3400 = ORIENTED_EDGE ( 'NONE', *, *, #2673, .T. ) ;
#3401 = VECTOR ( 'NONE', #1739, 1000.000000000000114 ) ;
#3402 = DIRECTION ( 'NONE',  ( -1.000000000000000000, 0.000000000000000000, 0.000000000000000000 ) ) ;
#3403 = VECTOR ( 'NONE', #768, 1000.000000000000000 ) ;
#3404 = ORIENTED_EDGE ( 'NONE', *, *, #2317, .F. ) ;
#3405 = DIRECTION ( 'NONE',  ( 0.000000000000000000, 0.000000000000000000, 1.000000000000000000 ) ) ;
#3406 = FACE_OUTER_BOUND ( 'NONE', #1520, .T. ) ;
#3407 = FACE_OUTER_BOUND ( 'NONE', #401, .T. ) ;
#3408 = LINE ( 'NONE', #3335, #718 ) ;
#3409 = EDGE_CURVE ( 'NONE', #1566, #1825, #1758, .T. ) ;
#3410 = VERTEX_POINT ( 'NONE', #1494 ) ;
#3411 = ORIENTED_EDGE ( 'NONE', *, *, #1678, .F. ) ;
#3412 = CARTESIAN_POINT ( 'NONE',  ( 3.322461343529464983, 11.10000000000000675, -2.698705397854765931 ) ) ;
#3413 = CARTESIAN_POINT ( 'NONE',  ( 3.462266912523560780, 11.10000000000000497, -0.9498855950119002856 ) ) ;
#3414 = EDGE_CURVE ( 'NONE', #2508, #1999, #461, .T. ) ;
#3415 = DIRECTION ( 'NONE',  ( -0.000000000000000000, -1.000000000000000000, -0.000000000000000000 ) ) ;
#3416 = VERTEX_POINT ( 'NONE', #2082 ) ;
#3417 = FACE_OUTER_BOUND ( 'NONE', #860, .T. ) ;
#3418 = DIRECTION ( 'NONE',  ( 0.000000000000000000, -0.000000000000000000, -1.000000000000000000 ) ) ;
#3419 = ORIENTED_EDGE ( 'NONE', *, *, #247, .F. ) ;
#3420 = VECTOR ( 'NONE', #111, 1000.000000000000000 ) ;
#3421 = LINE ( 'NONE', #1251, #586 ) ;
#3422 = ORIENTED_EDGE ( 'NONE', *, *, #344, .F. ) ;
#3423 = CARTESIAN_POINT ( 'NONE',  ( 3.214663461538461053, 24.78707656525732261, -2.700000000000000178 ) ) ;
#3424 = CARTESIAN_POINT ( 'NONE',  ( 0.000000000000000000, 0.000000000000000000, 0.000000000000000000 ) ) ;
#3425 = CARTESIAN_POINT ( 'NONE',  ( -3.869230769230770584, 11.09999999999999964, 0.7000000000000000666 ) ) ;
#3426 = CARTESIAN_POINT ( 'NONE',  ( -3.587179487179488202, 10.90000000000000036, 0.9307692307692306821 ) ) ;
#3427 = ORIENTED_EDGE ( 'NONE', *, *, #3031, .T. ) ;
#3428 = ORIENTED_EDGE ( 'NONE', *, *, #2679, .F. ) ;
#3429 = LINE ( 'NONE', #2932, #2199 ) ;
#3430 = CARTESIAN_POINT ( 'NONE',  ( 3.214663461538461053, 11.09999999999999964, -2.700000000000000178 ) ) ;
#3431 = EDGE_CURVE ( 'NONE', #2903, #3452, #481, .T. ) ;
#3432 = EDGE_CURVE ( 'NONE', #1967, #1254, #2559, .T. ) ;
#3433 = EDGE_CURVE ( 'NONE', #1688, #871, #1571, .T. ) ;
#3434 = FACE_OUTER_BOUND ( 'NONE', #3261, .T. ) ;
#3435 = CARTESIAN_POINT ( 'NONE',  ( -3.375000000000000000, 10.90000000000000036, -1.524999999999999467 ) ) ;
#3436 = ORIENTED_EDGE ( 'NONE', *, *, #810, .T. ) ;
#3437 = LINE ( 'NONE', #1815, #2888 ) ;
#3438 =( NAMED_UNIT ( * ) PLANE_ANGLE_UNIT ( ) SI_UNIT ( $, .RADIAN. ) );
#3439 = CARTESIAN_POINT ( 'NONE',  ( -3.587179487179488202, 10.90000000000000036, 0.9307692307692306821 ) ) ;
#3440 = ORIENTED_EDGE ( 'NONE', *, *, #796, .T. ) ;
#3441 = CARTESIAN_POINT ( 'NONE',  ( 2.050000000000004707, 10.90000000000000036, -0.2500000000000000000 ) ) ;
#3442 = CARTESIAN_POINT ( 'NONE',  ( 3.024999999999999911, 11.09999999999999964, 1.875000000000000000 ) ) ;
#3443 = DIRECTION ( 'NONE',  ( 1.000000000000000000, 0.000000000000000000, 0.000000000000000000 ) ) ;
#3444 = CARTESIAN_POINT ( 'NONE',  ( 3.599999999999973888, -7.799999999999999822, 1.495000000000000551 ) ) ;
#3445 = VECTOR ( 'NONE', #2052, 1000.000000000000000 ) ;
#3446 = ORIENTED_EDGE ( 'NONE', *, *, #2581, .T. ) ;
#3447 = CARTESIAN_POINT ( 'NONE',  ( 4.060627757828291884, 10.90000000000000746, -1.147204701724245934 ) ) ;
#3448 = DIRECTION ( 'NONE',  ( -1.000000000000000000, -0.000000000000000000, -0.000000000000000000 ) ) ;
#3449 = ORIENTED_EDGE ( 'NONE', *, *, #1092, .F. ) ;
#3450 = DIRECTION ( 'NONE',  ( -1.000000000000000000, 0.000000000000000000, 0.000000000000000000 ) ) ;
#3451 = CARTESIAN_POINT ( 'NONE',  ( 3.878288943335041150, 11.10000000000000497, -1.506590620034811145 ) ) ;
#3452 = VERTEX_POINT ( 'NONE', #2119 ) ;
#3453 = CARTESIAN_POINT ( 'NONE',  ( -3.375000000000000000, 24.78707656525732261, -2.599999999999999201 ) ) ;
#3454 = DIRECTION ( 'NONE',  ( 0.7071067811865479058, -0.7071067811865472397, 0.000000000000000000 ) ) ;
#3455 = ORIENTED_EDGE ( 'NONE', *, *, #672, .F. ) ;
#3456 = ADVANCED_FACE ( 'NONE', ( #192 ), #1776, .F. ) ;
#3457 = CARTESIAN_POINT ( 'NONE',  ( 3.599999999999973888, -7.799999999999999822, 1.045000000000000373 ) ) ;
#3458 = MANIFOLD_SOLID_BREP ( 'Boss-Extrude4[1]', #3468 ) ;
#3459 = VERTEX_POINT ( 'NONE', #1588 ) ;
#3460 = CARTESIAN_POINT ( 'NONE',  ( 3.889743589743589247, 10.90000000000000036, -1.715224358974358987 ) ) ;
#3461 = CARTESIAN_POINT ( 'NONE',  ( 3.025000000000000355, 11.09999999999999964, 1.524999999999999911 ) ) ;
#3462 = LINE ( 'NONE', #257, #148 ) ;
#3463 = ORIENTED_EDGE ( 'NONE', *, *, #1042, .T. ) ;
#3464 = AXIS2_PLACEMENT_3D ( 'NONE', #1269, #2848, #3418 ) ;
#3465 = CARTESIAN_POINT ( 'NONE',  ( 3.332830314730303556, 11.09999999999999787, -0.7009781573292647172 ) ) ;
#3466 = LINE ( 'NONE', #827, #374 ) ;
#3467 = AXIS2_PLACEMENT_3D ( 'NONE', #1568, #2135, #231 ) ;
#3468 = CLOSED_SHELL ( 'NONE', ( #2608, #1916, #851, #1013, #771, #2336 ) ) ;
#3469 = ORIENTED_EDGE ( 'NONE', *, *, #1959, .F. ) ;
#3470 = FACE_OUTER_BOUND ( 'NONE', #2792, .T. ) ;
#3471 = CARTESIAN_POINT ( 'NONE',  ( 3.600000000000000533, -7.799999999999999822, -1.494999999999998774 ) ) ;
#3472 = ORIENTED_EDGE ( 'NONE', *, *, #504, .T. ) ;
#3473 = LINE ( 'NONE', #1605, #271 ) ;
#3474 = MANIFOLD_SOLID_BREP ( 'Boss-Extrude4[2]', #2727 ) ;
#3475 = AXIS2_PLACEMENT_3D ( 'NONE', #2030, #1526, #1768 ) ;
#3476 = EDGE_CURVE ( 'NONE', #26, #1475, #2524, .T. ) ;
#3477 = CARTESIAN_POINT ( 'NONE',  ( -5.950000000000001066, 9.899999999999998579, 3.149999999999999911 ) ) ;
#3478 = VECTOR ( 'NONE', #3046, 1000.000000000000000 ) ;
#3479 = AXIS2_PLACEMENT_3D ( 'NONE', #664, #2864, #417 ) ;
#3480 = DIRECTION ( 'NONE',  ( -1.000000000000000000, 0.000000000000000000, -0.000000000000000000 ) ) ;
#3481 = CARTESIAN_POINT ( 'NONE',  ( -5.950000000000001066, 0.000000000000000000, 3.149999999999999911 ) ) ;
#3482 = CARTESIAN_POINT ( 'NONE',  ( -3.375000000000000000, 11.09999999999999964, -0.7999999999999994893 ) ) ;
#3483 = CARTESIAN_POINT ( 'NONE',  ( 3.631636808582659803, 10.90000000000000036, -0.7522853112251951524 ) ) ;
#3484 = CARTESIAN_POINT ( 'NONE',  ( 3.539630647044698541, 10.90000000000000036, -2.431319626449735871 ) ) ;
#3485 = ORIENTED_EDGE ( 'NONE', *, *, #726, .F. ) ;
#3486 = CARTESIAN_POINT ( 'NONE',  ( 3.680852044684721935, 11.09999999999999432, -2.342270004954176255 ) ) ;
#3487 = PLANE ( 'NONE',  #3058 ) ;
#3488 = ORIENTED_EDGE ( 'NONE', *, *, #1172, .T. ) ;
#3489 = LINE ( 'NONE', #815, #3197 ) ;
#3490 = EDGE_CURVE ( 'NONE', #330, #847, #115, .T. ) ;
#3491 = DIRECTION ( 'NONE',  ( -1.000000000000000000, -0.000000000000000000, -0.000000000000000000 ) ) ;
ENDSEC;
END-ISO-10303-21;
